{
	"providers": [
		{ "type": "bitmap", "file": "minecraft:mq_blue_text/0.png",							"ascent": 7, 	"height": 8, 	"chars": ["㼰"] },
		{ "type": "bitmap", "file": "minecraft:mq_blue_text/0_1.png",						"ascent": 7, 	"height": 8, 	"chars": ["㾝"] },
		{ "type": "bitmap", "file": "minecraft:mq_blue_text/0_side.png",					"ascent": 7, 	"height": 8, 	"chars": ["㾩"] },
		{ "type": "bitmap", "file": "minecraft:mq_blue_text/1.png",							"ascent": 7, 	"height": 8, 	"chars": ["㼱"] },
		{ "type": "bitmap", "file": "minecraft:mq_blue_text/1_1.png",						"ascent": 7, 	"height": 8, 	"chars": ["㼐"] },
		{ "type": "bitmap", "file": "minecraft:mq_blue_text/2.png",							"ascent": 7, 	"height": 8, 	"chars": ["㼲"] },
		{ "type": "bitmap", "file": "minecraft:mq_blue_text/3.png",							"ascent": 7, 	"height": 8, 	"chars": ["㼳"] },
		{ "type": "bitmap", "file": "minecraft:mq_blue_text/4.png",							"ascent": 7, 	"height": 8, 	"chars": ["㼴"] },
		{ "type": "bitmap", "file": "minecraft:mq_blue_text/5.png",							"ascent": 7, 	"height": 8, 	"chars": ["㼵"] },
		{ "type": "bitmap", "file": "minecraft:mq_blue_text/6.png",							"ascent": 7, 	"height": 8, 	"chars": ["㼶"] },
		{ "type": "bitmap", "file": "minecraft:mq_blue_text/7.png",							"ascent": 7, 	"height": 8, 	"chars": ["㼷"] },
		{ "type": "bitmap", "file": "minecraft:mq_blue_text/8.png",							"ascent": 7, 	"height": 8, 	"chars": ["㼸"] },
		{ "type": "bitmap", "file": "minecraft:mq_blue_text/9.png",							"ascent": 7, 	"height": 8, 	"chars": ["㼹"] },
		{ "type": "bitmap", "file": "minecraft:mq_blue_text/a.png",							"ascent": 7, 	"height": 8, 	"chars": ["㽁"] },
		{ "type": "bitmap", "file": "minecraft:mq_blue_text/b.png",							"ascent": 7, 	"height": 8, 	"chars": ["㽂"] },
		{ "type": "bitmap", "file": "minecraft:mq_blue_text/c.png",							"ascent": 7, 	"height": 8, 	"chars": ["㽃"] },
		{ "type": "bitmap", "file": "minecraft:mq_blue_text/d.png",							"ascent": 7, 	"height": 8, 	"chars": ["㽄"] },
		{ "type": "bitmap", "file": "minecraft:mq_blue_text/e.png",							"ascent": 7, 	"height": 8, 	"chars": ["㽅"] },
		{ "type": "bitmap", "file": "minecraft:mq_blue_text/f.png",							"ascent": 7, 	"height": 8, 	"chars": ["㽆"] },
		{ "type": "bitmap", "file": "minecraft:mq_blue_text/g.png",							"ascent": 7, 	"height": 8, 	"chars": ["㽇"] },
		{ "type": "bitmap", "file": "minecraft:mq_blue_text/h.png",							"ascent": 7, 	"height": 8, 	"chars": ["㽈"] },
		{ "type": "bitmap", "file": "minecraft:mq_blue_text/i.png",							"ascent": 7, 	"height": 8, 	"chars": ["㽉"] },
		{ "type": "bitmap", "file": "minecraft:mq_blue_text/j.png",							"ascent": 7, 	"height": 8, 	"chars": ["㽊"] },
		{ "type": "bitmap", "file": "minecraft:mq_blue_text/k.png",							"ascent": 7, 	"height": 8, 	"chars": ["㽋"] },
		{ "type": "bitmap", "file": "minecraft:mq_blue_text/l.png",							"ascent": 7, 	"height": 8, 	"chars": ["㽌"] },
		{ "type": "bitmap", "file": "minecraft:mq_blue_text/m.png",							"ascent": 7, 	"height": 8, 	"chars": ["㽍"] },
		{ "type": "bitmap", "file": "minecraft:mq_blue_text/n.png",							"ascent": 7, 	"height": 8, 	"chars": ["㽎"] },
		{ "type": "bitmap", "file": "minecraft:mq_blue_text/o.png",							"ascent": 7, 	"height": 8, 	"chars": ["㽏"] },
		{ "type": "bitmap", "file": "minecraft:mq_blue_text/p.png",							"ascent": 7, 	"height": 8, 	"chars": ["㽐"] },
		{ "type": "bitmap", "file": "minecraft:mq_blue_text/q.png",							"ascent": 7, 	"height": 8, 	"chars": ["㽑"] },
		{ "type": "bitmap", "file": "minecraft:mq_blue_text/r.png",							"ascent": 7, 	"height": 8, 	"chars": ["㽒"] },
		{ "type": "bitmap", "file": "minecraft:mq_blue_text/s.png",							"ascent": 7, 	"height": 8, 	"chars": ["㽓"] },
		{ "type": "bitmap", "file": "minecraft:mq_blue_text/t.png",							"ascent": 7, 	"height": 8, 	"chars": ["㽔"] },
		{ "type": "bitmap", "file": "minecraft:mq_blue_text/u.png",							"ascent": 7, 	"height": 8, 	"chars": ["㽕"] },
		{ "type": "bitmap", "file": "minecraft:mq_blue_text/v.png",							"ascent": 7, 	"height": 8, 	"chars": ["㽖"] },
		{ "type": "bitmap", "file": "minecraft:mq_blue_text/w.png",							"ascent": 7, 	"height": 8, 	"chars": ["㽗"] },
		{ "type": "bitmap", "file": "minecraft:mq_blue_text/x.png",							"ascent": 7, 	"height": 8, 	"chars": ["㽘"] },
		{ "type": "bitmap", "file": "minecraft:mq_blue_text/y.png",							"ascent": 7, 	"height": 8, 	"chars": ["㽙"] },
		{ "type": "bitmap", "file": "minecraft:mq_blue_text/z.png",							"ascent": 7, 	"height": 8, 	"chars": ["㽚"] },
		{ "type": "bitmap", "file": "minecraft:mq_blue_text/a_s.png",						"ascent": 7, 	"height": 8, 	"chars": ["㽡"] },
		{ "type": "bitmap", "file": "minecraft:mq_blue_text/b_s.png",						"ascent": 7, 	"height": 8, 	"chars": ["㽢"] },
		{ "type": "bitmap", "file": "minecraft:mq_blue_text/c_s.png",						"ascent": 7, 	"height": 8, 	"chars": ["㽣"] },
		{ "type": "bitmap", "file": "minecraft:mq_blue_text/d_s.png",						"ascent": 7, 	"height": 8, 	"chars": ["㽤"] },
		{ "type": "bitmap", "file": "minecraft:mq_blue_text/e_s.png",						"ascent": 7, 	"height": 8, 	"chars": ["㽥"] },
		{ "type": "bitmap", "file": "minecraft:mq_blue_text/f_s.png",						"ascent": 7, 	"height": 8, 	"chars": ["㽦"] },
		{ "type": "bitmap", "file": "minecraft:mq_blue_text/g_s.png",						"ascent": 7, 	"height": 8, 	"chars": ["㽧"] },
		{ "type": "bitmap", "file": "minecraft:mq_blue_text/h_s.png",						"ascent": 7, 	"height": 8, 	"chars": ["㽨"] },
		{ "type": "bitmap", "file": "minecraft:mq_blue_text/i_s.png",						"ascent": 7, 	"height": 8, 	"chars": ["㽩"] },
		{ "type": "bitmap", "file": "minecraft:mq_blue_text/j_s.png",						"ascent": 7, 	"height": 8, 	"chars": ["㽪"] },
		{ "type": "bitmap", "file": "minecraft:mq_blue_text/k_s.png",						"ascent": 7, 	"height": 8, 	"chars": ["㽫"] },
		{ "type": "bitmap", "file": "minecraft:mq_blue_text/l_s.png",						"ascent": 7, 	"height": 8, 	"chars": ["㽬"] },
		{ "type": "bitmap", "file": "minecraft:mq_blue_text/m_s.png",						"ascent": 7, 	"height": 8, 	"chars": ["㽭"] },
		{ "type": "bitmap", "file": "minecraft:mq_blue_text/n_s.png",						"ascent": 7, 	"height": 8, 	"chars": ["㽮"] },
		{ "type": "bitmap", "file": "minecraft:mq_blue_text/o_s.png",						"ascent": 7, 	"height": 8, 	"chars": ["㽯"] },
		{ "type": "bitmap", "file": "minecraft:mq_blue_text/p_s.png",						"ascent": 7, 	"height": 8, 	"chars": ["㽰"] },
		{ "type": "bitmap", "file": "minecraft:mq_blue_text/q_s.png",						"ascent": 7, 	"height": 8, 	"chars": ["㽱"] },
		{ "type": "bitmap", "file": "minecraft:mq_blue_text/r_s.png",						"ascent": 7, 	"height": 8, 	"chars": ["㽲"] },
		{ "type": "bitmap", "file": "minecraft:mq_blue_text/s_s.png",						"ascent": 7, 	"height": 8, 	"chars": ["㽳"] },
		{ "type": "bitmap", "file": "minecraft:mq_blue_text/t_s.png",						"ascent": 7, 	"height": 8, 	"chars": ["㽴"] },
		{ "type": "bitmap", "file": "minecraft:mq_blue_text/u_s.png",						"ascent": 7, 	"height": 8, 	"chars": ["㽵"] },
		{ "type": "bitmap", "file": "minecraft:mq_blue_text/v_s.png",						"ascent": 7, 	"height": 8, 	"chars": ["㽶"] },
		{ "type": "bitmap", "file": "minecraft:mq_blue_text/w_s.png",						"ascent": 7, 	"height": 8, 	"chars": ["㽷"] },
		{ "type": "bitmap", "file": "minecraft:mq_blue_text/x_s.png",						"ascent": 7, 	"height": 8, 	"chars": ["㽸"] },
		{ "type": "bitmap", "file": "minecraft:mq_blue_text/y_s.png",						"ascent": 7, 	"height": 8, 	"chars": ["㽹"] },
		{ "type": "bitmap", "file": "minecraft:mq_blue_text/z_s.png",						"ascent": 7, 	"height": 8, 	"chars": ["㽺"] },
		{ "type": "bitmap", "file": "minecraft:mq_blue_text/a_1.png",						"ascent": 7, 	"height": 8, 	"chars": ["㼀"] },
		{ "type": "bitmap", "file": "minecraft:mq_blue_text/a_2.png",						"ascent": 7, 	"height": 8, 	"chars": ["㼁"] },
		{ "type": "bitmap", "file": "minecraft:mq_blue_text/a_3.png",						"ascent": 7, 	"height": 8, 	"chars": ["㼂"] },
		{ "type": "bitmap", "file": "minecraft:mq_blue_text/a_4.png",						"ascent": 7, 	"height": 8, 	"chars": ["㼌"] },
		{ "type": "bitmap", "file": "minecraft:mq_blue_text/a_5.png",						"ascent": 7, 	"height": 8, 	"chars": ["㾃"] },
		{ "type": "bitmap", "file": "minecraft:mq_blue_text/a_6.png",						"ascent": 7, 	"height": 8, 	"chars": ["㾄"] },
		{ "type": "bitmap", "file": "minecraft:mq_blue_text/a_7.png",						"ascent": 7, 	"height": 8, 	"chars": ["㾅"] },
		{ "type": "bitmap", "file": "minecraft:mq_blue_text/a_8.png",						"ascent": 7, 	"height": 8, 	"chars": ["㾆"] },
		{ "type": "bitmap", "file": "minecraft:mq_blue_text/a_9.png",						"ascent": 7, 	"height": 8, 	"chars": ["㾎"] },
		{ "type": "bitmap", "file": "minecraft:mq_blue_text/a_10.png",						"ascent": 7, 	"height": 8, 	"chars": ["㾏"] },
		{ "type": "bitmap", "file": "minecraft:mq_blue_text/a_11.png",						"ascent": 7, 	"height": 8, 	"chars": ["㾠"] },
		{ "type": "bitmap", "file": "minecraft:mq_blue_text/a_underscore.png", 				"ascent": 7, 	"height": 8, 	"chars": ["㾦"] },
		{ "type": "bitmap", "file": "minecraft:mq_blue_text/c_1.png",						"ascent": 7, 	"height": 8, 	"chars": ["㾀"] },
		{ "type": "bitmap", "file": "minecraft:mq_blue_text/c_2.png",						"ascent": 7, 	"height": 8, 	"chars": ["㾇"] },
		{ "type": "bitmap", "file": "minecraft:mq_blue_text/e_1.png",						"ascent": 7, 	"height": 8, 	"chars": ["㼃"] },
		{ "type": "bitmap", "file": "minecraft:mq_blue_text/e_2.png",						"ascent": 7, 	"height": 8, 	"chars": ["㼄"] },
		{ "type": "bitmap", "file": "minecraft:mq_blue_text/e_3.png",						"ascent": 7, 	"height": 8, 	"chars": ["㼅"] },
		{ "type": "bitmap", "file": "minecraft:mq_blue_text/e_4.png",						"ascent": 7, 	"height": 8, 	"chars": ["㼘"] },
		{ "type": "bitmap", "file": "minecraft:mq_blue_text/e_5.png",						"ascent": 7, 	"height": 8, 	"chars": ["㾂"] },
		{ "type": "bitmap", "file": "minecraft:mq_blue_text/e_6.png",						"ascent": 7, 	"height": 8, 	"chars": ["㾈"] },
		{ "type": "bitmap", "file": "minecraft:mq_blue_text/e_7.png",						"ascent": 7, 	"height": 8, 	"chars": ["㾉"] },
		{ "type": "bitmap", "file": "minecraft:mq_blue_text/e_8.png",						"ascent": 7, 	"height": 8, 	"chars": ["㾊"] },
		{ "type": "bitmap", "file": "minecraft:mq_blue_text/e_9.png",						"ascent": 7, 	"height": 8, 	"chars": ["㾐"] },
		{ "type": "bitmap", "file": "minecraft:mq_blue_text/g_1.png",						"ascent": 7, 	"height": 8, 	"chars": ["㼎"] },
		{ "type": "bitmap", "file": "minecraft:mq_blue_text/i_2.png",						"ascent": 7, 	"height": 8, 	"chars": ["㼏"] },
		{ "type": "bitmap", "file": "minecraft:mq_blue_text/i_3.png",						"ascent": 7, 	"height": 8, 	"chars": ["㾋"] },
		{ "type": "bitmap", "file": "minecraft:mq_blue_text/i_4.png",						"ascent": 7, 	"height": 8, 	"chars": ["㾌"] },
		{ "type": "bitmap", "file": "minecraft:mq_blue_text/i_5.png",						"ascent": 7, 	"height": 8, 	"chars": ["㾍"] },
		{ "type": "bitmap", "file": "minecraft:mq_blue_text/i_6.png",						"ascent": 7, 	"height": 8, 	"chars": ["㾡"] },
		{ "type": "bitmap", "file": "minecraft:mq_blue_text/i_7.png",						"ascent": 7, 	"height": 8, 	"chars": ["㾭"] },
		{ "type": "bitmap", "file": "minecraft:mq_blue_text/n_1.png",						"ascent": 7, 	"height": 8, 	"chars": ["㾤"] },
		{ "type": "bitmap", "file": "minecraft:mq_blue_text/n_2.png",						"ascent": 7, 	"height": 8, 	"chars": ["㾥"] },
		{ "type": "bitmap", "file": "minecraft:mq_blue_text/o_1.png",						"ascent": 7, 	"height": 8, 	"chars": ["㼇"] },
		{ "type": "bitmap", "file": "minecraft:mq_blue_text/o_2.png",						"ascent": 7, 	"height": 8, 	"chars": ["㼈"] },
		{ "type": "bitmap", "file": "minecraft:mq_blue_text/o_3.png",						"ascent": 7, 	"height": 8, 	"chars": ["㼉"] },
		{ "type": "bitmap", "file": "minecraft:mq_blue_text/o_4.png",						"ascent": 7, 	"height": 8, 	"chars": ["㼍"] },
		{ "type": "bitmap", "file": "minecraft:mq_blue_text/o_5.png",						"ascent": 7, 	"height": 8, 	"chars": ["㾓"] },
		{ "type": "bitmap", "file": "minecraft:mq_blue_text/o_6.png",						"ascent": 7, 	"height": 8, 	"chars": ["㾔"] },
		{ "type": "bitmap", "file": "minecraft:mq_blue_text/o_7.png",						"ascent": 7, 	"height": 8, 	"chars": ["㾕"] },
		{ "type": "bitmap", "file": "minecraft:mq_blue_text/o_s_1.png",						"ascent": 7, 	"height": 8, 	"chars": ["㾛"] },
		{ "type": "bitmap", "file": "minecraft:mq_blue_text/o_underscore.png",				"ascent": 7, 	"height": 8, 	"chars": ["㾧"] },
		{ "type": "bitmap", "file": "minecraft:mq_blue_text/s_1.png",						"ascent": 7, 	"height": 8, 	"chars": ["㼓"] },
		{ "type": "bitmap", "file": "minecraft:mq_blue_text/s_2.png",						"ascent": 7, 	"height": 8, 	"chars": ["㼔"] },
		{ "type": "bitmap", "file": "minecraft:mq_blue_text/u_1.png",						"ascent": 7, 	"height": 8, 	"chars": ["㼊"] },
		{ "type": "bitmap", "file": "minecraft:mq_blue_text/u_2.png",						"ascent": 7, 	"height": 8, 	"chars": ["㾁"] },
		{ "type": "bitmap", "file": "minecraft:mq_blue_text/u_3.png",						"ascent": 7, 	"height": 8, 	"chars": ["㾖"] },
		{ "type": "bitmap", "file": "minecraft:mq_blue_text/u_4.png",						"ascent": 7, 	"height": 8, 	"chars": ["㾗"] },
		{ "type": "bitmap", "file": "minecraft:mq_blue_text/u_5.png",						"ascent": 7, 	"height": 8, 	"chars": ["㾙"] },
		{ "type": "bitmap", "file": "minecraft:mq_blue_text/u_6.png",						"ascent": 7, 	"height": 8, 	"chars": ["㾚"] },
		{ "type": "bitmap", "file": "minecraft:mq_blue_text/u_7.png",						"ascent": 7, 	"height": 8, 	"chars": ["㾣"] },
		{ "type": "bitmap", "file": "minecraft:mq_blue_text/w_1.png",						"ascent": 7, 	"height": 8, 	"chars": ["㼕"] },
		{ "type": "bitmap", "file": "minecraft:mq_blue_text/w_2.png",						"ascent": 7, 	"height": 8, 	"chars": ["㼖"] },
		{ "type": "bitmap", "file": "minecraft:mq_blue_text/y_1.png",						"ascent": 7, 	"height": 8, 	"chars": ["㾘"] },
		{ "type": "bitmap", "file": "minecraft:mq_blue_text/z_1.png",						"ascent": 7, 	"height": 8, 	"chars": ["㼗"] },
		{ "type": "bitmap", "file": "minecraft:mq_blue_text/bracket_open.png",				"ascent": 7, 	"height": 8, 	"chars": ["㼨"] },
		{ "type": "bitmap", "file": "minecraft:mq_blue_text/bracket_closed.png",			"ascent": 7, 	"height": 8, 	"chars": ["㼩"] },
		{ "type": "bitmap", "file": "minecraft:mq_blue_text/bracket_curly_open.png",		"ascent": 7, 	"height": 8, 	"chars": ["㽻"] },
		{ "type": "bitmap", "file": "minecraft:mq_blue_text/bracket_curly_closed.png",		"ascent": 7, 	"height": 8, 	"chars": ["㽽"] },
		{ "type": "bitmap", "file": "minecraft:mq_blue_text/bracket_left.png",				"ascent": 7, 	"height": 8, 	"chars": ["㼼"] },
		{ "type": "bitmap", "file": "minecraft:mq_blue_text/bracket_right.png",				"ascent": 7, 	"height": 8, 	"chars": ["㼾"] },
		{ "type": "bitmap", "file": "minecraft:mq_blue_text/bracket_top.png",				"ascent": 7, 	"height": 8, 	"chars": ["㽞"] },
		{ "type": "bitmap", "file": "minecraft:mq_blue_text/bracket_square_open.png",		"ascent": 7, 	"height": 8, 	"chars": ["㽛"] },
		{ "type": "bitmap", "file": "minecraft:mq_blue_text/bracket_square_close.png",		"ascent": 7, 	"height": 8, 	"chars": ["㽝"] },
		{ "type": "bitmap", "file": "minecraft:mq_blue_text/bracket_pattern_left.png",		"ascent": 7, 	"height": 8, 	"chars": ["㾮"] },
		{ "type": "bitmap", "file": "minecraft:mq_blue_text/bracket_pattern_right.png",		"ascent": 7, 	"height": 8, 	"chars": ["㾯"] },
		{ "type": "bitmap", "file": "minecraft:mq_blue_text/ae_1.png",						"ascent": 7, 	"height": 8, 	"chars": ["㾑"] },
		{ "type": "bitmap", "file": "minecraft:mq_blue_text/ae_2.png",						"ascent": 7, 	"height": 8, 	"chars": ["㾒"] },
		{ "type": "bitmap", "file": "minecraft:mq_blue_text/oe_1.png",						"ascent": 7, 	"height": 8, 	"chars": ["㼒"] },
		{ "type": "bitmap", "file": "minecraft:mq_blue_text/oe_2.png",						"ascent": 7, 	"height": 8, 	"chars": ["㼑"] },
		{ "type": "bitmap", "file": "minecraft:mq_blue_text/and.png",						"ascent": 7, 	"height": 8, 	"chars": ["㼦"] },
		{ "type": "bitmap", "file": "minecraft:mq_blue_text/dollar.png",					"ascent": 7, 	"height": 8, 	"chars": ["㼤"] },
		{ "type": "bitmap", "file": "minecraft:mq_blue_text/pound.png",						"ascent": 7, 	"height": 8, 	"chars": ["㾜"] },
		{ "type": "bitmap", "file": "minecraft:mq_blue_text/hashtag.png",					"ascent": 7, 	"height": 8, 	"chars": ["㼣"] },
		{ "type": "bitmap", "file": "minecraft:mq_blue_text/at.png",						"ascent": 7, 	"height": 8, 	"chars": ["㽀"] },
		{ "type": "bitmap", "file": "minecraft:mq_blue_text/slash.png",						"ascent": 7, 	"height": 8, 	"chars": ["㼯"] },
		{ "type": "bitmap", "file": "minecraft:mq_blue_text/backslash.png",					"ascent": 7, 	"height": 8, 	"chars": ["㽜"] },
		{ "type": "bitmap", "file": "minecraft:mq_blue_text/bar_left.png",					"ascent": 7, 	"height": 8, 	"chars": ["㾪"] },
		{ "type": "bitmap", "file": "minecraft:mq_blue_text/exp_mark.png",					"ascent": 7, 	"height": 8, 	"chars": ["㼡"] },
		{ "type": "bitmap", "file": "minecraft:mq_blue_text/question_mark.png",				"ascent": 7, 	"height": 8, 	"chars": ["㼿"] },
		{ "type": "bitmap", "file": "minecraft:mq_blue_text/question_mark_up.png",			"ascent": 7, 	"height": 8, 	"chars": ["㾨"] },
		{ "type": "bitmap", "file": "minecraft:mq_blue_text/percent.png",					"ascent": 7, 	"height": 8, 	"chars": ["㼥"] },
		{ "type": "bitmap", "file": "minecraft:mq_blue_text/one_half.png",					"ascent": 7, 	"height": 8, 	"chars": ["㾫"] },
		{ "type": "bitmap", "file": "minecraft:mq_blue_text/one_quarter.png",				"ascent": 7, 	"height": 8, 	"chars": ["㾬"] },
		{ "type": "bitmap", "file": "minecraft:mq_blue_text/ring_s.png",					"ascent": 7, 	"height": 8, 	"chars": ["㼋"] },
		{ "type": "bitmap", "file": "minecraft:mq_blue_text/times.png",						"ascent": 7, 	"height": 8, 	"chars": ["㼪"] },
		{ "type": "bitmap", "file": "minecraft:mq_blue_text/times_s.png",					"ascent": 7, 	"height": 8, 	"chars": ["㾞"] },
		{ "type": "bitmap", "file": "minecraft:mq_blue_text/comma.png",						"ascent": 7, 	"height": 8, 	"chars": ["㼬"] },
		{ "type": "bitmap", "file": "minecraft:mq_blue_text/period.png",					"ascent": 7, 	"height": 8, 	"chars": ["㼮"] },
		{ "type": "bitmap", "file": "minecraft:mq_blue_text/double_period.png",				"ascent": 7, 	"height": 8, 	"chars": ["㼺"] },
		{ "type": "bitmap", "file": "minecraft:mq_blue_text/period_comma.png",				"ascent": 7, 	"height": 8, 	"chars": ["㼻"] },
		{ "type": "bitmap", "file": "minecraft:mq_blue_text/plus.png",						"ascent": 7, 	"height": 8, 	"chars": ["㼫"] },
		{ "type": "bitmap", "file": "minecraft:mq_blue_text/minus.png",						"ascent": 7, 	"height": 8, 	"chars": ["㼭"] },
		{ "type": "bitmap", "file": "minecraft:mq_blue_text/equal.png",						"ascent": 7, 	"height": 8, 	"chars": ["㼽"] },
		{ "type": "bitmap", "file": "minecraft:mq_blue_text/seperator.png",					"ascent": 7, 	"height": 8, 	"chars": ["㽼"] },
		{ "type": "bitmap", "file": "minecraft:mq_blue_text/underscore.png",				"ascent": 7, 	"height": 8, 	"chars": ["㽟"] },
		{ "type": "bitmap", "file": "minecraft:mq_blue_text/wave_top.png",					"ascent": 7, 	"height": 8, 	"chars": ["㽾"] },
		{ "type": "bitmap", "file": "minecraft:mq_blue_text/quote.png",						"ascent": 7, 	"height": 8, 	"chars": ["㼢"] },
		{ "type": "bitmap", "file": "minecraft:mq_blue_text/quote_single.png",				"ascent": 7, 	"height": 8, 	"chars": ["㼧"] },
		{ "type": "bitmap", "file": "minecraft:mq_blue_text/quote_single_back.png",			"ascent": 7, 	"height": 8, 	"chars": ["㽠"] },
		{ "type": "bitmap", "file": "minecraft:mq_blue_text/box_full.png",					"ascent": 7, 	"height": 8, 	"chars": ["㿛"] },
		{ "type": "bitmap", "file": "minecraft:mq_blue_text/box_half_bottom.png",			"ascent": 7, 	"height": 8, 	"chars": ["㿜"] },
		{ "type": "bitmap", "file": "minecraft:mq_blue_text/box_half_left.png",				"ascent": 7, 	"height": 8, 	"chars": ["㿝"] },
		{ "type": "bitmap", "file": "minecraft:mq_blue_text/box_half_right.png",			"ascent": 7, 	"height": 8, 	"chars": ["㿞"] },
		{ "type": "bitmap", "file": "minecraft:mq_blue_text/box_half_top.png",				"ascent": 7, 	"height": 8, 	"chars": ["㿟"] },
		{ "type": "bitmap", "file": "minecraft:mq_blue_text/formula.png",					"ascent": 7, 	"height": 8, 	"chars": ["㾟"] },
		{ "type": "bitmap", "file": "minecraft:mq_blue_text/formula_icon_1.png",			"ascent": 7, 	"height": 8, 	"chars": ["㿠"] },
		{ "type": "bitmap", "file": "minecraft:mq_blue_text/formula_icon_2.png",			"ascent": 7, 	"height": 8, 	"chars": ["㿡"] },
		{ "type": "bitmap", "file": "minecraft:mq_blue_text/formula_icon_3.png",			"ascent": 7, 	"height": 8, 	"chars": ["㿢"] },
		{ "type": "bitmap", "file": "minecraft:mq_blue_text/formula_icon_4.png",			"ascent": 7, 	"height": 8, 	"chars": ["㿣"] },
		{ "type": "bitmap", "file": "minecraft:mq_blue_text/formula_icon_5.png",			"ascent": 7, 	"height": 8, 	"chars": ["㿤"] },
		{ "type": "bitmap", "file": "minecraft:mq_blue_text/formula_icon_6.png",			"ascent": 7, 	"height": 8, 	"chars": ["㿥"] },
		{ "type": "bitmap", "file": "minecraft:mq_blue_text/formula_icon_7.png",			"ascent": 7, 	"height": 8, 	"chars": ["㿦"] },
		{ "type": "bitmap", "file": "minecraft:mq_blue_text/formula_icon_8.png",			"ascent": 7, 	"height": 8, 	"chars": ["㿧"] },
		{ "type": "bitmap", "file": "minecraft:mq_blue_text/formula_icon_9.png",			"ascent": 7, 	"height": 8, 	"chars": ["㿨"] },
		{ "type": "bitmap", "file": "minecraft:mq_blue_text/formula_icon_10.png",			"ascent": 7, 	"height": 8, 	"chars": ["㿩"] },
		{ "type": "bitmap", "file": "minecraft:mq_blue_text/formula_icon_11.png",			"ascent": 7, 	"height": 8, 	"chars": ["㿪"] },
		{ "type": "bitmap", "file": "minecraft:mq_blue_text/formula_icon_12.png",			"ascent": 7, 	"height": 8, 	"chars": ["㿫"] },
		{ "type": "bitmap", "file": "minecraft:mq_blue_text/formula_icon_13.png",			"ascent": 7, 	"height": 8, 	"chars": ["㿬"] },
		{ "type": "bitmap", "file": "minecraft:mq_blue_text/formula_icon_14.png",			"ascent": 7, 	"height": 8, 	"chars": ["㿭"] },
		{ "type": "bitmap", "file": "minecraft:mq_blue_text/formula_icon_15.png",			"ascent": 7, 	"height": 8, 	"chars": ["㿮"] },
		{ "type": "bitmap", "file": "minecraft:mq_blue_text/formula_icon_16.png",			"ascent": 7, 	"height": 8, 	"chars": ["㿯"] },
		{ "type": "bitmap", "file": "minecraft:mq_blue_text/formula_icon_17.png",			"ascent": 7, 	"height": 8, 	"chars": ["㿰"] },
		{ "type": "bitmap", "file": "minecraft:mq_blue_text/formula_icon_18.png",			"ascent": 7, 	"height": 8, 	"chars": ["㿱"] },
		{ "type": "bitmap", "file": "minecraft:mq_blue_text/formula_icon_19.png",			"ascent": 7, 	"height": 8, 	"chars": ["㿲"] },
		{ "type": "bitmap", "file": "minecraft:mq_blue_text/formula_icon_20.png",			"ascent": 7, 	"height": 8, 	"chars": ["㿳"] },
		{ "type": "bitmap", "file": "minecraft:mq_blue_text/formula_icon_21.png",			"ascent": 7, 	"height": 8, 	"chars": ["㿴"] },
		{ "type": "bitmap", "file": "minecraft:mq_blue_text/formula_icon_22.png",			"ascent": 7, 	"height": 8, 	"chars": ["㿵"] },
		{ "type": "bitmap", "file": "minecraft:mq_blue_text/formula_icon_23.png",			"ascent": 7, 	"height": 8, 	"chars": ["㿶"] },
		{ "type": "bitmap", "file": "minecraft:mq_blue_text/formula_icon_24.png",			"ascent": 7, 	"height": 8, 	"chars": ["㿷"] },
		{ "type": "bitmap", "file": "minecraft:mq_blue_text/formula_icon_25.png",			"ascent": 7, 	"height": 8, 	"chars": ["㿸"] },
		{ "type": "bitmap", "file": "minecraft:mq_blue_text/formula_icon_26.png",			"ascent": 7, 	"height": 8, 	"chars": ["㿹"] },
		{ "type": "bitmap", "file": "minecraft:mq_blue_text/formula_icon_27.png",			"ascent": 7, 	"height": 8, 	"chars": ["㿺"] },
		{ "type": "bitmap", "file": "minecraft:mq_blue_text/formula_icon_28.png",			"ascent": 7, 	"height": 8, 	"chars": ["㿻"] },
		{ "type": "bitmap", "file": "minecraft:mq_blue_text/formula_icon_29.png",			"ascent": 7, 	"height": 8, 	"chars": ["㿼"] },
		{ "type": "bitmap", "file": "minecraft:mq_blue_text/formula_icon_30.png",			"ascent": 7, 	"height": 8, 	"chars": ["㿽"] },
		{ "type": "bitmap", "file": "minecraft:mq_blue_text/formula_icon_31.png",			"ascent": 7, 	"height": 8, 	"chars": ["㿾"] },
		{ "type": "bitmap", "file": "minecraft:mq_blue_text/house.png",						"ascent": 7, 	"height": 8, 	"chars": ["㽿"] },
		{ "type": "bitmap", "file": "minecraft:mq_blue_text/pattern_1.png",					"ascent": 7, 	"height": 8, 	"chars": ["㾰"] },
		{ "type": "bitmap", "file": "minecraft:mq_blue_text/pattern_2.png",					"ascent": 7, 	"height": 8, 	"chars": ["㾱"] },
		{ "type": "bitmap", "file": "minecraft:mq_blue_text/pattern_3.png",					"ascent": 7, 	"height": 8, 	"chars": ["㾲"] },
		{ "type": "bitmap", "file": "minecraft:mq_blue_text/stripe_1.png",					"ascent": 7, 	"height": 8, 	"chars": ["㾳"] },
		{ "type": "bitmap", "file": "minecraft:mq_blue_text/stripe_2.png",					"ascent": 7, 	"height": 8, 	"chars": ["㾴"] },
		{ "type": "bitmap", "file": "minecraft:mq_blue_text/stripe_3.png",					"ascent": 7, 	"height": 8, 	"chars": ["㾵"] },
		{ "type": "bitmap", "file": "minecraft:mq_blue_text/stripe_4.png",					"ascent": 7, 	"height": 8, 	"chars": ["㾶"] },
		{ "type": "bitmap", "file": "minecraft:mq_blue_text/stripe_5.png",					"ascent": 7, 	"height": 8, 	"chars": ["㾷"] },
		{ "type": "bitmap", "file": "minecraft:mq_blue_text/stripe_6.png",					"ascent": 7, 	"height": 8, 	"chars": ["㾸"] },
		{ "type": "bitmap", "file": "minecraft:mq_blue_text/stripe_7.png",					"ascent": 7, 	"height": 8, 	"chars": ["㾹"] },
		{ "type": "bitmap", "file": "minecraft:mq_blue_text/stripe_8.png",					"ascent": 7, 	"height": 8, 	"chars": ["㾺"] },
		{ "type": "bitmap", "file": "minecraft:mq_blue_text/stripe_9.png",					"ascent": 7, 	"height": 8, 	"chars": ["㾻"] },
		{ "type": "bitmap", "file": "minecraft:mq_blue_text/stripe_10.png",					"ascent": 7, 	"height": 8, 	"chars": ["㾼"] },
		{ "type": "bitmap", "file": "minecraft:mq_blue_text/stripe_11.png",					"ascent": 7, 	"height": 8, 	"chars": ["㾽"] },
		{ "type": "bitmap", "file": "minecraft:mq_blue_text/stripe_12.png",					"ascent": 7, 	"height": 8, 	"chars": ["㾾"] },
		{ "type": "bitmap", "file": "minecraft:mq_blue_text/stripe_13.png",					"ascent": 7, 	"height": 8, 	"chars": ["㾿"] },
		{ "type": "bitmap", "file": "minecraft:mq_blue_text/stripe_14.png",					"ascent": 7, 	"height": 8, 	"chars": ["㿀"] },
		{ "type": "bitmap", "file": "minecraft:mq_blue_text/stripe_15.png",					"ascent": 7, 	"height": 8, 	"chars": ["㿁"] },
		{ "type": "bitmap", "file": "minecraft:mq_blue_text/stripe_16.png",					"ascent": 7, 	"height": 8, 	"chars": ["㿂"] },
		{ "type": "bitmap", "file": "minecraft:mq_blue_text/stripe_17.png",					"ascent": 7, 	"height": 8, 	"chars": ["㿃"] },
		{ "type": "bitmap", "file": "minecraft:mq_blue_text/stripe_18.png",					"ascent": 7, 	"height": 8, 	"chars": ["㿄"] },
		{ "type": "bitmap", "file": "minecraft:mq_blue_text/stripe_19.png",					"ascent": 7, 	"height": 8, 	"chars": ["㿅"] },
		{ "type": "bitmap", "file": "minecraft:mq_blue_text/stripe_20.png",					"ascent": 7, 	"height": 8, 	"chars": ["㿆"] },
		{ "type": "bitmap", "file": "minecraft:mq_blue_text/stripe_21.png",					"ascent": 7, 	"height": 8, 	"chars": ["㿇"] },
		{ "type": "bitmap", "file": "minecraft:mq_blue_text/stripe_22.png",					"ascent": 7, 	"height": 8, 	"chars": ["㿈"] },
		{ "type": "bitmap", "file": "minecraft:mq_blue_text/stripe_23.png",					"ascent": 7, 	"height": 8, 	"chars": ["㿉"] },
		{ "type": "bitmap", "file": "minecraft:mq_blue_text/stripe_24.png",					"ascent": 7, 	"height": 8, 	"chars": ["㿊"] },
		{ "type": "bitmap", "file": "minecraft:mq_blue_text/stripe_25.png",					"ascent": 7, 	"height": 8, 	"chars": ["㿋"] },
		{ "type": "bitmap", "file": "minecraft:mq_blue_text/stripe_26.png",					"ascent": 7, 	"height": 8, 	"chars": ["㿌"] },
		{ "type": "bitmap", "file": "minecraft:mq_blue_text/stripe_27.png",					"ascent": 7, 	"height": 8, 	"chars": ["㿍"] },
		{ "type": "bitmap", "file": "minecraft:mq_blue_text/stripe_28.png",					"ascent": 7, 	"height": 8, 	"chars": ["㿎"] },
		{ "type": "bitmap", "file": "minecraft:mq_blue_text/stripe_29.png",					"ascent": 7, 	"height": 8, 	"chars": ["㿏"] },
		{ "type": "bitmap", "file": "minecraft:mq_blue_text/stripe_30.png",					"ascent": 7, 	"height": 8, 	"chars": ["㿐"] },
		{ "type": "bitmap", "file": "minecraft:mq_blue_text/stripe_31.png",					"ascent": 7, 	"height": 8, 	"chars": ["㿑"] },
		{ "type": "bitmap", "file": "minecraft:mq_blue_text/stripe_32.png",					"ascent": 7, 	"height": 8, 	"chars": ["㿒"] },
		{ "type": "bitmap", "file": "minecraft:mq_blue_text/stripe_33.png",					"ascent": 7, 	"height": 8, 	"chars": ["㿓"] },
		{ "type": "bitmap", "file": "minecraft:mq_blue_text/stripe_34.png",					"ascent": 7, 	"height": 8, 	"chars": ["㿔"] },
		{ "type": "bitmap", "file": "minecraft:mq_blue_text/stripe_35.png",					"ascent": 7, 	"height": 8, 	"chars": ["㿕"] },
		{ "type": "bitmap", "file": "minecraft:mq_blue_text/stripe_36.png",					"ascent": 7, 	"height": 8, 	"chars": ["㿖"] },
		{ "type": "bitmap", "file": "minecraft:mq_blue_text/stripe_37.png",					"ascent": 7, 	"height": 8, 	"chars": ["㿗"] },
		{ "type": "bitmap", "file": "minecraft:mq_blue_text/stripe_38.png",					"ascent": 7, 	"height": 8, 	"chars": ["㿘"] },
		{ "type": "bitmap", "file": "minecraft:mq_blue_text/stripe_39.png",					"ascent": 7, 	"height": 8, 	"chars": ["㿙"] },
		{ "type": "bitmap", "file": "minecraft:mq_blue_text/stripe_40.png",					"ascent": 7, 	"height": 8, 	"chars": ["㿚"] },
		
		
		{ "type": "bitmap", "file": "minecraft:mq_red_text/0.png",							"ascent": 7, 	"height": 8, 	"chars": ["Ｐ"] },
		{ "type": "bitmap", "file": "minecraft:mq_red_text/0_1.png",						"ascent": 7, 	"height": 8, 	"chars": ["ﾝ"] },
		{ "type": "bitmap", "file": "minecraft:mq_red_text/0_side.png",						"ascent": 7, 	"height": 8, 	"chars": ["ﾩ"] },
		{ "type": "bitmap", "file": "minecraft:mq_red_text/1.png",							"ascent": 7, 	"height": 8, 	"chars": ["Ｑ"] },
		{ "type": "bitmap", "file": "minecraft:mq_red_text/1_1.png",						"ascent": 7, 	"height": 8, 	"chars": ["０"] },
		{ "type": "bitmap", "file": "minecraft:mq_red_text/2.png",							"ascent": 7, 	"height": 8, 	"chars": ["Ｒ"] },
		{ "type": "bitmap", "file": "minecraft:mq_red_text/3.png",							"ascent": 7, 	"height": 8, 	"chars": ["Ｓ"] },
		{ "type": "bitmap", "file": "minecraft:mq_red_text/4.png",							"ascent": 7, 	"height": 8, 	"chars": ["Ｔ"] },
		{ "type": "bitmap", "file": "minecraft:mq_red_text/5.png",							"ascent": 7, 	"height": 8, 	"chars": ["Ｕ"] },
		{ "type": "bitmap", "file": "minecraft:mq_red_text/6.png",							"ascent": 7, 	"height": 8, 	"chars": ["Ｖ"] },
		{ "type": "bitmap", "file": "minecraft:mq_red_text/7.png",							"ascent": 7, 	"height": 8, 	"chars": ["Ｗ"] },
		{ "type": "bitmap", "file": "minecraft:mq_red_text/8.png",							"ascent": 7, 	"height": 8, 	"chars": ["Ｘ"] },
		{ "type": "bitmap", "file": "minecraft:mq_red_text/9.png",							"ascent": 7, 	"height": 8, 	"chars": ["Ｙ"] },
		{ "type": "bitmap", "file": "minecraft:mq_red_text/a.png",							"ascent": 7, 	"height": 8, 	"chars": ["ａ"] },
		{ "type": "bitmap", "file": "minecraft:mq_red_text/b.png",							"ascent": 7, 	"height": 8, 	"chars": ["ｂ"] },
		{ "type": "bitmap", "file": "minecraft:mq_red_text/c.png",							"ascent": 7, 	"height": 8, 	"chars": ["ｃ"] },
		{ "type": "bitmap", "file": "minecraft:mq_red_text/d.png",							"ascent": 7, 	"height": 8, 	"chars": ["ｄ"] },
		{ "type": "bitmap", "file": "minecraft:mq_red_text/e.png",							"ascent": 7, 	"height": 8, 	"chars": ["ｅ"] },
		{ "type": "bitmap", "file": "minecraft:mq_red_text/f.png",							"ascent": 7, 	"height": 8, 	"chars": ["ｆ"] },
		{ "type": "bitmap", "file": "minecraft:mq_red_text/g.png",							"ascent": 7, 	"height": 8, 	"chars": ["ｇ"] },
		{ "type": "bitmap", "file": "minecraft:mq_red_text/h.png",							"ascent": 7, 	"height": 8, 	"chars": ["ｈ"] },
		{ "type": "bitmap", "file": "minecraft:mq_red_text/i.png",							"ascent": 7, 	"height": 8, 	"chars": ["ｉ"] },
		{ "type": "bitmap", "file": "minecraft:mq_red_text/j.png",							"ascent": 7, 	"height": 8, 	"chars": ["ｊ"] },
		{ "type": "bitmap", "file": "minecraft:mq_red_text/k.png",							"ascent": 7, 	"height": 8, 	"chars": ["ｋ"] },
		{ "type": "bitmap", "file": "minecraft:mq_red_text/l.png",							"ascent": 7, 	"height": 8, 	"chars": ["ｌ"] },
		{ "type": "bitmap", "file": "minecraft:mq_red_text/m.png",							"ascent": 7, 	"height": 8, 	"chars": ["ｍ"] },
		{ "type": "bitmap", "file": "minecraft:mq_red_text/n.png",							"ascent": 7, 	"height": 8, 	"chars": ["ｎ"] },
		{ "type": "bitmap", "file": "minecraft:mq_red_text/o.png",							"ascent": 7, 	"height": 8, 	"chars": ["ｏ"] },
		{ "type": "bitmap", "file": "minecraft:mq_red_text/p.png",							"ascent": 7, 	"height": 8, 	"chars": ["ｐ"] },
		{ "type": "bitmap", "file": "minecraft:mq_red_text/q.png",							"ascent": 7, 	"height": 8, 	"chars": ["ｑ"] },
		{ "type": "bitmap", "file": "minecraft:mq_red_text/r.png",							"ascent": 7, 	"height": 8, 	"chars": ["ｒ"] },
		{ "type": "bitmap", "file": "minecraft:mq_red_text/s.png",							"ascent": 7, 	"height": 8, 	"chars": ["ｓ"] },
		{ "type": "bitmap", "file": "minecraft:mq_red_text/t.png",							"ascent": 7, 	"height": 8, 	"chars": ["ｔ"] },
		{ "type": "bitmap", "file": "minecraft:mq_red_text/u.png",							"ascent": 7, 	"height": 8, 	"chars": ["ｕ"] },
		{ "type": "bitmap", "file": "minecraft:mq_red_text/v.png",							"ascent": 7, 	"height": 8, 	"chars": ["ｖ"] },
		{ "type": "bitmap", "file": "minecraft:mq_red_text/w.png",							"ascent": 7, 	"height": 8, 	"chars": ["ｗ"] },
		{ "type": "bitmap", "file": "minecraft:mq_red_text/x.png",							"ascent": 7, 	"height": 8, 	"chars": ["ｘ"] },
		{ "type": "bitmap", "file": "minecraft:mq_red_text/y.png",							"ascent": 7, 	"height": 8, 	"chars": ["ｙ"] },
		{ "type": "bitmap", "file": "minecraft:mq_red_text/z.png",							"ascent": 7, 	"height": 8, 	"chars": ["ｚ"] },
		{ "type": "bitmap", "file": "minecraft:mq_red_text/a_s.png",						"ascent": 7, 	"height": 8, 	"chars": ["｡"] },
		{ "type": "bitmap", "file": "minecraft:mq_red_text/b_s.png",						"ascent": 7, 	"height": 8, 	"chars": ["｢"] },
		{ "type": "bitmap", "file": "minecraft:mq_red_text/c_s.png",						"ascent": 7, 	"height": 8, 	"chars": ["｣"] },
		{ "type": "bitmap", "file": "minecraft:mq_red_text/d_s.png",						"ascent": 7, 	"height": 8, 	"chars": ["､"] },
		{ "type": "bitmap", "file": "minecraft:mq_red_text/e_s.png",						"ascent": 7, 	"height": 8, 	"chars": ["･"] },
		{ "type": "bitmap", "file": "minecraft:mq_red_text/f_s.png",						"ascent": 7, 	"height": 8, 	"chars": ["ｦ"] },
		{ "type": "bitmap", "file": "minecraft:mq_red_text/g_s.png",						"ascent": 7, 	"height": 8, 	"chars": ["ｧ"] },
		{ "type": "bitmap", "file": "minecraft:mq_red_text/h_s.png",						"ascent": 7, 	"height": 8, 	"chars": ["ｨ"] },
		{ "type": "bitmap", "file": "minecraft:mq_red_text/i_s.png",						"ascent": 7, 	"height": 8, 	"chars": ["ｩ"] },
		{ "type": "bitmap", "file": "minecraft:mq_red_text/j_s.png",						"ascent": 7, 	"height": 8, 	"chars": ["ｪ"] },
		{ "type": "bitmap", "file": "minecraft:mq_red_text/k_s.png",						"ascent": 7, 	"height": 8, 	"chars": ["ｫ"] },
		{ "type": "bitmap", "file": "minecraft:mq_red_text/l_s.png",						"ascent": 7, 	"height": 8, 	"chars": ["ｬ"] },
		{ "type": "bitmap", "file": "minecraft:mq_red_text/m_s.png",						"ascent": 7, 	"height": 8, 	"chars": ["ｭ"] },
		{ "type": "bitmap", "file": "minecraft:mq_red_text/n_s.png",						"ascent": 7, 	"height": 8, 	"chars": ["ｮ"] },
		{ "type": "bitmap", "file": "minecraft:mq_red_text/o_s.png",						"ascent": 7, 	"height": 8, 	"chars": ["ｯ"] },
		{ "type": "bitmap", "file": "minecraft:mq_red_text/p_s.png",						"ascent": 7, 	"height": 8, 	"chars": ["ｰ"] },
		{ "type": "bitmap", "file": "minecraft:mq_red_text/q_s.png",						"ascent": 7, 	"height": 8, 	"chars": ["ｱ"] },
		{ "type": "bitmap", "file": "minecraft:mq_red_text/r_s.png",						"ascent": 7, 	"height": 8, 	"chars": ["ｲ"] },
		{ "type": "bitmap", "file": "minecraft:mq_red_text/s_s.png",						"ascent": 7, 	"height": 8, 	"chars": ["ｳ"] },
		{ "type": "bitmap", "file": "minecraft:mq_red_text/t_s.png",						"ascent": 7, 	"height": 8, 	"chars": ["ｴ"] },
		{ "type": "bitmap", "file": "minecraft:mq_red_text/u_s.png",						"ascent": 7, 	"height": 8, 	"chars": ["ｵ"] },
		{ "type": "bitmap", "file": "minecraft:mq_red_text/v_s.png",						"ascent": 7, 	"height": 8, 	"chars": ["ｶ"] },
		{ "type": "bitmap", "file": "minecraft:mq_red_text/w_s.png",						"ascent": 7, 	"height": 8, 	"chars": ["ｷ"] },
		{ "type": "bitmap", "file": "minecraft:mq_red_text/x_s.png",						"ascent": 7, 	"height": 8, 	"chars": ["ｸ"] },
		{ "type": "bitmap", "file": "minecraft:mq_red_text/y_s.png",						"ascent": 7, 	"height": 8, 	"chars": ["ｹ"] },
		{ "type": "bitmap", "file": "minecraft:mq_red_text/z_s.png",						"ascent": 7, 	"height": 8, 	"chars": ["ｺ"] },		
		{ "type": "bitmap", "file": "minecraft:mq_red_text/a_1.png",						"ascent": 7, 	"height": 8, 	"chars": ["＀"] },
		{ "type": "bitmap", "file": "minecraft:mq_red_text/a_2.png",						"ascent": 7, 	"height": 8, 	"chars": ["！"] },
		{ "type": "bitmap", "file": "minecraft:mq_red_text/a_3.png",						"ascent": 7, 	"height": 8, 	"chars": ["＂"] },
		{ "type": "bitmap", "file": "minecraft:mq_red_text/a_4.png",						"ascent": 7, 	"height": 8, 	"chars": ["，"] },
		{ "type": "bitmap", "file": "minecraft:mq_red_text/a_5.png",						"ascent": 7, 	"height": 8, 	"chars": ["ﾃ"] },
		{ "type": "bitmap", "file": "minecraft:mq_red_text/a_6.png",						"ascent": 7, 	"height": 8, 	"chars": ["ﾄ"] },
		{ "type": "bitmap", "file": "minecraft:mq_red_text/a_7.png",						"ascent": 7, 	"height": 8, 	"chars": ["ﾅ"] },
		{ "type": "bitmap", "file": "minecraft:mq_red_text/a_8.png",						"ascent": 7, 	"height": 8, 	"chars": ["ﾆ"] },
		{ "type": "bitmap", "file": "minecraft:mq_red_text/a_9.png",						"ascent": 7, 	"height": 8, 	"chars": ["ﾎ"] },
		{ "type": "bitmap", "file": "minecraft:mq_red_text/a_10.png",						"ascent": 7, 	"height": 8, 	"chars": ["ﾏ"] },
		{ "type": "bitmap", "file": "minecraft:mq_red_text/a_11.png",						"ascent": 7, 	"height": 8, 	"chars": ["ﾠ"] },
		{ "type": "bitmap", "file": "minecraft:mq_red_text/a_underscore.png", 				"ascent": 7, 	"height": 8, 	"chars": ["ﾦ"] },		
		{ "type": "bitmap", "file": "minecraft:mq_red_text/c_1.png",						"ascent": 7, 	"height": 8, 	"chars": ["ﾀ"] },
		{ "type": "bitmap", "file": "minecraft:mq_red_text/c_2.png",						"ascent": 7, 	"height": 8, 	"chars": ["ﾇ"] },		
		{ "type": "bitmap", "file": "minecraft:mq_red_text/e_1.png",						"ascent": 7, 	"height": 8, 	"chars": ["＃"] },
		{ "type": "bitmap", "file": "minecraft:mq_red_text/e_2.png",						"ascent": 7, 	"height": 8, 	"chars": ["＄"] },
		{ "type": "bitmap", "file": "minecraft:mq_red_text/e_3.png",						"ascent": 7, 	"height": 8, 	"chars": ["％"] },
		{ "type": "bitmap", "file": "minecraft:mq_red_text/e_4.png",						"ascent": 7, 	"height": 8, 	"chars": ["８"] },
		{ "type": "bitmap", "file": "minecraft:mq_red_text/e_5.png",						"ascent": 7, 	"height": 8, 	"chars": ["ﾂ"] },
		{ "type": "bitmap", "file": "minecraft:mq_red_text/e_6.png",						"ascent": 7, 	"height": 8, 	"chars": ["ﾈ"] },
		{ "type": "bitmap", "file": "minecraft:mq_red_text/e_7.png",						"ascent": 7, 	"height": 8, 	"chars": ["ﾉ"] },
		{ "type": "bitmap", "file": "minecraft:mq_red_text/e_8.png",						"ascent": 7, 	"height": 8, 	"chars": ["ﾊ"] },
		{ "type": "bitmap", "file": "minecraft:mq_red_text/e_9.png",						"ascent": 7, 	"height": 8, 	"chars": ["ﾐ"] },		
		{ "type": "bitmap", "file": "minecraft:mq_red_text/g_1.png",						"ascent": 7, 	"height": 8, 	"chars": ["．"] },		
		{ "type": "bitmap", "file": "minecraft:mq_red_text/i_1.png",						"ascent": 7, 	"height": 8, 	"chars": ["＆"] },
		{ "type": "bitmap", "file": "minecraft:mq_red_text/i_2.png",						"ascent": 7, 	"height": 8, 	"chars": ["／"] },
		{ "type": "bitmap", "file": "minecraft:mq_red_text/i_3.png",						"ascent": 7, 	"height": 8, 	"chars": ["ﾋ"] },
		{ "type": "bitmap", "file": "minecraft:mq_red_text/i_4.png",						"ascent": 7, 	"height": 8, 	"chars": ["ﾌ"] },
		{ "type": "bitmap", "file": "minecraft:mq_red_text/i_5.png",						"ascent": 7, 	"height": 8, 	"chars": ["ﾍ"] },
		{ "type": "bitmap", "file": "minecraft:mq_red_text/i_6.png",						"ascent": 7, 	"height": 8, 	"chars": ["ﾡ"] },
		{ "type": "bitmap", "file": "minecraft:mq_red_text/i_7.png",						"ascent": 7, 	"height": 8, 	"chars": ["ﾭ"] },		
		{ "type": "bitmap", "file": "minecraft:mq_red_text/n_1.png",						"ascent": 7, 	"height": 8, 	"chars": ["ﾤ"] },
		{ "type": "bitmap", "file": "minecraft:mq_red_text/n_2.png",						"ascent": 7, 	"height": 8, 	"chars": ["ﾥ"] },		
		{ "type": "bitmap", "file": "minecraft:mq_red_text/o_1.png",						"ascent": 7, 	"height": 8, 	"chars": ["＇"] },
		{ "type": "bitmap", "file": "minecraft:mq_red_text/o_2.png",						"ascent": 7, 	"height": 8, 	"chars": ["（"] },
		{ "type": "bitmap", "file": "minecraft:mq_red_text/o_3.png",						"ascent": 7, 	"height": 8, 	"chars": ["）"] },
		{ "type": "bitmap", "file": "minecraft:mq_red_text/o_4.png",						"ascent": 7, 	"height": 8, 	"chars": ["－"] },
		{ "type": "bitmap", "file": "minecraft:mq_red_text/o_5.png",						"ascent": 7, 	"height": 8, 	"chars": ["ﾓ"] },
		{ "type": "bitmap", "file": "minecraft:mq_red_text/o_6.png",						"ascent": 7, 	"height": 8, 	"chars": ["ﾔ"] },
		{ "type": "bitmap", "file": "minecraft:mq_red_text/o_7.png",						"ascent": 7, 	"height": 8, 	"chars": ["ﾕ"] },
		{ "type": "bitmap", "file": "minecraft:mq_red_text/o_8.png",						"ascent": 7, 	"height": 8, 	"chars": ["ﾢ"] },
		{ "type": "bitmap", "file": "minecraft:mq_red_text/o_s_1.png",						"ascent": 7, 	"height": 8, 	"chars": ["ﾛ"] },
		{ "type": "bitmap", "file": "minecraft:mq_red_text/o_underscore.png",				"ascent": 7, 	"height": 8, 	"chars": ["ﾧ"] },		
		{ "type": "bitmap", "file": "minecraft:mq_red_text/s_1.png",						"ascent": 7, 	"height": 8, 	"chars": ["３"] },
		{ "type": "bitmap", "file": "minecraft:mq_red_text/s_2.png",						"ascent": 7, 	"height": 8, 	"chars": ["４"] },		
		{ "type": "bitmap", "file": "minecraft:mq_red_text/u_1.png",						"ascent": 7, 	"height": 8, 	"chars": ["＊"] },
		{ "type": "bitmap", "file": "minecraft:mq_red_text/u_2.png",						"ascent": 7, 	"height": 8, 	"chars": ["ﾁ"] },
		{ "type": "bitmap", "file": "minecraft:mq_red_text/u_3.png",						"ascent": 7, 	"height": 8, 	"chars": ["ﾖ"] },
		{ "type": "bitmap", "file": "minecraft:mq_red_text/u_4.png",						"ascent": 7, 	"height": 8, 	"chars": ["ﾗ"] },
		{ "type": "bitmap", "file": "minecraft:mq_red_text/u_5.png",						"ascent": 7, 	"height": 8, 	"chars": ["ﾙ"] },
		{ "type": "bitmap", "file": "minecraft:mq_red_text/u_6.png",						"ascent": 7, 	"height": 8, 	"chars": ["ﾚ"] },
		{ "type": "bitmap", "file": "minecraft:mq_red_text/u_7.png",						"ascent": 7, 	"height": 8, 	"chars": ["ﾣ"] },		
		{ "type": "bitmap", "file": "minecraft:mq_red_text/w_1.png",						"ascent": 7, 	"height": 8, 	"chars": ["５"] },
		{ "type": "bitmap", "file": "minecraft:mq_red_text/w_2.png",						"ascent": 7, 	"height": 8, 	"chars": ["６"] },		
		{ "type": "bitmap", "file": "minecraft:mq_red_text/y_1.png",						"ascent": 7, 	"height": 8, 	"chars": ["ﾘ"] },		
		{ "type": "bitmap", "file": "minecraft:mq_red_text/z_1.png",						"ascent": 7, 	"height": 8, 	"chars": ["７"] },		
		{ "type": "bitmap", "file": "minecraft:mq_red_text/bracket_open.png",				"ascent": 7, 	"height": 8, 	"chars": ["Ｈ"] },
		{ "type": "bitmap", "file": "minecraft:mq_red_text/bracket_closed.png",				"ascent": 7, 	"height": 8, 	"chars": ["Ｉ"] },
		{ "type": "bitmap", "file": "minecraft:mq_red_text/bracket_curly_open.png",			"ascent": 7, 	"height": 8, 	"chars": ["ｻ"] },
		{ "type": "bitmap", "file": "minecraft:mq_red_text/bracket_curly_closed.png",		"ascent": 7, 	"height": 8, 	"chars": ["ｽ"] },
		{ "type": "bitmap", "file": "minecraft:mq_red_text/bracket_left.png",				"ascent": 7, 	"height": 8, 	"chars": ["＼"] },
		{ "type": "bitmap", "file": "minecraft:mq_red_text/bracket_right.png",				"ascent": 7, 	"height": 8, 	"chars": ["＾"] },
		{ "type": "bitmap", "file": "minecraft:mq_red_text/bracket_top.png",				"ascent": 7, 	"height": 8, 	"chars": ["～"] },
		{ "type": "bitmap", "file": "minecraft:mq_red_text/bracket_square_open.png",		"ascent": 7, 	"height": 8, 	"chars": ["｛"] },
		{ "type": "bitmap", "file": "minecraft:mq_red_text/bracket_square_close.png",		"ascent": 7, 	"height": 8, 	"chars": ["｝"] },
		{ "type": "bitmap", "file": "minecraft:mq_red_text/bracket_pattern_left.png",		"ascent": 7, 	"height": 8, 	"chars": ["ﾮ"] },
		{ "type": "bitmap", "file": "minecraft:mq_red_text/bracket_pattern_right.png",		"ascent": 7, 	"height": 8, 	"chars": ["ﾯ"] },		
		{ "type": "bitmap", "file": "minecraft:mq_red_text/ae_1.png",						"ascent": 7, 	"height": 8, 	"chars": ["ﾑ"] },
		{ "type": "bitmap", "file": "minecraft:mq_red_text/ae_2.png",						"ascent": 7, 	"height": 8, 	"chars": ["ﾒ"] },
		{ "type": "bitmap", "file": "minecraft:mq_red_text/oe_1.png",						"ascent": 7, 	"height": 8, 	"chars": ["１"] },
		{ "type": "bitmap", "file": "minecraft:mq_red_text/oe_2.png",						"ascent": 7, 	"height": 8, 	"chars": ["２"] },
		{ "type": "bitmap", "file": "minecraft:mq_red_text/and.png",						"ascent": 7, 	"height": 8, 	"chars": ["Ｆ"] },
		{ "type": "bitmap", "file": "minecraft:mq_red_text/dollar.png",						"ascent": 7, 	"height": 8, 	"chars": ["Ｄ"] },
		{ "type": "bitmap", "file": "minecraft:mq_red_text/pound.png",						"ascent": 7, 	"height": 8, 	"chars": ["ﾜ"] },
		{ "type": "bitmap", "file": "minecraft:mq_red_text/hashtag.png",					"ascent": 7, 	"height": 8, 	"chars": ["Ｃ"] },
		{ "type": "bitmap", "file": "minecraft:mq_red_text/at.png",							"ascent": 7, 	"height": 8, 	"chars": ["｀"] },
		{ "type": "bitmap", "file": "minecraft:mq_red_text/slash.png",						"ascent": 7, 	"height": 8, 	"chars": ["Ｏ"] },
		{ "type": "bitmap", "file": "minecraft:mq_red_text/backslash.png",					"ascent": 7, 	"height": 8, 	"chars": ["｜"] },
		{ "type": "bitmap", "file": "minecraft:mq_red_text/bar_left.png",					"ascent": 7, 	"height": 8, 	"chars": ["ﾪ"] },
		{ "type": "bitmap", "file": "minecraft:mq_red_text/exp_mark.png",					"ascent": 7, 	"height": 8, 	"chars": ["Ａ"] },
		{ "type": "bitmap", "file": "minecraft:mq_red_text/question_mark.png",				"ascent": 7, 	"height": 8, 	"chars": ["＿"] },
		{ "type": "bitmap", "file": "minecraft:mq_red_text/question_mark_up.png",			"ascent": 7, 	"height": 8, 	"chars": ["ﾨ"] },
		{ "type": "bitmap", "file": "minecraft:mq_red_text/percent.png",					"ascent": 7, 	"height": 8, 	"chars": ["Ｅ"] },
		{ "type": "bitmap", "file": "minecraft:mq_red_text/one_half.png",					"ascent": 7, 	"height": 8, 	"chars": ["ﾫ"] },
		{ "type": "bitmap", "file": "minecraft:mq_red_text/one_quarter.png",				"ascent": 7, 	"height": 8, 	"chars": ["ﾬ"] },
		{ "type": "bitmap", "file": "minecraft:mq_red_text/ring_s.png",						"ascent": 7, 	"height": 8, 	"chars": ["＋"] },		
		{ "type": "bitmap", "file": "minecraft:mq_red_text/times.png",						"ascent": 7, 	"height": 8, 	"chars": ["Ｊ"] },
		{ "type": "bitmap", "file": "minecraft:mq_red_text/times_s.png",					"ascent": 7, 	"height": 8, 	"chars": ["ﾞ"] },
		{ "type": "bitmap", "file": "minecraft:mq_red_text/comma.png",						"ascent": 7, 	"height": 8, 	"chars": ["Ｌ"] },
		{ "type": "bitmap", "file": "minecraft:mq_red_text/period.png",						"ascent": 7, 	"height": 8, 	"chars": ["Ｎ"] },
		{ "type": "bitmap", "file": "minecraft:mq_red_text/double_period.png",				"ascent": 7, 	"height": 8, 	"chars": ["Ｚ"] },
		{ "type": "bitmap", "file": "minecraft:mq_red_text/period_comma.png",				"ascent": 7, 	"height": 8, 	"chars": ["［"] },
		{ "type": "bitmap", "file": "minecraft:mq_red_text/plus.png",						"ascent": 7, 	"height": 8, 	"chars": ["Ｋ"] },
		{ "type": "bitmap", "file": "minecraft:mq_red_text/minus.png",						"ascent": 7, 	"height": 8, 	"chars": ["Ｍ"] },
		{ "type": "bitmap", "file": "minecraft:mq_red_text/equal.png",						"ascent": 7, 	"height": 8, 	"chars": ["］"] },
		{ "type": "bitmap", "file": "minecraft:mq_red_text/seperator.png",					"ascent": 7, 	"height": 8, 	"chars": ["ｼ"] },
		{ "type": "bitmap", "file": "minecraft:mq_red_text/underscore.png",					"ascent": 7, 	"height": 8, 	"chars": ["｟"] },
		{ "type": "bitmap", "file": "minecraft:mq_red_text/wave_top.png",					"ascent": 7, 	"height": 8, 	"chars": ["ｾ"] },
		{ "type": "bitmap", "file": "minecraft:mq_red_text/quote.png",						"ascent": 7, 	"height": 8, 	"chars": ["Ｂ"] },
		{ "type": "bitmap", "file": "minecraft:mq_red_text/quote_single.png",				"ascent": 7, 	"height": 8, 	"chars": ["Ｇ"] },
		{ "type": "bitmap", "file": "minecraft:mq_red_text/quote_single_back.png",			"ascent": 7, 	"height": 8, 	"chars": ["｠"] },		
		{ "type": "bitmap", "file": "minecraft:mq_red_text/box_full.png",					"ascent": 7, 	"height": 8, 	"chars": ["ￛ"] },
		{ "type": "bitmap", "file": "minecraft:mq_red_text/box_half_bottom.png",			"ascent": 7, 	"height": 8, 	"chars": ["ￜ"] },
		{ "type": "bitmap", "file": "minecraft:mq_red_text/box_half_left.png",				"ascent": 7, 	"height": 8, 	"chars": ["￝"] },
		{ "type": "bitmap", "file": "minecraft:mq_red_text/box_half_right.png",				"ascent": 7, 	"height": 8, 	"chars": ["￞"] },
		{ "type": "bitmap", "file": "minecraft:mq_red_text/box_half_top.png",				"ascent": 7, 	"height": 8, 	"chars": ["￟"] },		
		{ "type": "bitmap", "file": "minecraft:mq_red_text/formula.png",					"ascent": 7, 	"height": 8, 	"chars": ["ﾟ"] },
		{ "type": "bitmap", "file": "minecraft:mq_red_text/formula_icon_1.png",				"ascent": 7, 	"height": 8, 	"chars": ["￠"] },
		{ "type": "bitmap", "file": "minecraft:mq_red_text/formula_icon_2.png",				"ascent": 7, 	"height": 8, 	"chars": ["￡"] },
		{ "type": "bitmap", "file": "minecraft:mq_red_text/formula_icon_3.png",				"ascent": 7, 	"height": 8, 	"chars": ["￢"] },
		{ "type": "bitmap", "file": "minecraft:mq_red_text/formula_icon_4.png",				"ascent": 7, 	"height": 8, 	"chars": ["￣"] },
		{ "type": "bitmap", "file": "minecraft:mq_red_text/formula_icon_5.png",				"ascent": 7, 	"height": 8, 	"chars": ["￤"] },
		{ "type": "bitmap", "file": "minecraft:mq_red_text/formula_icon_6.png",				"ascent": 7, 	"height": 8, 	"chars": ["￥"] },
		{ "type": "bitmap", "file": "minecraft:mq_red_text/formula_icon_7.png",				"ascent": 7, 	"height": 8, 	"chars": ["￦"] },
		{ "type": "bitmap", "file": "minecraft:mq_red_text/formula_icon_8.png",				"ascent": 7, 	"height": 8, 	"chars": ["￧"] },
		{ "type": "bitmap", "file": "minecraft:mq_red_text/formula_icon_9.png",				"ascent": 7, 	"height": 8, 	"chars": ["￨"] },
		{ "type": "bitmap", "file": "minecraft:mq_red_text/formula_icon_10.png",			"ascent": 7, 	"height": 8, 	"chars": ["￩"] },
		{ "type": "bitmap", "file": "minecraft:mq_red_text/formula_icon_11.png",			"ascent": 7, 	"height": 8, 	"chars": ["￪"] },
		{ "type": "bitmap", "file": "minecraft:mq_red_text/formula_icon_12.png",			"ascent": 7, 	"height": 8, 	"chars": ["￫"] },
		{ "type": "bitmap", "file": "minecraft:mq_red_text/formula_icon_13.png",			"ascent": 7, 	"height": 8, 	"chars": ["￬"] },
		{ "type": "bitmap", "file": "minecraft:mq_red_text/formula_icon_14.png",			"ascent": 7, 	"height": 8, 	"chars": ["￭"] },
		{ "type": "bitmap", "file": "minecraft:mq_red_text/formula_icon_15.png",			"ascent": 7, 	"height": 8, 	"chars": ["￮"] },
		{ "type": "bitmap", "file": "minecraft:mq_red_text/formula_icon_16.png",			"ascent": 7, 	"height": 8, 	"chars": ["￯"] },
		{ "type": "bitmap", "file": "minecraft:mq_red_text/formula_icon_17.png",			"ascent": 7, 	"height": 8, 	"chars": ["￰"] },
		{ "type": "bitmap", "file": "minecraft:mq_red_text/formula_icon_18.png",			"ascent": 7, 	"height": 8, 	"chars": ["￱"] },
		{ "type": "bitmap", "file": "minecraft:mq_red_text/formula_icon_19.png",			"ascent": 7, 	"height": 8, 	"chars": ["￲"] },
		{ "type": "bitmap", "file": "minecraft:mq_red_text/formula_icon_20.png",			"ascent": 7, 	"height": 8, 	"chars": ["￳"] },
		{ "type": "bitmap", "file": "minecraft:mq_red_text/formula_icon_21.png",			"ascent": 7, 	"height": 8, 	"chars": ["￴"] },
		{ "type": "bitmap", "file": "minecraft:mq_red_text/formula_icon_22.png",			"ascent": 7, 	"height": 8, 	"chars": ["￵"] },
		{ "type": "bitmap", "file": "minecraft:mq_red_text/formula_icon_23.png",			"ascent": 7, 	"height": 8, 	"chars": ["￶"] },
		{ "type": "bitmap", "file": "minecraft:mq_red_text/formula_icon_24.png",			"ascent": 7, 	"height": 8, 	"chars": ["￷"] },
		{ "type": "bitmap", "file": "minecraft:mq_red_text/formula_icon_25.png",			"ascent": 7, 	"height": 8, 	"chars": ["￸"] },
		{ "type": "bitmap", "file": "minecraft:mq_red_text/formula_icon_26.png",			"ascent": 7, 	"height": 8, 	"chars": ["￹"] },
		{ "type": "bitmap", "file": "minecraft:mq_red_text/formula_icon_27.png",			"ascent": 7, 	"height": 8, 	"chars": ["￺"] },
		{ "type": "bitmap", "file": "minecraft:mq_red_text/formula_icon_28.png",			"ascent": 7, 	"height": 8, 	"chars": ["￻"] },
		{ "type": "bitmap", "file": "minecraft:mq_red_text/formula_icon_29.png",			"ascent": 7, 	"height": 8, 	"chars": ["￼"] },
		{ "type": "bitmap", "file": "minecraft:mq_red_text/formula_icon_30.png",			"ascent": 7, 	"height": 8, 	"chars": ["�"] },
		{ "type": "bitmap", "file": "minecraft:mq_red_text/house.png",						"ascent": 7, 	"height": 8, 	"chars": ["ｿ"] },		
		{ "type": "bitmap", "file": "minecraft:mq_red_text/pattern_1.png",					"ascent": 7, 	"height": 8, 	"chars": ["ﾰ"] },
		{ "type": "bitmap", "file": "minecraft:mq_red_text/pattern_2.png",					"ascent": 7, 	"height": 8, 	"chars": ["ﾱ"] },
		{ "type": "bitmap", "file": "minecraft:mq_red_text/pattern_3.png",					"ascent": 7, 	"height": 8, 	"chars": ["ﾲ"] },		
		{ "type": "bitmap", "file": "minecraft:mq_red_text/stripe_1.png",					"ascent": 7, 	"height": 8, 	"chars": ["ﾴ"] },
		{ "type": "bitmap", "file": "minecraft:mq_red_text/stripe_2.png",					"ascent": 7, 	"height": 8, 	"chars": ["ﾴ"] },
		{ "type": "bitmap", "file": "minecraft:mq_red_text/stripe_3.png",					"ascent": 7, 	"height": 8, 	"chars": ["ﾵ"] },
		{ "type": "bitmap", "file": "minecraft:mq_red_text/stripe_4.png",					"ascent": 7, 	"height": 8, 	"chars": ["ﾶ"] },
		{ "type": "bitmap", "file": "minecraft:mq_red_text/stripe_5.png",					"ascent": 7, 	"height": 8, 	"chars": ["ﾷ"] },
		{ "type": "bitmap", "file": "minecraft:mq_red_text/stripe_6.png",					"ascent": 7, 	"height": 8, 	"chars": ["ﾸ"] },
		{ "type": "bitmap", "file": "minecraft:mq_red_text/stripe_7.png",					"ascent": 7, 	"height": 8, 	"chars": ["ﾹ"] },
		{ "type": "bitmap", "file": "minecraft:mq_red_text/stripe_8.png",					"ascent": 7, 	"height": 8, 	"chars": ["ﾺ"] },
		{ "type": "bitmap", "file": "minecraft:mq_red_text/stripe_9.png",					"ascent": 7, 	"height": 8, 	"chars": ["ﾻ"] },
		{ "type": "bitmap", "file": "minecraft:mq_red_text/stripe_10.png",					"ascent": 7, 	"height": 8, 	"chars": ["ﾼ"] },
		{ "type": "bitmap", "file": "minecraft:mq_red_text/stripe_11.png",					"ascent": 7, 	"height": 8, 	"chars": ["ﾽ"] },
		{ "type": "bitmap", "file": "minecraft:mq_red_text/stripe_12.png",					"ascent": 7, 	"height": 8, 	"chars": ["ﾾ"] },
		{ "type": "bitmap", "file": "minecraft:mq_red_text/stripe_13.png",					"ascent": 7, 	"height": 8, 	"chars": ["﾿"] },
		{ "type": "bitmap", "file": "minecraft:mq_red_text/stripe_14.png",					"ascent": 7, 	"height": 8, 	"chars": ["￀"] },
		{ "type": "bitmap", "file": "minecraft:mq_red_text/stripe_15.png",					"ascent": 7, 	"height": 8, 	"chars": ["￁"] },
		{ "type": "bitmap", "file": "minecraft:mq_red_text/stripe_16.png",					"ascent": 7, 	"height": 8, 	"chars": ["ￂ"] },
		{ "type": "bitmap", "file": "minecraft:mq_red_text/stripe_17.png",					"ascent": 7, 	"height": 8, 	"chars": ["ￃ"] },
		{ "type": "bitmap", "file": "minecraft:mq_red_text/stripe_18.png",					"ascent": 7, 	"height": 8, 	"chars": ["ￄ"] },
		{ "type": "bitmap", "file": "minecraft:mq_red_text/stripe_19.png",					"ascent": 7, 	"height": 8, 	"chars": ["ￅ"] },
		{ "type": "bitmap", "file": "minecraft:mq_red_text/stripe_20.png",					"ascent": 7, 	"height": 8, 	"chars": ["ￆ"] },
		{ "type": "bitmap", "file": "minecraft:mq_red_text/stripe_21.png",					"ascent": 7, 	"height": 8, 	"chars": ["ￇ"] },
		{ "type": "bitmap", "file": "minecraft:mq_red_text/stripe_22.png",					"ascent": 7, 	"height": 8, 	"chars": ["￈"] },
		{ "type": "bitmap", "file": "minecraft:mq_red_text/stripe_23.png",					"ascent": 7, 	"height": 8, 	"chars": ["￉"] },
		{ "type": "bitmap", "file": "minecraft:mq_red_text/stripe_24.png",					"ascent": 7, 	"height": 8, 	"chars": ["ￊ"] },
		{ "type": "bitmap", "file": "minecraft:mq_red_text/stripe_25.png",					"ascent": 7, 	"height": 8, 	"chars": ["ￋ"] },
		{ "type": "bitmap", "file": "minecraft:mq_red_text/stripe_26.png",					"ascent": 7, 	"height": 8, 	"chars": ["ￌ"] },
		{ "type": "bitmap", "file": "minecraft:mq_red_text/stripe_27.png",					"ascent": 7, 	"height": 8, 	"chars": ["ￍ"] },
		{ "type": "bitmap", "file": "minecraft:mq_red_text/stripe_28.png",					"ascent": 7, 	"height": 8, 	"chars": ["ￎ"] },
		{ "type": "bitmap", "file": "minecraft:mq_red_text/stripe_29.png",					"ascent": 7, 	"height": 8, 	"chars": ["ￏ"] },
		{ "type": "bitmap", "file": "minecraft:mq_red_text/stripe_30.png",					"ascent": 7, 	"height": 8, 	"chars": ["￐"] },
		{ "type": "bitmap", "file": "minecraft:mq_red_text/stripe_31.png",					"ascent": 7, 	"height": 8, 	"chars": ["￑"] },
		{ "type": "bitmap", "file": "minecraft:mq_red_text/stripe_32.png",					"ascent": 7, 	"height": 8, 	"chars": ["ￒ"] },
		{ "type": "bitmap", "file": "minecraft:mq_red_text/stripe_33.png",					"ascent": 7, 	"height": 8, 	"chars": ["ￓ"] },
		{ "type": "bitmap", "file": "minecraft:mq_red_text/stripe_34.png",					"ascent": 7, 	"height": 8, 	"chars": ["ￔ"] },
		{ "type": "bitmap", "file": "minecraft:mq_red_text/stripe_35.png",					"ascent": 7, 	"height": 8, 	"chars": ["ￕ"] },
		{ "type": "bitmap", "file": "minecraft:mq_red_text/stripe_36.png",					"ascent": 7, 	"height": 8, 	"chars": ["ￖ"] },
		{ "type": "bitmap", "file": "minecraft:mq_red_text/stripe_37.png",					"ascent": 7, 	"height": 8, 	"chars": ["ￗ"] },
		{ "type": "bitmap", "file": "minecraft:mq_red_text/stripe_38.png",					"ascent": 7, 	"height": 8, 	"chars": ["￘"] },
		{ "type": "bitmap", "file": "minecraft:mq_red_text/stripe_39.png",					"ascent": 7, 	"height": 8, 	"chars": ["￙"] },
		{ "type": "bitmap", "file": "minecraft:mq_red_text/stripe_40.png",					"ascent": 7, 	"height": 8, 	"chars": ["ￚ"] },
		
		
		{"type": "bitmap", "file": "space:font/space_split.png", 							"ascent": -32768, 	"height": -3, 	"chars": ["㼆"]},
		
		{"type": "bitmap", "file": "minecraft:mq_chat_boxes/level_up_green.png", 			"ascent": 12, 		"height": 36, 	"chars": ["ë"]},
		{"type": "bitmap", "file": "minecraft:mq_chat_boxes/level_up_gray.png", 			"ascent": 12, 		"height": 36, 	"chars": ["Ł"]},
		{"type": "bitmap", "file": "minecraft:mq_chat_boxes/level_up_blue.png", 			"ascent": 12, 		"height": 36, 	"chars": ["ł"]},
		{"type": "bitmap", "file": "minecraft:mq_chat_boxes/trivia.png", 					"ascent": 12, 		"height": 36, 	"chars": ["ŉ"]},
		{"type": "bitmap", "file": "minecraft:mq_chat_boxes/thank_you.png", 				"ascent": 12, 		"height": 36, 	"chars": ["Ŋ"]},
		{"type": "bitmap", "file": "minecraft:mq_chat_boxes/event.png", 					"ascent": 12, 		"height": 36, 	"chars": ["ŋ"]},
		{"type": "bitmap", "file": "minecraft:mq_chat_boxes/quest_started.png", 			"ascent": 12, 		"height": 36, 	"chars": ["Š"]},
		{"type": "bitmap", "file": "minecraft:mq_chat_boxes/quest_complete.png", 			"ascent": 12, 		"height": 36, 	"chars": ["Λ"]},
		
		
		
		{"type": "bitmap", "file": "minecraft:mq_ranks/ranks/platinum_gray_1.png", 			"ascent": 7, 	"height": 8, 	"chars": ["樀"]},
		{"type": "bitmap", "file": "minecraft:mq_ranks/ranks/platinum_gray_2.png", 			"ascent": 7, 	"height": 8, 	"chars": ["樁"]},
		{"type": "bitmap", "file": "minecraft:mq_ranks/ranks/platinum_gray_3.png", 			"ascent": 7, 	"height": 8, 	"chars": ["樂"]},
		{"type": "bitmap", "file": "minecraft:mq_ranks/ranks/platinum_gray_4.png", 			"ascent": 7, 	"height": 8, 	"chars": ["樃"]},
		{"type": "bitmap", "file": "minecraft:mq_ranks/ranks/platinum_gray_5.png", 			"ascent": 7, 	"height": 8, 	"chars": ["樄"]},
		{"type": "bitmap", "file": "minecraft:mq_ranks/ranks/platinum_gray_6.png", 			"ascent": 7, 	"height": 8, 	"chars": ["樅"]},
		{"type": "bitmap", "file": "minecraft:mq_ranks/ranks/platinum_gray_7.png", 			"ascent": 7, 	"height": 8, 	"chars": ["樆"]},
		{"type": "bitmap", "file": "minecraft:mq_ranks/ranks/platinum_gray_8.png", 			"ascent": 7, 	"height": 8, 	"chars": ["樇"]},
		
		{"type": "bitmap", "file": "minecraft:mq_ranks/ranks/platinum_gold_1.png", 			"ascent": 7, 	"height": 8, 	"chars": ["樐"]},
		{"type": "bitmap", "file": "minecraft:mq_ranks/ranks/platinum_gold_2.png", 			"ascent": 7, 	"height": 8, 	"chars": ["樑"]},
		{"type": "bitmap", "file": "minecraft:mq_ranks/ranks/platinum_gold_3.png", 			"ascent": 7, 	"height": 8, 	"chars": ["樒"]},
		{"type": "bitmap", "file": "minecraft:mq_ranks/ranks/platinum_gold_4.png", 			"ascent": 7, 	"height": 8, 	"chars": ["樓"]},
		{"type": "bitmap", "file": "minecraft:mq_ranks/ranks/platinum_gold_5.png", 			"ascent": 7, 	"height": 8, 	"chars": ["樔"]},
		{"type": "bitmap", "file": "minecraft:mq_ranks/ranks/platinum_gold_6.png", 			"ascent": 7, 	"height": 8, 	"chars": ["樕"]},
		{"type": "bitmap", "file": "minecraft:mq_ranks/ranks/platinum_gold_7.png", 			"ascent": 7, 	"height": 8, 	"chars": ["樖"]},
		{"type": "bitmap", "file": "minecraft:mq_ranks/ranks/platinum_gold_8.png", 			"ascent": 7, 	"height": 8, 	"chars": ["樗"]},
		
		{"type": "bitmap", "file": "minecraft:mq_ranks/ranks/platinum_green_1.png", 		"ascent": 7, 	"height": 8, 	"chars": ["樠"]},
		{"type": "bitmap", "file": "minecraft:mq_ranks/ranks/platinum_green_2.png", 		"ascent": 7, 	"height": 8, 	"chars": ["模"]},
		{"type": "bitmap", "file": "minecraft:mq_ranks/ranks/platinum_green_3.png", 		"ascent": 7, 	"height": 8, 	"chars": ["樢"]},
		{"type": "bitmap", "file": "minecraft:mq_ranks/ranks/platinum_green_4.png", 		"ascent": 7, 	"height": 8, 	"chars": ["樣"]},
		{"type": "bitmap", "file": "minecraft:mq_ranks/ranks/platinum_green_5.png", 		"ascent": 7, 	"height": 8, 	"chars": ["樤"]},
		{"type": "bitmap", "file": "minecraft:mq_ranks/ranks/platinum_green_6.png", 		"ascent": 7, 	"height": 8, 	"chars": ["樥"]},
		{"type": "bitmap", "file": "minecraft:mq_ranks/ranks/platinum_green_7.png", 		"ascent": 7, 	"height": 8, 	"chars": ["樦"]},
		{"type": "bitmap", "file": "minecraft:mq_ranks/ranks/platinum_green_8.png", 		"ascent": 7, 	"height": 8, 	"chars": ["樧"]},
		
		{"type": "bitmap", "file": "minecraft:mq_ranks/ranks/platinum_blue_1.png", 			"ascent": 7, 	"height": 8, 	"chars": ["樰"]},
		{"type": "bitmap", "file": "minecraft:mq_ranks/ranks/platinum_blue_2.png", 			"ascent": 7, 	"height": 8, 	"chars": ["樱"]},
		{"type": "bitmap", "file": "minecraft:mq_ranks/ranks/platinum_blue_3.png", 			"ascent": 7, 	"height": 8, 	"chars": ["樲"]},
		{"type": "bitmap", "file": "minecraft:mq_ranks/ranks/platinum_blue_4.png", 			"ascent": 7, 	"height": 8, 	"chars": ["樳"]},
		{"type": "bitmap", "file": "minecraft:mq_ranks/ranks/platinum_blue_5.png", 			"ascent": 7, 	"height": 8, 	"chars": ["樴"]},
		{"type": "bitmap", "file": "minecraft:mq_ranks/ranks/platinum_blue_6.png", 			"ascent": 7, 	"height": 8, 	"chars": ["樵"]},
		{"type": "bitmap", "file": "minecraft:mq_ranks/ranks/platinum_blue_7.png", 			"ascent": 7, 	"height": 8, 	"chars": ["樶"]},
		{"type": "bitmap", "file": "minecraft:mq_ranks/ranks/platinum_blue_8.png", 			"ascent": 7, 	"height": 8, 	"chars": ["樷"]},
		
		{"type": "bitmap", "file": "minecraft:mq_ranks/ranks/owner_1.png", 					"ascent": 7, 	"height": 8, 	"chars": ["橀"]},
		{"type": "bitmap", "file": "minecraft:mq_ranks/ranks/owner_2.png", 					"ascent": 7, 	"height": 8, 	"chars": ["橂"]},
		{"type": "bitmap", "file": "minecraft:mq_ranks/ranks/owner_3.png", 					"ascent": 7, 	"height": 8, 	"chars": ["橃"]},
		{"type": "bitmap", "file": "minecraft:mq_ranks/ranks/owner_4.png", 					"ascent": 7, 	"height": 8, 	"chars": ["橅"]},
		{"type": "bitmap", "file": "minecraft:mq_ranks/ranks/owner_5.png", 					"ascent": 7, 	"height": 8, 	"chars": ["橆"]},
		
		{"type": "bitmap", "file": "minecraft:mq_ranks/ranks/youtube_1.png", 				"ascent": 7, 	"height": 8, 	"chars": ["橑"]},
		{"type": "bitmap", "file": "minecraft:mq_ranks/ranks/youtube_2.png", 				"ascent": 7, 	"height": 8, 	"chars": ["橒"]},
		{"type": "bitmap", "file": "minecraft:mq_ranks/ranks/youtube_3.png", 				"ascent": 7, 	"height": 8, 	"chars": ["橕"]},
		{"type": "bitmap", "file": "minecraft:mq_ranks/ranks/youtube_4.png", 				"ascent": 7, 	"height": 8, 	"chars": ["橔"]},
		{"type": "bitmap", "file": "minecraft:mq_ranks/ranks/youtube_5.png", 				"ascent": 7, 	"height": 8, 	"chars": ["橖"]},
		{"type": "bitmap", "file": "minecraft:mq_ranks/ranks/youtube_6.png", 				"ascent": 7, 	"height": 8, 	"chars": ["橓"]},
		{"type": "bitmap", "file": "minecraft:mq_ranks/ranks/youtube_7.png", 				"ascent": 7, 	"height": 8, 	"chars": ["橐"]},
		
		{"type": "bitmap", "file": "minecraft:mq_ranks/ranks/friend_1.png", 				"ascent": 7, 	"height": 8, 	"chars": ["橠"]},
		{"type": "bitmap", "file": "minecraft:mq_ranks/ranks/friend_2.png", 				"ascent": 7, 	"height": 8, 	"chars": ["橡"]},
		{"type": "bitmap", "file": "minecraft:mq_ranks/ranks/friend_3.png", 				"ascent": 7, 	"height": 8, 	"chars": ["橢"]},
		{"type": "bitmap", "file": "minecraft:mq_ranks/ranks/friend_4.png", 				"ascent": 7, 	"height": 8, 	"chars": ["橣"]},
		{"type": "bitmap", "file": "minecraft:mq_ranks/ranks/friend_5.png", 				"ascent": 7, 	"height": 8, 	"chars": ["橤"]},
		{"type": "bitmap", "file": "minecraft:mq_ranks/ranks/friend_6.png", 				"ascent": 7, 	"height": 8, 	"chars": ["橥"]},
		
		{"type": "bitmap", "file": "minecraft:mq_ranks/ranks/admin_1.png", 					"ascent": 7, 	"height": 8, 	"chars": ["橰"]},
		{"type": "bitmap", "file": "minecraft:mq_ranks/ranks/admin_2.png", 					"ascent": 7, 	"height": 8, 	"chars": ["橱"]},
		{"type": "bitmap", "file": "minecraft:mq_ranks/ranks/admin_3.png", 					"ascent": 7, 	"height": 8, 	"chars": ["橲"]},
		{"type": "bitmap", "file": "minecraft:mq_ranks/ranks/admin_4.png", 					"ascent": 7, 	"height": 8, 	"chars": ["橳"]},
		{"type": "bitmap", "file": "minecraft:mq_ranks/ranks/admin_5.png", 					"ascent": 7, 	"height": 8, 	"chars": ["橴"]},
		
		{"type": "bitmap", "file": "minecraft:mq_ranks/ranks/sr_mod_1.png", 				"ascent": 7, 	"height": 8, 	"chars": ["橵"]},
		{"type": "bitmap", "file": "minecraft:mq_ranks/ranks/sr_mod_2.png", 				"ascent": 7, 	"height": 8, 	"chars": ["橶"]},
		{"type": "bitmap", "file": "minecraft:mq_ranks/ranks/sr_mod_3.png", 				"ascent": 7, 	"height": 8, 	"chars": ["橷"]},
		{"type": "bitmap", "file": "minecraft:mq_ranks/ranks/sr_mod_4.png", 				"ascent": 7, 	"height": 8, 	"chars": ["橸"]},
		{"type": "bitmap", "file": "minecraft:mq_ranks/ranks/sr_mod_5.png", 				"ascent": 7, 	"height": 8, 	"chars": ["橹"]},
		
		{"type": "bitmap", "file": "minecraft:mq_ranks/ranks/mod_1.png", 					"ascent": 7, 	"height": 8, 	"chars": ["橺"]},
		{"type": "bitmap", "file": "minecraft:mq_ranks/ranks/mod_2.png", 					"ascent": 7, 	"height": 8, 	"chars": ["橻"]},
		{"type": "bitmap", "file": "minecraft:mq_ranks/ranks/mod_3.png", 					"ascent": 7, 	"height": 8, 	"chars": ["橼"]},
		
		{"type": "bitmap", "file": "minecraft:mq_ranks/ranks/twitch_1.png", 				"ascent": 7, 	"height": 8, 	"chars": ["檀"]},
		{"type": "bitmap", "file": "minecraft:mq_ranks/ranks/twitch_2.png", 				"ascent": 7, 	"height": 8, 	"chars": ["檁"]},
		{"type": "bitmap", "file": "minecraft:mq_ranks/ranks/twitch_3.png", 				"ascent": 7, 	"height": 8, 	"chars": ["檂"]},
		{"type": "bitmap", "file": "minecraft:mq_ranks/ranks/twitch_4.png", 				"ascent": 7, 	"height": 8, 	"chars": ["檃"]},
		{"type": "bitmap", "file": "minecraft:mq_ranks/ranks/twitch_5.png", 				"ascent": 7, 	"height": 8, 	"chars": ["檄"]},
		{"type": "bitmap", "file": "minecraft:mq_ranks/ranks/twitch_6.png", 				"ascent": 7, 	"height": 8, 	"chars": ["檅"]},
		
		{"type": "bitmap", "file": "minecraft:mq_ranks/ranks/dev_1.png", 					"ascent": 7, 	"height": 8, 	"chars": ["檐"]},
		{"type": "bitmap", "file": "minecraft:mq_ranks/ranks/dev_2.png", 					"ascent": 7, 	"height": 8, 	"chars": ["檑"]},
		{"type": "bitmap", "file": "minecraft:mq_ranks/ranks/dev_3.png", 					"ascent": 7, 	"height": 8, 	"chars": ["檒"]},
		
		{"type": "bitmap", "file": "minecraft:mq_ranks/ranks/cc_1.png", 					"ascent": 7, 	"height": 8, 	"chars": ["檠"]},
		{"type": "bitmap", "file": "minecraft:mq_ranks/ranks/cc_2.png", 					"ascent": 7, 	"height": 8, 	"chars": ["檡"]},
		
		{"type": "bitmap", "file": "minecraft:mq_ranks/ranks/prime_1.png", 					"ascent": 7, 	"height": 8, 	"chars": ["檰"]},
		{"type": "bitmap", "file": "minecraft:mq_ranks/ranks/prime_2.png", 					"ascent": 7, 	"height": 8, 	"chars": ["檱"]},
		{"type": "bitmap", "file": "minecraft:mq_ranks/ranks/prime_3.png", 					"ascent": 7, 	"height": 8, 	"chars": ["檲"]},
		{"type": "bitmap", "file": "minecraft:mq_ranks/ranks/prime_4.png", 					"ascent": 7, 	"height": 8, 	"chars": ["檳"]},
		{"type": "bitmap", "file": "minecraft:mq_ranks/ranks/prime_5.png", 					"ascent": 7, 	"height": 8, 	"chars": ["檴"]},
		
		{"type": "bitmap", "file": "minecraft:mq_ranks/ranks/plus_1.png", 					"ascent": 7, 	"height": 8, 	"chars": ["檵"]},
		{"type": "bitmap", "file": "minecraft:mq_ranks/ranks/plus_2.png", 					"ascent": 7, 	"height": 8, 	"chars": ["檶"]},
		{"type": "bitmap", "file": "minecraft:mq_ranks/ranks/plus_3.png", 					"ascent": 7, 	"height": 8, 	"chars": ["檷"]},
		{"type": "bitmap", "file": "minecraft:mq_ranks/ranks/plus_4.png", 					"ascent": 7, 	"height": 8, 	"chars": ["檸"]},
		
		
		
		
		
		{"type": "bitmap", "file": "minecraft:mq_ranks/titles/gym_leader_1.png", 			"ascent": 7, 	"height": 8, 	"chars": ["俀"]},
		{"type": "bitmap", "file": "minecraft:mq_ranks/titles/gym_leader_2.png", 			"ascent": 7, 	"height": 8, 	"chars": ["俁"]},
		{"type": "bitmap", "file": "minecraft:mq_ranks/titles/gym_leader_3.png", 			"ascent": 7, 	"height": 8, 	"chars": ["係"]},
		{"type": "bitmap", "file": "minecraft:mq_ranks/titles/gym_leader_4.png", 			"ascent": 7, 	"height": 8, 	"chars": ["促"]},
		{"type": "bitmap", "file": "minecraft:mq_ranks/titles/gym_leader_5.png", 			"ascent": 7, 	"height": 8, 	"chars": ["俄"]},
		{"type": "bitmap", "file": "minecraft:mq_ranks/titles/gym_leader_6.png", 			"ascent": 7, 	"height": 8, 	"chars": ["俅"]},
		{"type": "bitmap", "file": "minecraft:mq_ranks/titles/gym_leader_7.png", 			"ascent": 7, 	"height": 8, 	"chars": ["俆"]},
		{"type": "bitmap", "file": "minecraft:mq_ranks/titles/gym_leader_8.png", 			"ascent": 7, 	"height": 8, 	"chars": ["俇"]},
		
		{"type": "bitmap", "file": "minecraft:mq_ranks/titles/trainer_1.png", 				"ascent": 7, 	"height": 8, 	"chars": ["俐"]},
		{"type": "bitmap", "file": "minecraft:mq_ranks/titles/trainer_2.png", 				"ascent": 7, 	"height": 8, 	"chars": ["俑"]},
		{"type": "bitmap", "file": "minecraft:mq_ranks/titles/trainer_3.png", 				"ascent": 7, 	"height": 8, 	"chars": ["俒"]},
		{"type": "bitmap", "file": "minecraft:mq_ranks/titles/trainer_4.png", 				"ascent": 7, 	"height": 8, 	"chars": ["俓"]},
		{"type": "bitmap", "file": "minecraft:mq_ranks/titles/trainer_5.png", 				"ascent": 7, 	"height": 8, 	"chars": ["俔"]},
		{"type": "bitmap", "file": "minecraft:mq_ranks/titles/trainer_6.png", 				"ascent": 7, 	"height": 8, 	"chars": ["俕"]},
		
		{"type": "bitmap", "file": "minecraft:mq_ranks/titles/wild_1.png", 					"ascent": 7, 	"height": 8, 	"chars": ["俠"]},
		{"type": "bitmap", "file": "minecraft:mq_ranks/titles/wild_2.png", 					"ascent": 7, 	"height": 8, 	"chars": ["信"]},
		{"type": "bitmap", "file": "minecraft:mq_ranks/titles/wild_3.png", 					"ascent": 7, 	"height": 8, 	"chars": ["俢"]},
		{"type": "bitmap", "file": "minecraft:mq_ranks/titles/wild_4.png", 					"ascent": 7, 	"height": 8, 	"chars": ["俣"]},		
		
		{"type": "bitmap", "file": "minecraft:mq_ranks/titles/welcome_1.png", 				"ascent": 7, 	"height": 8, 	"chars": ["俰"]},
		{"type": "bitmap", "file": "minecraft:mq_ranks/titles/welcome_2.png", 				"ascent": 7, 	"height": 8, 	"chars": ["俱"]},
		{"type": "bitmap", "file": "minecraft:mq_ranks/titles/welcome_3.png", 				"ascent": 7, 	"height": 8, 	"chars": ["俲"]},
		{"type": "bitmap", "file": "minecraft:mq_ranks/titles/welcome_4.png", 				"ascent": 7, 	"height": 8, 	"chars": ["俳"]},
		{"type": "bitmap", "file": "minecraft:mq_ranks/titles/welcome_4.png", 				"ascent": 7, 	"height": 8, 	"chars": ["俴"]},
		
		{"type": "bitmap", "file": "minecraft:chat_icons/flame.png", 						"ascent": 7, 	"height": 8, 	"chars": ["䰀"]},
		{"type": "bitmap", "file": "minecraft:chat_icons/aus_flag.png", 					"ascent": 7, 	"height": 8, 	"chars": ["䰁"]},
		{"type": "bitmap", "file": "minecraft:chat_icons/aus_flag.png", 					"ascent": 7, 	"height": 8, 	"chars": ["䰖"]},
		{"type": "bitmap", "file": "minecraft:chat_icons/bow.png", 							"ascent": 7, 	"height": 8, 	"chars": ["䰂"]},
		{"type": "bitmap", "file": "minecraft:chat_icons/canada_flag.png", 					"ascent": 7, 	"height": 8, 	"chars": ["䰃"]},
		{"type": "bitmap", "file": "minecraft:chat_icons/diamond.png", 						"ascent": 7, 	"height": 8, 	"chars": ["䰄"]},
		{"type": "bitmap", "file": "minecraft:chat_icons/coin.png", 						"ascent": 7, 	"height": 8, 	"chars": ["䰅"]},
		{"type": "bitmap", "file": "minecraft:chat_icons/ring.png", 						"ascent": 7, 	"height": 8, 	"chars": ["䰆"]},
		{"type": "bitmap", "file": "minecraft:chat_icons/gold_bar.png", 					"ascent": 7, 	"height": 8, 	"chars": ["䰇"]},
		{"type": "bitmap", "file": "minecraft:chat_icons/heart.png", 						"ascent": 7, 	"height": 8, 	"chars": ["䰈"]},
		{"type": "bitmap", "file": "minecraft:chat_icons/gold_watch.png", 					"ascent": 7, 	"height": 8, 	"chars": ["䰉"]},
		{"type": "bitmap", "file": "minecraft:chat_icons/nl_flag.png", 						"ascent": 7, 	"height": 8, 	"chars": ["䰊"]},
		{"type": "bitmap", "file": "minecraft:chat_icons/money_bag.png", 					"ascent": 7, 	"height": 8, 	"chars": ["䰋"]},
		{"type": "bitmap", "file": "minecraft:chat_icons/money.png", 						"ascent": 7, 	"height": 8, 	"chars": ["䰌"]},
		{"type": "bitmap", "file": "minecraft:chat_icons/money.png", 						"ascent": 7, 	"height": 8, 	"chars": ["䰗"]},
		{"type": "bitmap", "file": "minecraft:chat_icons/usa_flag.png", 					"ascent": 7, 	"height": 8, 	"chars": ["䰍"]},
		{"type": "bitmap", "file": "minecraft:chat_icons/snowflake.png", 					"ascent": 7, 	"height": 8, 	"chars": ["䰎"]},
		{"type": "bitmap", "file": "minecraft:chat_icons/snowman.png", 						"ascent": 7, 	"height": 8, 	"chars": ["䰏"]},
		{"type": "bitmap", "file": "minecraft:chat_icons/tophat.png", 						"ascent": 7, 	"height": 8, 	"chars": ["䰐"]},
		{"type": "bitmap", "file": "minecraft:chat_icons/shooting_star.png", 				"ascent": 7, 	"height": 8, 	"chars": ["䰑"]},
		{"type": "bitmap", "file": "minecraft:chat_icons/taco.png", 						"ascent": 7, 	"height": 8, 	"chars": ["䰓"]},
		{"type": "bitmap", "file": "minecraft:chat_icons/uk_flag.png", 						"ascent": 7, 	"height": 8, 	"chars": ["䰅"]},
		{"type": "bitmap", "file": "minecraft:chat_icons/trophy.png", 						"ascent": 7, 	"height": 8, 	"chars": ["䰔"]},
		{"type": "bitmap", "file": "minecraft:chat_icons/sword.png", 						"ascent": 7, 	"height": 8, 	"chars": ["䰕"]},
		{"type": "bitmap", "file": "minecraft:chat_icons/sword.png", 						"ascent": 7, 	"height": 8, 	"chars": ["䰕"]},
		{"type": "bitmap", "file": "minecraft:chat_icons/coin.png", 						"ascent": 7, 	"height": 8, 	"chars": ["䰅"]},
		{"type": "bitmap", "file": "minecraft:chat_icons/gem.png", 							"ascent": 7, 	"height": 8, 	"chars": ["䰙"]},
		
		{"type": "bitmap", "file": "minecraft:chat_icons/empty.png", 						"ascent": 0, 	"height": 0, 	"chars": ["䰘"]}
	]
}