{
    "textures": {
        "0": "pokemon/11_metapod/metapod",
        "1": "pokemon/11_metapod/eye",
        "particle": "pokemon/11_metapod/metapod"
    },
    "elements": [
        {
            "rotation": {
                "origin": [
                    8,
                    1,
                    3
                ],
                "angle": 0,
                "axis": "y"
            },
            "from": [
                6,
                -4,
                0
            ],
            "to": [
                10,
                0,
                6
            ],
            "faces": {
                "east": {
                    "uv": [
                        1.5,
                        1.5,
                        6.5,
                        6.5
                    ],
                    "texture": "#0"
                },
                "south": {
                    "uv": [
                        1.5,
                        1.5,
                        6.5,
                        6.5
                    ],
                    "texture": "#0"
                },
                "north": {
                    "uv": [
                        1.5,
                        1.5,
                        6.5,
                        6.5
                    ],
                    "texture": "#0"
                },
                "west": {
                    "uv": [
                        1.5,
                        1.5,
                        6.5,
                        6.5
                    ],
                    "texture": "#0"
                },
                "up": {
                    "uv": [
                        1.5,
                        1.5,
                        6.5,
                        6.5
                    ],
                    "texture": "#0"
                },
                "down": {
                    "uv": [
                        1.5,
                        1.5,
                        6.5,
                        6.5
                    ],
                    "texture": "#0"
                }
            }
        },
        {
            "rotation": {
                "origin": [
                    8,
                    1,
                    3
                ],
                "angle": 0,
                "axis": "y"
            },
            "from": [
                5.75,
                -3.5,
                0
            ],
            "to": [
                10.25,
                -1,
                2
            ],
            "faces": {
                "east": {
                    "uv": [
                        1.5,
                        1.5,
                        6.5,
                        6.5
                    ],
                    "texture": "#0"
                },
                "south": {
                    "uv": [
                        1.5,
                        1.5,
                        6.5,
                        6.5
                    ],
                    "texture": "#0"
                },
                "north": {
                    "uv": [
                        1.5,
                        1.5,
                        6.5,
                        6.5
                    ],
                    "texture": "#0"
                },
                "west": {
                    "uv": [
                        1.5,
                        1.5,
                        6.5,
                        6.5
                    ],
                    "texture": "#0"
                },
                "up": {
                    "uv": [
                        1.5,
                        1.5,
                        6.5,
                        6.5
                    ],
                    "texture": "#0"
                },
                "down": {
                    "uv": [
                        1.5,
                        1.5,
                        6.5,
                        6.5
                    ],
                    "texture": "#0"
                }
            }
        },
        {
            "rotation": {
                "origin": [
                    5.75,
                    -1,
                    2
                ],
                "angle": 45,
                "axis": "x"
            },
            "from": [
                5.75,
                -2.76562,
                2
            ],
            "to": [
                10.25,
                -1,
                3.77344
            ],
            "faces": {
                "east": {
                    "uv": [
                        1.5,
                        1.5,
                        6.5,
                        6.5
                    ],
                    "texture": "#0"
                },
                "south": {
                    "uv": [
                        1.5,
                        1.5,
                        6.5,
                        6.5
                    ],
                    "texture": "#0"
                },
                "north": {
                    "uv": [
                        1.5,
                        1.5,
                        6.5,
                        6.5
                    ],
                    "texture": "#0"
                },
                "west": {
                    "uv": [
                        1.5,
                        1.5,
                        6.5,
                        6.5
                    ],
                    "texture": "#0"
                },
                "up": {
                    "uv": [
                        1.5,
                        1.5,
                        6.5,
                        6.5
                    ],
                    "texture": "#0"
                },
                "down": {
                    "uv": [
                        1.5,
                        1.5,
                        6.5,
                        6.5
                    ],
                    "texture": "#0"
                }
            }
        },
        {
            "rotation": {
                "origin": [
                    8,
                    3,
                    3
                ],
                "angle": 0,
                "axis": "y"
            },
            "from": [
                6,
                -2,
                1.5
            ],
            "to": [
                10,
                2.5,
                4.96875
            ],
            "faces": {
                "east": {
                    "uv": [
                        1.5,
                        1.5,
                        6.5,
                        6.5
                    ],
                    "texture": "#0"
                },
                "south": {
                    "uv": [
                        1.5,
                        1.5,
                        6.5,
                        6.5
                    ],
                    "texture": "#0"
                },
                "north": {
                    "uv": [
                        1.5,
                        1.5,
                        6.5,
                        6.5
                    ],
                    "texture": "#0"
                },
                "west": {
                    "uv": [
                        1.5,
                        1.5,
                        6.5,
                        6.5
                    ],
                    "texture": "#0"
                },
                "up": {
                    "uv": [
                        1.5,
                        1.5,
                        6.5,
                        6.5
                    ],
                    "texture": "#0"
                },
                "down": {
                    "uv": [
                        1.5,
                        1.5,
                        6.5,
                        6.5
                    ],
                    "texture": "#0"
                }
            }
        },
        {
            "rotation": {
                "origin": [
                    8.00781,
                    3,
                    4
                ],
                "angle": 0,
                "axis": "y"
            },
            "from": [
                5.99219,
                -1,
                2.5
            ],
            "to": [
                10.00781,
                1.5,
                4.96875
            ],
            "faces": {
                "east": {
                    "uv": [
                        0.25,
                        0.25,
                        14.5,
                        14.5
                    ],
                    "texture": "#1"
                },
                "south": {
                    "uv": [
                        0,
                        0.5,
                        1.25,
                        2
                    ],
                    "texture": "#1"
                },
                "north": {
                    "uv": [
                        0,
                        0.5,
                        1.25,
                        2
                    ],
                    "texture": "#1"
                },
                "west": {
                    "uv": [
                        0.25,
                        0.25,
                        14.5,
                        14.5
                    ],
                    "texture": "#1"
                },
                "up": {
                    "uv": [
                        0,
                        0.5,
                        1.25,
                        2
                    ],
                    "texture": "#1"
                },
                "down": {
                    "uv": [
                        0,
                        0.5,
                        1.25,
                        2
                    ],
                    "texture": "#1"
                }
            }
        },
        {
            "rotation": {
                "origin": [
                    8,
                    2.5,
                    4.96875
                ],
                "angle": -22.5,
                "axis": "x"
            },
            "from": [
                6,
                -0.21875,
                3.46875
            ],
            "to": [
                10,
                2.5,
                4.96875
            ],
            "faces": {
                "east": {
                    "uv": [
                        1.5,
                        1.5,
                        6.5,
                        6.5
                    ],
                    "texture": "#0",
                    "rotation": 270
                },
                "south": {
                    "uv": [
                        1.5,
                        1.5,
                        6.5,
                        6.5
                    ],
                    "texture": "#0"
                },
                "north": {
                    "uv": [
                        1.5,
                        1.5,
                        6.5,
                        6.5
                    ],
                    "texture": "#0",
                    "rotation": 180
                },
                "west": {
                    "uv": [
                        1.5,
                        1.5,
                        6.5,
                        6.5
                    ],
                    "texture": "#0",
                    "rotation": 90
                },
                "up": {
                    "uv": [
                        1.5,
                        1.5,
                        6.5,
                        6.5
                    ],
                    "texture": "#0",
                    "rotation": 180
                },
                "down": {
                    "uv": [
                        1.5,
                        1.5,
                        6.5,
                        6.5
                    ],
                    "texture": "#0"
                }
            }
        },
        {
            "rotation": {
                "origin": [
                    8,
                    2.5,
                    1.5
                ],
                "angle": 22.5,
                "axis": "x"
            },
            "from": [
                6,
                -0.21875,
                1.5
            ],
            "to": [
                10,
                2.5,
                3
            ],
            "faces": {
                "east": {
                    "uv": [
                        1.5,
                        6.5,
                        6.5,
                        1.5
                    ],
                    "texture": "#0",
                    "rotation": 270
                },
                "south": {
                    "uv": [
                        6.5,
                        1.5,
                        1.5,
                        6.5
                    ],
                    "texture": "#0",
                    "rotation": 180
                },
                "north": {
                    "uv": [
                        6.5,
                        1.5,
                        1.5,
                        6.5
                    ],
                    "texture": "#0"
                },
                "west": {
                    "uv": [
                        1.5,
                        6.5,
                        6.5,
                        1.5
                    ],
                    "texture": "#0",
                    "rotation": 90
                },
                "up": {
                    "uv": [
                        1.5,
                        6.5,
                        6.5,
                        1.5
                    ],
                    "texture": "#0",
                    "rotation": 180
                },
                "down": {
                    "uv": [
                        1.5,
                        6.5,
                        6.5,
                        1.5
                    ],
                    "texture": "#0"
                }
            }
        },
        {
            "rotation": {
                "origin": [
                    8,
                    -4,
                    1
                ],
                "angle": -22.5,
                "axis": "x"
            },
            "from": [
                6,
                -6,
                1
            ],
            "to": [
                10,
                -3.5,
                5.5
            ],
            "faces": {
                "east": {
                    "uv": [
                        1.5,
                        1.5,
                        6.5,
                        6.5
                    ],
                    "texture": "#0"
                },
                "south": {
                    "uv": [
                        1.5,
                        1.5,
                        6.5,
                        6.5
                    ],
                    "texture": "#0"
                },
                "north": {
                    "uv": [
                        1.5,
                        1.5,
                        6.5,
                        6.5
                    ],
                    "texture": "#0"
                },
                "west": {
                    "uv": [
                        1.5,
                        1.5,
                        6.5,
                        6.5
                    ],
                    "texture": "#0"
                },
                "up": {
                    "uv": [
                        1.5,
                        1.5,
                        6.5,
                        6.5
                    ],
                    "texture": "#0"
                },
                "down": {
                    "uv": [
                        1.5,
                        1.5,
                        6.5,
                        6.5
                    ],
                    "texture": "#0"
                }
            }
        },
        {
            "rotation": {
                "origin": [
                    8,
                    -4,
                    2.5
                ],
                "angle": 22.5,
                "axis": "x"
            },
            "from": [
                6,
                -6,
                2.5
            ],
            "to": [
                10,
                -2.5,
                7
            ],
            "faces": {
                "east": {
                    "uv": [
                        1.5,
                        1.5,
                        6.5,
                        6.5
                    ],
                    "texture": "#0"
                },
                "south": {
                    "uv": [
                        1.5,
                        1.5,
                        6.5,
                        6.5
                    ],
                    "texture": "#0"
                },
                "north": {
                    "uv": [
                        1.5,
                        1.5,
                        6.5,
                        6.5
                    ],
                    "texture": "#0"
                },
                "west": {
                    "uv": [
                        1.5,
                        1.5,
                        6.5,
                        6.5
                    ],
                    "texture": "#0"
                },
                "up": {
                    "uv": [
                        1.5,
                        1.5,
                        6.5,
                        6.5
                    ],
                    "texture": "#0"
                },
                "down": {
                    "uv": [
                        1.5,
                        1.5,
                        6.5,
                        6.5
                    ],
                    "texture": "#0"
                }
            }
        },
        {
            "rotation": {
                "origin": [
                    8,
                    -5.5,
                    5.75
                ],
                "angle": 0,
                "axis": "x"
            },
            "from": [
                6,
                -7.5,
                5.75
            ],
            "to": [
                10,
                -3,
                10.25
            ],
            "faces": {
                "east": {
                    "uv": [
                        1.5,
                        1.5,
                        6.5,
                        6.5
                    ],
                    "texture": "#0"
                },
                "south": {
                    "uv": [
                        1.5,
                        1.5,
                        6.5,
                        6.5
                    ],
                    "texture": "#0"
                },
                "north": {
                    "uv": [
                        1.5,
                        1.5,
                        6.5,
                        6.5
                    ],
                    "texture": "#0"
                },
                "west": {
                    "uv": [
                        1.5,
                        1.5,
                        6.5,
                        6.5
                    ],
                    "texture": "#0"
                },
                "up": {
                    "uv": [
                        1.5,
                        1.5,
                        6.5,
                        6.5
                    ],
                    "texture": "#0"
                },
                "down": {
                    "uv": [
                        1.5,
                        1.5,
                        6.5,
                        6.5
                    ],
                    "texture": "#0"
                }
            }
        },
        {
            "rotation": {
                "origin": [
                    8,
                    -5,
                    8.75
                ],
                "angle": 0,
                "axis": "x"
            },
            "from": [
                6.5,
                -6,
                8.75
            ],
            "to": [
                9.5,
                -4,
                13.25
            ],
            "faces": {
                "east": {
                    "uv": [
                        1.5,
                        1.5,
                        6.5,
                        6.5
                    ],
                    "texture": "#0"
                },
                "south": {
                    "uv": [
                        1.5,
                        1.5,
                        6.5,
                        6.5
                    ],
                    "texture": "#0"
                },
                "north": {
                    "uv": [
                        1.5,
                        1.5,
                        6.5,
                        6.5
                    ],
                    "texture": "#0"
                },
                "west": {
                    "uv": [
                        1.5,
                        1.5,
                        6.5,
                        6.5
                    ],
                    "texture": "#0"
                },
                "up": {
                    "uv": [
                        1.5,
                        1.5,
                        6.5,
                        6.5
                    ],
                    "texture": "#0"
                },
                "down": {
                    "uv": [
                        1.5,
                        1.5,
                        6.5,
                        6.5
                    ],
                    "texture": "#0"
                }
            }
        },
        {
            "rotation": {
                "origin": [
                    8,
                    -7,
                    13.75
                ],
                "angle": -22.5,
                "axis": "x"
            },
            "from": [
                6.5,
                -6,
                13.25
            ],
            "to": [
                9.5,
                -4.5,
                16.25
            ],
            "faces": {
                "east": {
                    "uv": [
                        1.5,
                        1.5,
                        6.5,
                        6.5
                    ],
                    "texture": "#0"
                },
                "south": {
                    "uv": [
                        1.5,
                        1.5,
                        6.5,
                        6.5
                    ],
                    "texture": "#0"
                },
                "north": {
                    "uv": [
                        1.5,
                        1.5,
                        6.5,
                        6.5
                    ],
                    "texture": "#0"
                },
                "west": {
                    "uv": [
                        1.5,
                        1.5,
                        6.5,
                        6.5
                    ],
                    "texture": "#0"
                },
                "up": {
                    "uv": [
                        1.5,
                        1.5,
                        6.5,
                        6.5
                    ],
                    "texture": "#0"
                },
                "down": {
                    "uv": [
                        1.5,
                        1.5,
                        6.5,
                        6.5
                    ],
                    "texture": "#0"
                }
            }
        },
        {
            "rotation": {
                "origin": [
                    8,
                    -7,
                    8.75
                ],
                "angle": 0,
                "axis": "x"
            },
            "from": [
                7,
                -7.5,
                8.75
            ],
            "to": [
                9,
                -3.5,
                13.25
            ],
            "faces": {
                "east": {
                    "uv": [
                        1.5,
                        1.5,
                        6.5,
                        6.5
                    ],
                    "texture": "#0"
                },
                "south": {
                    "uv": [
                        1.5,
                        1.5,
                        6.5,
                        6.5
                    ],
                    "texture": "#0"
                },
                "north": {
                    "uv": [
                        1.5,
                        1.5,
                        6.5,
                        6.5
                    ],
                    "texture": "#0"
                },
                "west": {
                    "uv": [
                        1.5,
                        1.5,
                        6.5,
                        6.5
                    ],
                    "texture": "#0"
                },
                "up": {
                    "uv": [
                        1.5,
                        1.5,
                        6.5,
                        6.5
                    ],
                    "texture": "#0"
                },
                "down": {
                    "uv": [
                        1.5,
                        1.5,
                        6.5,
                        6.5
                    ],
                    "texture": "#0"
                }
            }
        },
        {
            "rotation": {
                "origin": [
                    8,
                    -7,
                    13.75
                ],
                "angle": -22.5,
                "axis": "x"
            },
            "from": [
                7,
                -7,
                13.25
            ],
            "to": [
                9,
                -4,
                16.25
            ],
            "faces": {
                "east": {
                    "uv": [
                        1.5,
                        1.5,
                        6.5,
                        6.5
                    ],
                    "texture": "#0"
                },
                "south": {
                    "uv": [
                        1.5,
                        1.5,
                        6.5,
                        6.5
                    ],
                    "texture": "#0"
                },
                "north": {
                    "uv": [
                        1.5,
                        1.5,
                        6.5,
                        6.5
                    ],
                    "texture": "#0"
                },
                "west": {
                    "uv": [
                        1.5,
                        1.5,
                        6.5,
                        6.5
                    ],
                    "texture": "#0"
                },
                "up": {
                    "uv": [
                        1.5,
                        1.5,
                        6.5,
                        6.5
                    ],
                    "texture": "#0"
                },
                "down": {
                    "uv": [
                        1.5,
                        1.5,
                        6.5,
                        6.5
                    ],
                    "texture": "#0"
                }
            }
        },
        {
            "rotation": {
                "origin": [
                    8,
                    -7,
                    13.75
                ],
                "angle": -22.5,
                "axis": "x"
            },
            "from": [
                7,
                -6.5,
                16.25
            ],
            "to": [
                9,
                -4.5,
                17.75
            ],
            "faces": {
                "east": {
                    "uv": [
                        1.5,
                        1.5,
                        6.5,
                        6.5
                    ],
                    "texture": "#0"
                },
                "south": {
                    "uv": [
                        1.5,
                        1.5,
                        6.5,
                        6.5
                    ],
                    "texture": "#0"
                },
                "north": {
                    "uv": [
                        1.5,
                        1.5,
                        6.5,
                        6.5
                    ],
                    "texture": "#0"
                },
                "west": {
                    "uv": [
                        1.5,
                        1.5,
                        6.5,
                        6.5
                    ],
                    "texture": "#0"
                },
                "up": {
                    "uv": [
                        1.5,
                        1.5,
                        6.5,
                        6.5
                    ],
                    "texture": "#0"
                },
                "down": {
                    "uv": [
                        1.5,
                        1.5,
                        6.5,
                        6.5
                    ],
                    "texture": "#0"
                }
            }
        },
        {
            "rotation": {
                "origin": [
                    8,
                    -7,
                    13.75
                ],
                "angle": -45,
                "axis": "x"
            },
            "from": [
                7.5,
                -7.83939,
                17.48358
            ],
            "to": [
                8.5,
                -5.83939,
                19.23358
            ],
            "faces": {
                "east": {
                    "uv": [
                        1.5,
                        1.5,
                        6.5,
                        6.5
                    ],
                    "texture": "#0"
                },
                "south": {
                    "uv": [
                        1.5,
                        1.5,
                        6.5,
                        6.5
                    ],
                    "texture": "#0"
                },
                "north": {
                    "uv": [
                        1.5,
                        1.5,
                        6.5,
                        6.5
                    ],
                    "texture": "#0"
                },
                "west": {
                    "uv": [
                        1.5,
                        1.5,
                        6.5,
                        6.5
                    ],
                    "texture": "#0"
                },
                "up": {
                    "uv": [
                        1.5,
                        1.5,
                        6.5,
                        6.5
                    ],
                    "texture": "#0"
                },
                "down": {
                    "uv": [
                        1.5,
                        1.5,
                        6.5,
                        6.5
                    ],
                    "texture": "#0"
                }
            }
        },
        {
            "rotation": {
                "origin": [
                    8,
                    -7,
                    13.75
                ],
                "angle": 0,
                "axis": "x"
            },
            "from": [
                7.5,
                -3.71591,
                16.8068
            ],
            "to": [
                8.5,
                -2.30185,
                18.22086
            ],
            "faces": {
                "east": {
                    "uv": [
                        1.5,
                        1.5,
                        6.5,
                        6.5
                    ],
                    "texture": "#0"
                },
                "south": {
                    "uv": [
                        1.5,
                        1.5,
                        6.5,
                        6.5
                    ],
                    "texture": "#0"
                },
                "north": {
                    "uv": [
                        1.5,
                        1.5,
                        6.5,
                        6.5
                    ],
                    "texture": "#0"
                },
                "west": {
                    "uv": [
                        1.5,
                        1.5,
                        6.5,
                        6.5
                    ],
                    "texture": "#0"
                },
                "up": {
                    "uv": [
                        1.5,
                        1.5,
                        6.5,
                        6.5
                    ],
                    "texture": "#0"
                },
                "down": {
                    "uv": [
                        1.5,
                        1.5,
                        6.5,
                        6.5
                    ],
                    "texture": "#0"
                }
            }
        },
        {
            "rotation": {
                "origin": [
                    8,
                    2,
                    3.25
                ],
                "angle": 0,
                "axis": "y"
            },
            "from": [
                7,
                -4,
                -0.25
            ],
            "to": [
                9,
                -0.5,
                3.25
            ],
            "faces": {
                "east": {
                    "uv": [
                        1.5,
                        1.5,
                        6.5,
                        6.5
                    ],
                    "texture": "#0"
                },
                "south": {
                    "uv": [
                        1.5,
                        1.5,
                        6.5,
                        6.5
                    ],
                    "texture": "#0"
                },
                "north": {
                    "uv": [
                        1.5,
                        1.5,
                        6.5,
                        6.5
                    ],
                    "texture": "#0"
                },
                "west": {
                    "uv": [
                        1.5,
                        1.5,
                        6.5,
                        6.5
                    ],
                    "texture": "#0"
                },
                "up": {
                    "uv": [
                        1.5,
                        1.5,
                        6.5,
                        6.5
                    ],
                    "texture": "#0"
                },
                "down": {
                    "uv": [
                        1.5,
                        1.5,
                        6.5,
                        6.5
                    ],
                    "texture": "#0"
                }
            }
        },
        {
            "rotation": {
                "origin": [
                    8,
                    1,
                    0.5
                ],
                "angle": 45,
                "axis": "x"
            },
            "from": [
                7.5,
                -1,
                0.5
            ],
            "to": [
                8.5,
                1,
                4
            ],
            "faces": {
                "east": {
                    "uv": [
                        1.5,
                        1.5,
                        6.5,
                        6.5
                    ],
                    "texture": "#0"
                },
                "south": {
                    "uv": [
                        1.5,
                        1.5,
                        6.5,
                        6.5
                    ],
                    "texture": "#0"
                },
                "north": {
                    "uv": [
                        1.5,
                        1.5,
                        6.5,
                        6.5
                    ],
                    "texture": "#0"
                },
                "west": {
                    "uv": [
                        1.5,
                        1.5,
                        6.5,
                        6.5
                    ],
                    "texture": "#0"
                },
                "up": {
                    "uv": [
                        1.5,
                        1.5,
                        6.5,
                        6.5
                    ],
                    "texture": "#0"
                },
                "down": {
                    "uv": [
                        1.5,
                        1.5,
                        6.5,
                        6.5
                    ],
                    "texture": "#0"
                }
            }
        },
        {
            "rotation": {
                "origin": [
                    8,
                    1.43355,
                    -0.14885
                ],
                "angle": -22.5,
                "axis": "x"
            },
            "from": [
                7.5,
                -2.98067,
                -1.56306
            ],
            "to": [
                8.5,
                0.01933,
                1.93694
            ],
            "faces": {
                "east": {
                    "uv": [
                        1.5,
                        1.5,
                        6.5,
                        6.5
                    ],
                    "texture": "#0"
                },
                "south": {
                    "uv": [
                        1.5,
                        1.5,
                        6.5,
                        6.5
                    ],
                    "texture": "#0"
                },
                "north": {
                    "uv": [
                        1.5,
                        1.5,
                        6.5,
                        6.5
                    ],
                    "texture": "#0"
                },
                "west": {
                    "uv": [
                        1.5,
                        1.5,
                        6.5,
                        6.5
                    ],
                    "texture": "#0"
                },
                "up": {
                    "uv": [
                        1.5,
                        1.5,
                        6.5,
                        6.5
                    ],
                    "texture": "#0"
                },
                "down": {
                    "uv": [
                        1.5,
                        1.5,
                        6.5,
                        6.5
                    ],
                    "texture": "#0"
                }
            }
        },
        {
            "rotation": {
                "origin": [
                    8,
                    0,
                    0
                ],
                "angle": 22.5,
                "axis": "x"
            },
            "from": [
                6.5,
                0,
                0
            ],
            "to": [
                9.5,
                4.375,
                3.28125
            ],
            "faces": {
                "east": {
                    "uv": [
                        1.5,
                        1.5,
                        6.5,
                        6.5
                    ],
                    "texture": "#0"
                },
                "south": {
                    "uv": [
                        1.5,
                        1.5,
                        6.5,
                        6.5
                    ],
                    "texture": "#0"
                },
                "north": {
                    "uv": [
                        1.5,
                        1.5,
                        6.5,
                        6.5
                    ],
                    "texture": "#0"
                },
                "west": {
                    "uv": [
                        1.5,
                        1.5,
                        6.5,
                        6.5
                    ],
                    "texture": "#0"
                },
                "up": {
                    "uv": [
                        1.5,
                        1.5,
                        6.5,
                        6.5
                    ],
                    "texture": "#0"
                },
                "down": {
                    "uv": [
                        1.5,
                        1.5,
                        6.5,
                        6.5
                    ],
                    "texture": "#0"
                }
            }
        },
        {
            "rotation": {
                "origin": [
                    8,
                    3,
                    4.5
                ],
                "angle": 45,
                "axis": "x"
            },
            "from": [
                6.5,
                -2,
                4.78125
            ],
            "to": [
                9.5,
                3,
                9.5
            ],
            "faces": {
                "east": {
                    "uv": [
                        1.5,
                        1.5,
                        6.5,
                        6.5
                    ],
                    "texture": "#0",
                    "rotation": 270
                },
                "south": {
                    "uv": [
                        1.5,
                        1.5,
                        6.5,
                        6.5
                    ],
                    "texture": "#0"
                },
                "north": {
                    "uv": [
                        1.5,
                        1.5,
                        6.5,
                        6.5
                    ],
                    "texture": "#0",
                    "rotation": 180
                },
                "west": {
                    "uv": [
                        1.5,
                        1.5,
                        6.5,
                        6.5
                    ],
                    "texture": "#0",
                    "rotation": 90
                },
                "up": {
                    "uv": [
                        1.5,
                        1.5,
                        6.5,
                        6.5
                    ],
                    "texture": "#0",
                    "rotation": 180
                },
                "down": {
                    "uv": [
                        1.5,
                        1.5,
                        6.5,
                        6.5
                    ],
                    "texture": "#0"
                }
            }
        },
        {
            "rotation": {
                "origin": [
                    8,
                    1,
                    7
                ],
                "angle": 22.5,
                "axis": "x"
            },
            "from": [
                6.5,
                -1.5,
                6
            ],
            "to": [
                9.5,
                1,
                9
            ],
            "faces": {
                "east": {
                    "uv": [
                        1.5,
                        1.5,
                        6.5,
                        6.5
                    ],
                    "texture": "#0",
                    "rotation": 270
                },
                "south": {
                    "uv": [
                        1.5,
                        1.5,
                        6.5,
                        6.5
                    ],
                    "texture": "#0"
                },
                "north": {
                    "uv": [
                        1.5,
                        1.5,
                        6.5,
                        6.5
                    ],
                    "texture": "#0",
                    "rotation": 180
                },
                "west": {
                    "uv": [
                        1.5,
                        1.5,
                        6.5,
                        6.5
                    ],
                    "texture": "#0",
                    "rotation": 90
                },
                "up": {
                    "uv": [
                        1.5,
                        1.5,
                        6.5,
                        6.5
                    ],
                    "texture": "#0",
                    "rotation": 180
                },
                "down": {
                    "uv": [
                        1.5,
                        1.5,
                        6.5,
                        6.5
                    ],
                    "texture": "#0"
                }
            }
        },
        {
            "rotation": {
                "origin": [
                    8,
                    1,
                    6.5
                ],
                "angle": 0,
                "axis": "x"
            },
            "from": [
                6.5,
                -1.5,
                5.5
            ],
            "to": [
                9.5,
                0.5,
                10
            ],
            "faces": {
                "east": {
                    "uv": [
                        1.5,
                        1.5,
                        6.5,
                        6.5
                    ],
                    "texture": "#0",
                    "rotation": 270
                },
                "south": {
                    "uv": [
                        1.5,
                        1.5,
                        6.5,
                        6.5
                    ],
                    "texture": "#0"
                },
                "north": {
                    "uv": [
                        1.5,
                        1.5,
                        6.5,
                        6.5
                    ],
                    "texture": "#0",
                    "rotation": 180
                },
                "west": {
                    "uv": [
                        1.5,
                        1.5,
                        6.5,
                        6.5
                    ],
                    "texture": "#0",
                    "rotation": 90
                },
                "up": {
                    "uv": [
                        1.5,
                        1.5,
                        6.5,
                        6.5
                    ],
                    "texture": "#0",
                    "rotation": 180
                },
                "down": {
                    "uv": [
                        1.5,
                        1.5,
                        6.5,
                        6.5
                    ],
                    "texture": "#0"
                }
            }
        },
        {
            "rotation": {
                "origin": [
                    8,
                    -1.5,
                    10
                ],
                "angle": -22.5,
                "axis": "x"
            },
            "from": [
                6.5,
                -1.5,
                4.5
            ],
            "to": [
                9.5,
                0.5,
                10
            ],
            "faces": {
                "east": {
                    "uv": [
                        1.5,
                        1.5,
                        6.5,
                        6.5
                    ],
                    "texture": "#0",
                    "rotation": 270
                },
                "south": {
                    "uv": [
                        1.5,
                        1.5,
                        6.5,
                        6.5
                    ],
                    "texture": "#0"
                },
                "north": {
                    "uv": [
                        1.5,
                        1.5,
                        6.5,
                        6.5
                    ],
                    "texture": "#0",
                    "rotation": 180
                },
                "west": {
                    "uv": [
                        1.5,
                        1.5,
                        6.5,
                        6.5
                    ],
                    "texture": "#0",
                    "rotation": 90
                },
                "up": {
                    "uv": [
                        1.5,
                        1.5,
                        6.5,
                        6.5
                    ],
                    "texture": "#0",
                    "rotation": 180
                },
                "down": {
                    "uv": [
                        1.5,
                        1.5,
                        6.5,
                        6.5
                    ],
                    "texture": "#0"
                }
            }
        },
        {
            "rotation": {
                "origin": [
                    8,
                    -1.5,
                    9
                ],
                "angle": -45,
                "axis": "x"
            },
            "from": [
                6.5,
                -1.5,
                3.5
            ],
            "to": [
                9.5,
                0.5,
                9
            ],
            "faces": {
                "east": {
                    "uv": [
                        1.5,
                        1.5,
                        6.5,
                        6.5
                    ],
                    "texture": "#0",
                    "rotation": 270
                },
                "south": {
                    "uv": [
                        1.5,
                        1.5,
                        6.5,
                        6.5
                    ],
                    "texture": "#0"
                },
                "north": {
                    "uv": [
                        1.5,
                        1.5,
                        6.5,
                        6.5
                    ],
                    "texture": "#0",
                    "rotation": 180
                },
                "west": {
                    "uv": [
                        1.5,
                        1.5,
                        6.5,
                        6.5
                    ],
                    "texture": "#0",
                    "rotation": 90
                },
                "up": {
                    "uv": [
                        1.5,
                        1.5,
                        6.5,
                        6.5
                    ],
                    "texture": "#0",
                    "rotation": 180
                },
                "down": {
                    "uv": [
                        1.5,
                        1.5,
                        6.5,
                        6.5
                    ],
                    "texture": "#0"
                }
            }
        },
        {
            "rotation": {
                "origin": [
                    8,
                    2,
                    1.5
                ],
                "angle": 0,
                "axis": "x"
            },
            "from": [
                7,
                2,
                1.5
            ],
            "to": [
                9,
                5.5,
                3.5
            ],
            "faces": {
                "east": {
                    "uv": [
                        1.5,
                        1.5,
                        6.5,
                        6.5
                    ],
                    "texture": "#0"
                },
                "south": {
                    "uv": [
                        1.5,
                        1.5,
                        6.5,
                        6.5
                    ],
                    "texture": "#0"
                },
                "north": {
                    "uv": [
                        1.5,
                        1.5,
                        6.5,
                        6.5
                    ],
                    "texture": "#0"
                },
                "west": {
                    "uv": [
                        1.5,
                        1.5,
                        6.5,
                        6.5
                    ],
                    "texture": "#0"
                },
                "up": {
                    "uv": [
                        1.5,
                        1.5,
                        6.5,
                        6.5
                    ],
                    "texture": "#0"
                },
                "down": {
                    "uv": [
                        1.5,
                        1.5,
                        6.5,
                        6.5
                    ],
                    "texture": "#0"
                }
            }
        },
        {
            "rotation": {
                "origin": [
                    8,
                    5.5,
                    1.5
                ],
                "angle": -22.5,
                "axis": "x"
            },
            "from": [
                7,
                -0.5,
                1.5
            ],
            "to": [
                9,
                5.5,
                3.375
            ],
            "faces": {
                "east": {
                    "uv": [
                        1.5,
                        1.5,
                        6.5,
                        6.5
                    ],
                    "texture": "#0"
                },
                "south": {
                    "uv": [
                        1.5,
                        1.5,
                        6.5,
                        6.5
                    ],
                    "texture": "#0"
                },
                "north": {
                    "uv": [
                        1.5,
                        1.5,
                        6.5,
                        6.5
                    ],
                    "texture": "#0"
                },
                "west": {
                    "uv": [
                        1.5,
                        1.5,
                        6.5,
                        6.5
                    ],
                    "texture": "#0"
                },
                "up": {
                    "uv": [
                        1.5,
                        1.5,
                        6.5,
                        6.5
                    ],
                    "texture": "#0"
                },
                "down": {
                    "uv": [
                        1.5,
                        1.5,
                        6.5,
                        6.5
                    ],
                    "texture": "#0"
                }
            }
        }
    ],
    "display": {
        "head": {
            "translation": [
                0,
                -23.75,
                0
            ],
            "scale": [
                1.25,
                1.25,
                1.25
            ]
        },
        "gui": {
            "rotation": [
                30,
                135,
                0
            ],
            "translation": [
                0,
                9,
                0
            ]
        }
    },
    "credit": "© 2015-2022 MadstonMagic. All rights reserved. https://madstonmagic.github.io/shop/. Made using BlockBench"
}