{
    "textures": {
        "0": "pokemon/137_porygon/eye",
        "1": "pokemon/137_porygon/porygon",
        "particle": "pokemon/137_porygon/eye"
    },
    "elements": [
        {
            "rotation": {
                "origin": [
                    8,
                    5,
                    5.5
                ],
                "angle": 22.5,
                "axis": "x"
            },
            "from": [
                6.5,
                3,
                5.5
            ],
            "to": [
                9.5,
                3.5,
                10.5
            ],
            "faces": {
                "east": {
                    "uv": [
                        2.5,
                        2,
                        6,
                        5.5
                    ],
                    "texture": "#1"
                },
                "south": {
                    "uv": [
                        2.5,
                        2,
                        6,
                        5.5
                    ],
                    "texture": "#1"
                },
                "north": {
                    "uv": [
                        9,
                        1.5,
                        13,
                        6
                    ],
                    "texture": "#1"
                },
                "west": {
                    "uv": [
                        2.5,
                        2,
                        6,
                        5.5
                    ],
                    "texture": "#1"
                },
                "up": {
                    "uv": [
                        2.5,
                        2,
                        6,
                        5.5
                    ],
                    "texture": "#1"
                }
            }
        },
        {
            "rotation": {
                "origin": [
                    8,
                    5,
                    5.5
                ],
                "angle": 22.5,
                "axis": "x"
            },
            "from": [
                6,
                0,
                6.3125
            ],
            "to": [
                10,
                3,
                10.5
            ],
            "faces": {
                "east": {
                    "uv": [
                        2.5,
                        2,
                        6,
                        5.5
                    ],
                    "texture": "#1"
                },
                "south": {
                    "uv": [
                        2.5,
                        2,
                        6,
                        5.5
                    ],
                    "texture": "#1"
                },
                "north": {
                    "uv": [
                        2.5,
                        2,
                        6,
                        5.5
                    ],
                    "texture": "#1"
                },
                "west": {
                    "uv": [
                        2.5,
                        2,
                        6,
                        5.5
                    ],
                    "texture": "#1"
                },
                "up": {
                    "uv": [
                        2.5,
                        2,
                        6,
                        5.5
                    ],
                    "texture": "#1"
                },
                "down": {
                    "uv": [
                        2.5,
                        2,
                        6,
                        5.5
                    ],
                    "texture": "#1"
                }
            }
        },
        {
            "rotation": {
                "origin": [
                    8,
                    5,
                    5.5
                ],
                "angle": 22.5,
                "axis": "x"
            },
            "from": [
                6,
                2,
                5.5
            ],
            "to": [
                10,
                3,
                6.3125
            ],
            "faces": {
                "east": {
                    "uv": [
                        2.5,
                        2,
                        6,
                        5.5
                    ],
                    "texture": "#1"
                },
                "north": {
                    "uv": [
                        9,
                        1.5,
                        13,
                        6
                    ],
                    "texture": "#1"
                },
                "west": {
                    "uv": [
                        2.5,
                        2,
                        6,
                        5.5
                    ],
                    "texture": "#1"
                },
                "up": {
                    "uv": [
                        2.5,
                        2,
                        6,
                        5.5
                    ],
                    "texture": "#1"
                }
            }
        },
        {
            "rotation": {
                "origin": [
                    8,
                    5,
                    5.5
                ],
                "angle": 0,
                "axis": "x"
            },
            "from": [
                6,
                0.10336,
                4.35195
            ],
            "to": [
                10,
                2.22836,
                5.35195
            ],
            "faces": {
                "east": {
                    "uv": [
                        2.5,
                        2,
                        6,
                        5.5
                    ],
                    "texture": "#1"
                },
                "north": {
                    "uv": [
                        9,
                        1.5,
                        13,
                        6
                    ],
                    "texture": "#1"
                },
                "west": {
                    "uv": [
                        2.5,
                        2,
                        6,
                        5.5
                    ],
                    "texture": "#1"
                }
            }
        },
        {
            "rotation": {
                "origin": [
                    8,
                    5,
                    5.5
                ],
                "angle": 22.5,
                "axis": "x"
            },
            "from": [
                6.5,
                0,
                10.5
            ],
            "to": [
                9.5,
                2.5,
                11.5
            ],
            "faces": {
                "east": {
                    "uv": [
                        2.5,
                        2,
                        6,
                        5.5
                    ],
                    "texture": "#1"
                },
                "south": {
                    "uv": [
                        2.5,
                        2,
                        6,
                        5.5
                    ],
                    "texture": "#1"
                },
                "west": {
                    "uv": [
                        2.5,
                        2,
                        6,
                        5.5
                    ],
                    "texture": "#1"
                },
                "up": {
                    "uv": [
                        2.5,
                        2,
                        6,
                        5.5
                    ],
                    "texture": "#1"
                },
                "down": {
                    "uv": [
                        2.5,
                        2,
                        6,
                        5.5
                    ],
                    "texture": "#1"
                }
            }
        },
        {
            "rotation": {
                "origin": [
                    8,
                    5,
                    5.5
                ],
                "angle": 22.5,
                "axis": "x"
            },
            "from": [
                7.5,
                0,
                11.5
            ],
            "to": [
                8.5,
                3.5,
                12.5
            ],
            "faces": {
                "east": {
                    "uv": [
                        9,
                        1.5,
                        13,
                        6
                    ],
                    "texture": "#1"
                },
                "west": {
                    "uv": [
                        9,
                        1.5,
                        13,
                        6
                    ],
                    "texture": "#1"
                },
                "down": {
                    "uv": [
                        9,
                        1.5,
                        13,
                        6
                    ],
                    "texture": "#1"
                }
            }
        },
        {
            "rotation": {
                "origin": [
                    8,
                    5,
                    5.5
                ],
                "angle": 22.5,
                "axis": "x"
            },
            "from": [
                7.5,
                2.5,
                12
            ],
            "to": [
                8.5,
                4,
                13
            ],
            "faces": {
                "east": {
                    "uv": [
                        9,
                        1.5,
                        13,
                        6
                    ],
                    "texture": "#1"
                },
                "west": {
                    "uv": [
                        9,
                        1.5,
                        13,
                        6
                    ],
                    "texture": "#1"
                }
            }
        },
        {
            "rotation": {
                "origin": [
                    8,
                    5,
                    5.5
                ],
                "angle": 45,
                "axis": "x"
            },
            "from": [
                7.5,
                3.05938,
                12.88057
            ],
            "to": [
                8.5,
                9.30938,
                13.88057
            ],
            "faces": {
                "east": {
                    "uv": [
                        9,
                        1.5,
                        13,
                        6
                    ],
                    "texture": "#1"
                },
                "south": {
                    "uv": [
                        9,
                        1.5,
                        13,
                        6
                    ],
                    "texture": "#1"
                },
                "west": {
                    "uv": [
                        9,
                        1.5,
                        13,
                        6
                    ],
                    "texture": "#1"
                },
                "up": {
                    "uv": [
                        9,
                        1.5,
                        13,
                        6
                    ],
                    "texture": "#1"
                }
            }
        },
        {
            "rotation": {
                "origin": [
                    8,
                    5,
                    5.5
                ],
                "angle": -22.5,
                "axis": "x"
            },
            "from": [
                7.5,
                -1.16963,
                5.05578
            ],
            "to": [
                8.5,
                -0.16963,
                12.30578
            ],
            "faces": {
                "east": {
                    "uv": [
                        9,
                        1.5,
                        13,
                        6
                    ],
                    "texture": "#1",
                    "rotation": 270
                },
                "west": {
                    "uv": [
                        9,
                        1.5,
                        13,
                        6
                    ],
                    "texture": "#1",
                    "rotation": 90
                },
                "up": {
                    "uv": [
                        9,
                        1.5,
                        13,
                        6
                    ],
                    "texture": "#1",
                    "rotation": 180
                }
            }
        },
        {
            "rotation": {
                "origin": [
                    8,
                    5,
                    5.5
                ],
                "angle": 45,
                "axis": "x"
            },
            "from": [
                6.5,
                3.61418,
                6.07403
            ],
            "to": [
                9.5,
                5.61418,
                7.57403
            ],
            "faces": {
                "east": {
                    "uv": [
                        0,
                        0,
                        7,
                        4.5
                    ],
                    "texture": "#1"
                },
                "north": {
                    "uv": [
                        9,
                        1.5,
                        13,
                        6
                    ],
                    "texture": "#1"
                },
                "west": {
                    "uv": [
                        0,
                        0,
                        7,
                        4.5
                    ],
                    "texture": "#1"
                }
            }
        },
        {
            "rotation": {
                "origin": [
                    8,
                    5,
                    5.5
                ],
                "angle": 0,
                "axis": "x"
            },
            "from": [
                6.5,
                2.17483,
                5.98663
            ],
            "to": [
                9.5,
                4.67483,
                6.98663
            ],
            "faces": {
                "east": {
                    "uv": [
                        0,
                        0,
                        7,
                        4.5
                    ],
                    "texture": "#1"
                },
                "west": {
                    "uv": [
                        0,
                        0,
                        7,
                        4.5
                    ],
                    "texture": "#1"
                }
            }
        },
        {
            "rotation": {
                "origin": [
                    8,
                    5,
                    5.5
                ],
                "angle": 45,
                "axis": "x"
            },
            "from": [
                6.5,
                2.82129,
                6.78114
            ],
            "to": [
                9.5,
                5.82129,
                10.65614
            ],
            "faces": {
                "east": {
                    "uv": [
                        2.5,
                        2,
                        6,
                        5.5
                    ],
                    "texture": "#1"
                },
                "south": {
                    "uv": [
                        2.5,
                        2,
                        6,
                        5.5
                    ],
                    "texture": "#1"
                },
                "west": {
                    "uv": [
                        2.5,
                        2,
                        6,
                        5.5
                    ],
                    "texture": "#1"
                },
                "up": {
                    "uv": [
                        2.5,
                        2,
                        6,
                        5.5
                    ],
                    "texture": "#1"
                }
            }
        },
        {
            "rotation": {
                "origin": [
                    8,
                    5,
                    5.5
                ],
                "angle": 0,
                "axis": "x"
            },
            "from": [
                6.75,
                0.3723,
                6.72667
            ],
            "to": [
                9.25,
                1.9348,
                9.72667
            ],
            "faces": {
                "east": {
                    "uv": [
                        2.5,
                        2,
                        6,
                        5.5
                    ],
                    "texture": "#1"
                },
                "south": {
                    "uv": [
                        2.5,
                        2,
                        6,
                        5.5
                    ],
                    "texture": "#1"
                },
                "west": {
                    "uv": [
                        2.5,
                        2,
                        6,
                        5.5
                    ],
                    "texture": "#1"
                }
            }
        },
        {
            "rotation": {
                "origin": [
                    8,
                    1.5,
                    7.25
                ],
                "angle": -45,
                "axis": "x"
            },
            "from": [
                4,
                -0.96069,
                6.55471
            ],
            "to": [
                6,
                1.16063,
                7.67971
            ],
            "faces": {
                "east": {
                    "uv": [
                        9.5,
                        2,
                        13,
                        5.5
                    ],
                    "texture": "#1",
                    "rotation": 270
                },
                "south": {
                    "uv": [
                        9.5,
                        2,
                        13,
                        5.5
                    ],
                    "texture": "#1"
                },
                "west": {
                    "uv": [
                        9.5,
                        2,
                        13,
                        5.5
                    ],
                    "texture": "#1",
                    "rotation": 90
                },
                "down": {
                    "uv": [
                        9.5,
                        2,
                        13,
                        5.5
                    ],
                    "texture": "#1"
                }
            }
        },
        {
            "rotation": {
                "origin": [
                    8,
                    1.5,
                    7.25
                ],
                "angle": 0,
                "axis": "x"
            },
            "from": [
                4,
                -0.06112,
                7.10632
            ],
            "to": [
                6,
                1.56388,
                7.79382
            ],
            "faces": {
                "west": {
                    "uv": [
                        9.5,
                        2,
                        13,
                        5.5
                    ],
                    "texture": "#1"
                },
                "up": {
                    "uv": [
                        9.5,
                        2,
                        13,
                        5.5
                    ],
                    "texture": "#1"
                }
            }
        },
        {
            "rotation": {
                "origin": [
                    8,
                    1.5,
                    7.25
                ],
                "angle": -22.5,
                "axis": "x"
            },
            "from": [
                4,
                0.73901,
                3.20789
            ],
            "to": [
                6,
                1.61401,
                7.14171
            ],
            "faces": {
                "east": {
                    "uv": [
                        13,
                        2,
                        9.5,
                        5.5
                    ],
                    "texture": "#1"
                },
                "west": {
                    "uv": [
                        13,
                        2,
                        9.5,
                        5.5
                    ],
                    "texture": "#1"
                },
                "up": {
                    "uv": [
                        9.5,
                        5.5,
                        13,
                        2
                    ],
                    "texture": "#1"
                }
            }
        },
        {
            "rotation": {
                "origin": [
                    8,
                    1.5,
                    7.25
                ],
                "angle": 0,
                "axis": "x"
            },
            "from": [
                4,
                0.00138,
                5.60632
            ],
            "to": [
                6,
                0.68888,
                7.10632
            ],
            "faces": {"west": {
                "uv": [
                    9.5,
                    2,
                    13,
                    5.5
                ],
                "texture": "#1"
            }}
        },
        {
            "rotation": {
                "origin": [
                    8,
                    1.5,
                    7.25
                ],
                "angle": 0,
                "axis": "x"
            },
            "from": [
                4,
                -0.93612,
                3.47194
            ],
            "to": [
                6,
                0.05847,
                9.29382
            ],
            "faces": {
                "east": {
                    "uv": [
                        9.5,
                        2,
                        13,
                        5.5
                    ],
                    "texture": "#1"
                },
                "south": {
                    "uv": [
                        9.5,
                        2,
                        13,
                        5.5
                    ],
                    "texture": "#1"
                },
                "north": {
                    "uv": [
                        9.5,
                        2,
                        13,
                        5.5
                    ],
                    "texture": "#1"
                },
                "west": {
                    "uv": [
                        9.5,
                        2,
                        13,
                        5.5
                    ],
                    "texture": "#1"
                },
                "up": {
                    "uv": [
                        9.5,
                        2,
                        13,
                        5.5
                    ],
                    "texture": "#1"
                },
                "down": {
                    "uv": [
                        9.5,
                        2,
                        13,
                        5.5
                    ],
                    "texture": "#1"
                }
            }
        },
        {
            "rotation": {
                "origin": [
                    8,
                    5,
                    5.5
                ],
                "angle": -22.5,
                "axis": "x"
            },
            "from": [
                10,
                -1.36397,
                5.08211
            ],
            "to": [
                12,
                0.75735,
                6.20711
            ],
            "faces": {
                "east": {
                    "uv": [
                        13,
                        2,
                        9.5,
                        5.5
                    ],
                    "texture": "#1",
                    "rotation": 270
                },
                "south": {
                    "uv": [
                        13,
                        2,
                        9.5,
                        5.5
                    ],
                    "texture": "#1"
                },
                "west": {
                    "uv": [
                        13,
                        2,
                        9.5,
                        5.5
                    ],
                    "texture": "#1",
                    "rotation": 90
                },
                "down": {
                    "uv": [
                        13,
                        2,
                        9.5,
                        5.5
                    ],
                    "texture": "#1"
                }
            }
        },
        {
            "rotation": {
                "origin": [
                    8,
                    5,
                    5.5
                ],
                "angle": 22.5,
                "axis": "x"
            },
            "from": [
                10,
                0.875,
                8.3125
            ],
            "to": [
                12,
                2.5,
                9
            ],
            "faces": {
                "east": {
                    "uv": [
                        13,
                        2,
                        9.5,
                        5.5
                    ],
                    "texture": "#1"
                },
                "up": {
                    "uv": [
                        13,
                        2,
                        9.5,
                        5.5
                    ],
                    "texture": "#1"
                }
            }
        },
        {
            "rotation": {
                "origin": [
                    8,
                    5,
                    5.5
                ],
                "angle": 0,
                "axis": "x"
            },
            "from": [
                10,
                0.73901,
                3.20789
            ],
            "to": [
                12,
                1.61401,
                7.14171
            ],
            "faces": {
                "east": {
                    "uv": [
                        9.5,
                        2,
                        13,
                        5.5
                    ],
                    "texture": "#1"
                },
                "west": {
                    "uv": [
                        9.5,
                        2,
                        13,
                        5.5
                    ],
                    "texture": "#1"
                },
                "up": {
                    "uv": [
                        13,
                        5.5,
                        9.5,
                        2
                    ],
                    "texture": "#1"
                }
            }
        },
        {
            "rotation": {
                "origin": [
                    8,
                    5,
                    5.5
                ],
                "angle": 22.5,
                "axis": "x"
            },
            "from": [
                10,
                0.9375,
                6.8125
            ],
            "to": [
                12,
                1.625,
                8.3125
            ],
            "faces": {"east": {
                "uv": [
                    13,
                    2,
                    9.5,
                    5.5
                ],
                "texture": "#1"
            }}
        },
        {
            "rotation": {
                "origin": [
                    8,
                    5,
                    5.5
                ],
                "angle": 22.5,
                "axis": "x"
            },
            "from": [
                10,
                0,
                4.67812
            ],
            "to": [
                12,
                0.99459,
                10.5
            ],
            "faces": {
                "east": {
                    "uv": [
                        13,
                        2,
                        9.5,
                        5.5
                    ],
                    "texture": "#1"
                },
                "south": {
                    "uv": [
                        13,
                        2,
                        9.5,
                        5.5
                    ],
                    "texture": "#1"
                },
                "north": {
                    "uv": [
                        13,
                        2,
                        9.5,
                        5.5
                    ],
                    "texture": "#1"
                },
                "west": {
                    "uv": [
                        13,
                        2,
                        9.5,
                        5.5
                    ],
                    "texture": "#1"
                },
                "up": {
                    "uv": [
                        13,
                        2,
                        9.5,
                        5.5
                    ],
                    "texture": "#1"
                },
                "down": {
                    "uv": [
                        13,
                        2,
                        9.5,
                        5.5
                    ],
                    "texture": "#1"
                }
            }
        },
        {
            "rotation": {
                "origin": [
                    8,
                    2.61191,
                    6.36143
                ],
                "angle": -22.5,
                "axis": "x"
            },
            "from": [
                6,
                4.11191,
                7.67393
            ],
            "to": [
                10,
                5.61191,
                10.36143
            ],
            "faces": {
                "east": {
                    "uv": [
                        2.5,
                        2,
                        6,
                        5.5
                    ],
                    "texture": "#1"
                },
                "west": {
                    "uv": [
                        2.5,
                        2,
                        6,
                        5.5
                    ],
                    "texture": "#1"
                },
                "down": {
                    "uv": [
                        2.5,
                        2,
                        6,
                        5.5
                    ],
                    "texture": "#1"
                }
            }
        },
        {
            "rotation": {
                "origin": [
                    8,
                    4.25,
                    1.75
                ],
                "angle": 0,
                "axis": "x"
            },
            "from": [
                7,
                5.75,
                1.5
            ],
            "to": [
                9,
                6.25,
                2.75
            ],
            "faces": {
                "east": {
                    "uv": [
                        11,
                        2,
                        14.5,
                        5.5
                    ],
                    "texture": "#1"
                },
                "north": {
                    "uv": [
                        11,
                        2,
                        14.5,
                        5.5
                    ],
                    "texture": "#1"
                },
                "west": {
                    "uv": [
                        11,
                        2,
                        14.5,
                        5.5
                    ],
                    "texture": "#1"
                },
                "up": {
                    "uv": [
                        11,
                        2,
                        14.5,
                        5.5
                    ],
                    "texture": "#1"
                },
                "down": {
                    "uv": [
                        11,
                        2,
                        14.5,
                        5.5
                    ],
                    "texture": "#1"
                }
            }
        },
        {
            "rotation": {
                "origin": [
                    8,
                    4.25,
                    2.75
                ],
                "angle": 0,
                "axis": "x"
            },
            "from": [
                7,
                5.375,
                2.75
            ],
            "to": [
                9,
                6.625,
                3.75
            ],
            "faces": {
                "east": {
                    "uv": [
                        11,
                        2,
                        14.5,
                        5.5
                    ],
                    "texture": "#1"
                },
                "west": {
                    "uv": [
                        11,
                        2,
                        14.5,
                        5.5
                    ],
                    "texture": "#1"
                },
                "down": {
                    "uv": [
                        11,
                        2,
                        14.5,
                        5.5
                    ],
                    "texture": "#1"
                }
            }
        },
        {
            "rotation": {
                "origin": [
                    8,
                    5.125,
                    4.75
                ],
                "angle": 0,
                "axis": "x"
            },
            "from": [
                7,
                6.75,
                4.625
            ],
            "to": [
                9,
                7.5,
                5.75
            ],
            "faces": {
                "east": {
                    "uv": [
                        1.5,
                        2,
                        5,
                        5.5
                    ],
                    "texture": "#1"
                },
                "west": {
                    "uv": [
                        1.5,
                        2,
                        5,
                        5.5
                    ],
                    "texture": "#1"
                },
                "down": {
                    "uv": [
                        1.5,
                        2,
                        5,
                        5.5
                    ],
                    "texture": "#1"
                }
            }
        },
        {
            "rotation": {
                "origin": [
                    8,
                    3,
                    3
                ],
                "angle": 0,
                "axis": "z"
            },
            "from": [
                6,
                4.5,
                5.75
            ],
            "to": [
                10,
                7,
                7
            ],
            "faces": {
                "east": {
                    "uv": [
                        2.5,
                        2,
                        6,
                        5.5
                    ],
                    "texture": "#1"
                },
                "north": {
                    "uv": [
                        2.5,
                        2,
                        6,
                        5.5
                    ],
                    "texture": "#1"
                },
                "west": {
                    "uv": [
                        2.5,
                        2,
                        6,
                        5.5
                    ],
                    "texture": "#1"
                },
                "down": {
                    "uv": [
                        2.5,
                        2,
                        6,
                        5.5
                    ],
                    "texture": "#1"
                }
            }
        },
        {
            "rotation": {
                "origin": [
                    7.99219,
                    3,
                    4
                ],
                "angle": 0,
                "axis": "z"
            },
            "from": [
                5.99219,
                6,
                5.75
            ],
            "to": [
                10.00781,
                7,
                8
            ],
            "faces": {
                "east": {
                    "uv": [
                        0.25,
                        6.75,
                        11,
                        11.75
                    ],
                    "texture": "#0"
                },
                "west": {
                    "uv": [
                        0.25,
                        6.75,
                        11,
                        11.75
                    ],
                    "texture": "#0"
                }
            }
        },
        {
            "rotation": {
                "origin": [
                    5.28508,
                    3.46447,
                    4
                ],
                "angle": -45,
                "axis": "z"
            },
            "from": [
                3.28508,
                6.46447,
                5.75
            ],
            "to": [
                4.80071,
                7.83947,
                8
            ],
            "faces": {"west": {
                "uv": [
                    0.25,
                    0.25,
                    11,
                    6.75
                ],
                "texture": "#0"
            }}
        },
        {
            "rotation": {
                "origin": [
                    10.71492,
                    3.46447,
                    4
                ],
                "angle": 45,
                "axis": "z"
            },
            "from": [
                11.19929,
                6.46447,
                5.75
            ],
            "to": [
                12.71492,
                7.83947,
                8
            ],
            "faces": {"east": {
                "uv": [
                    11,
                    0.25,
                    0.25,
                    6.75
                ],
                "texture": "#0"
            }}
        },
        {
            "rotation": {
                "origin": [
                    8,
                    3,
                    2.5
                ],
                "angle": 0,
                "axis": "z"
            },
            "from": [
                7,
                5,
                3.75
            ],
            "to": [
                9,
                6.875,
                5.25
            ],
            "faces": {"north": {
                "uv": [
                    2.5,
                    2,
                    6,
                    5.5
                ],
                "texture": "#1"
            }}
        },
        {
            "rotation": {
                "origin": [
                    8.40223,
                    3,
                    2.97783
                ],
                "angle": -22.5,
                "axis": "y"
            },
            "from": [
                7.40223,
                5,
                4.22783
            ],
            "to": [
                9.40223,
                6.875,
                6.72783
            ],
            "faces": {
                "west": {
                    "uv": [
                        2.5,
                        2,
                        6,
                        5.5
                    ],
                    "texture": "#1"
                },
                "up": {
                    "uv": [
                        2.5,
                        2,
                        6,
                        5.5
                    ],
                    "texture": "#1"
                },
                "down": {
                    "uv": [
                        2.5,
                        2,
                        6,
                        5.5
                    ],
                    "texture": "#1"
                }
            }
        },
        {
            "rotation": {
                "origin": [
                    7.59777,
                    3,
                    2.97783
                ],
                "angle": 22.5,
                "axis": "y"
            },
            "from": [
                6.59777,
                5,
                4.22783
            ],
            "to": [
                8.59777,
                6.875,
                6.72783
            ],
            "faces": {
                "east": {
                    "uv": [
                        6,
                        2,
                        2.5,
                        5.5
                    ],
                    "texture": "#1"
                },
                "up": {
                    "uv": [
                        6,
                        2,
                        2.5,
                        5.5
                    ],
                    "texture": "#1"
                },
                "down": {
                    "uv": [
                        6,
                        2,
                        2.5,
                        5.5
                    ],
                    "texture": "#1"
                }
            }
        },
        {
            "rotation": {
                "origin": [
                    8,
                    4,
                    4.5
                ],
                "angle": 0,
                "axis": "z"
            },
            "from": [
                7,
                7,
                5.75
            ],
            "to": [
                9,
                8,
                9.48293
            ],
            "faces": {
                "south": {
                    "uv": [
                        2.5,
                        2,
                        6,
                        5.5
                    ],
                    "texture": "#1"
                },
                "up": {
                    "uv": [
                        2.5,
                        2,
                        6,
                        5.5
                    ],
                    "texture": "#1"
                }
            }
        },
        {
            "rotation": {
                "origin": [
                    6.87868,
                    4.46447,
                    4.5
                ],
                "angle": -45,
                "axis": "z"
            },
            "from": [
                5.87868,
                7.46447,
                5.75
            ],
            "to": [
                7.29289,
                8.46447,
                9.48293
            ],
            "faces": {
                "south": {
                    "uv": [
                        2.5,
                        2,
                        6,
                        5.5
                    ],
                    "texture": "#1"
                },
                "north": {
                    "uv": [
                        2.5,
                        2,
                        6,
                        5.5
                    ],
                    "texture": "#1"
                },
                "up": {
                    "uv": [
                        2.5,
                        2,
                        6,
                        5.5
                    ],
                    "texture": "#1"
                }
            }
        },
        {
            "rotation": {
                "origin": [
                    9.12132,
                    4.46447,
                    4.5
                ],
                "angle": 45,
                "axis": "z"
            },
            "from": [
                8.70711,
                7.46447,
                5.75
            ],
            "to": [
                10.12132,
                8.46447,
                9.48293
            ],
            "faces": {
                "south": {
                    "uv": [
                        6,
                        2,
                        2.5,
                        5.5
                    ],
                    "texture": "#1"
                },
                "north": {
                    "uv": [
                        6,
                        2,
                        2.5,
                        5.5
                    ],
                    "texture": "#1"
                },
                "up": {
                    "uv": [
                        6,
                        2,
                        2.5,
                        5.5
                    ],
                    "texture": "#1"
                }
            }
        },
        {
            "rotation": {
                "origin": [
                    8.5,
                    3.36419,
                    5.01066
                ],
                "angle": -22.5,
                "axis": "x"
            },
            "from": [
                7,
                6.73919,
                2.88566
            ],
            "to": [
                9,
                7.36419,
                7.46777
            ],
            "faces": {
                "east": {
                    "uv": [
                        6,
                        2.5,
                        9,
                        6
                    ],
                    "texture": "#1"
                },
                "west": {
                    "uv": [
                        6,
                        2.5,
                        9,
                        6
                    ],
                    "texture": "#1",
                    "rotation": 180
                },
                "up": {
                    "uv": [
                        6,
                        2.5,
                        9,
                        6
                    ],
                    "texture": "#1",
                    "rotation": 270
                }
            }
        },
        {
            "rotation": {
                "origin": [
                    8.5,
                    8.63581,
                    5.01066
                ],
                "angle": 22.5,
                "axis": "x"
            },
            "from": [
                7,
                4.63581,
                2.88566
            ],
            "to": [
                9,
                5.13581,
                5.96777
            ],
            "faces": {
                "east": {
                    "uv": [
                        7,
                        6,
                        9,
                        2.5
                    ],
                    "texture": "#1"
                },
                "west": {
                    "uv": [
                        7,
                        6,
                        9,
                        2.5
                    ],
                    "texture": "#1",
                    "rotation": 180
                },
                "down": {
                    "uv": [
                        9,
                        2.5,
                        7,
                        6
                    ],
                    "texture": "#1",
                    "rotation": 270
                }
            }
        },
        {
            "rotation": {
                "origin": [
                    8.5,
                    8.57402,
                    6.48918
                ],
                "angle": 0,
                "axis": "x"
            },
            "from": [
                7,
                4.57402,
                4.36418
            ],
            "to": [
                9,
                5.07402,
                6.44629
            ],
            "faces": {
                "east": {
                    "uv": [
                        3.5,
                        3,
                        1.5,
                        6.5
                    ],
                    "texture": "#1",
                    "rotation": 270
                },
                "west": {
                    "uv": [
                        3.5,
                        3,
                        1.5,
                        6.5
                    ],
                    "texture": "#1",
                    "rotation": 270
                },
                "up": {
                    "uv": [
                        3.5,
                        3,
                        1.5,
                        6.5
                    ],
                    "texture": "#1",
                    "rotation": 270
                },
                "down": {
                    "uv": [
                        3.5,
                        3,
                        1.5,
                        6.5
                    ],
                    "texture": "#1",
                    "rotation": 270
                }
            }
        },
        {
            "rotation": {
                "origin": [
                    8,
                    4.02846,
                    5.48293
                ],
                "angle": 0,
                "axis": "z"
            },
            "from": [
                6,
                5.52846,
                7
            ],
            "to": [
                10,
                7,
                9.48293
            ],
            "faces": {
                "east": {
                    "uv": [
                        2.5,
                        2,
                        6,
                        5.5
                    ],
                    "texture": "#1"
                },
                "south": {
                    "uv": [
                        2.5,
                        2,
                        6,
                        5.5
                    ],
                    "texture": "#1"
                },
                "west": {
                    "uv": [
                        2.5,
                        2,
                        6,
                        5.5
                    ],
                    "texture": "#1"
                }
            }
        }
    ],
    "display": {
        "head": {
            "rotation": [
                -22.5,
                0,
                0
            ],
            "translation": [
                0,
                -15,
                -5
            ],
            "scale": [
                2,
                2,
                2
            ]
        },
        "gui": {
            "rotation": [
                45,
                135,
                -10
            ],
            "translation": [
                0,
                4.75,
                0
            ]
        }
    },
    "groups": [
        {
            "color": 0,
            "children": [
                0,
                1,
                2,
                3,
                4,
                5,
                6,
                7,
                8,
                9,
                10,
                11,
                12,
                13,
                14,
                15,
                16,
                17,
                18,
                19,
                20,
                21,
                22
            ],
            "origin": [
                11,
                0,
                5.5
            ],
            "name": "body"
        },
        {
            "color": 0,
            "children": [
                23,
                24,
                25,
                26,
                27,
                28,
                29,
                30,
                31,
                32,
                33,
                34,
                35,
                36,
                37,
                38,
                39,
                40
            ],
            "origin": [
                8,
                4.02846,
                5.48293
            ],
            "name": "head"
        }
    ],
    "credit": "© 2015-2021 MadstonMagic. All rights reserved. Made using BlockBench"
}