{
    "textures": {
        "0": "pokemon/32_nidoran/nidoran_m",
        "2": "pokemon/32_nidoran/ear_inner",
        "3": "pokemon/32_nidoran/back_spikes",
        "4": "pokemon/32_nidoran/eye",
        "5": "pokemon/32_nidoran/spot_back_leg",
        "6": "pokemon/32_nidoran/ear_outer",
        "particle": "pokemon/32_nidoran/nidoran_m"
    },
    "elements": [
        {
            "from": [
                7.25,
                3.25,
                4.75
            ],
            "to": [
                8.75,
                4.125,
                6.5
            ],
            "faces": {
                "east": {
                    "uv": [
                        0.5,
                        0.5,
                        1.5,
                        1.5
                    ],
                    "texture": "#0"
                },
                "south": {
                    "uv": [
                        0.5,
                        0.5,
                        1.5,
                        1.5
                    ],
                    "texture": "#0"
                },
                "north": {
                    "uv": [
                        0.5,
                        0.5,
                        1.5,
                        1.5
                    ],
                    "texture": "#0"
                },
                "west": {
                    "uv": [
                        0.5,
                        0.5,
                        1.5,
                        1.5
                    ],
                    "texture": "#0"
                },
                "up": {
                    "uv": [
                        0.5,
                        0.5,
                        1.5,
                        1.5
                    ],
                    "texture": "#0"
                },
                "down": {
                    "uv": [
                        0.5,
                        0.5,
                        1.5,
                        1.5
                    ],
                    "texture": "#0"
                }
            }
        },
        {
            "from": [
                7.25,
                4.125,
                5
            ],
            "to": [
                8.75,
                4.625,
                6.5
            ],
            "faces": {
                "east": {
                    "uv": [
                        0.5,
                        0.5,
                        1.5,
                        1.5
                    ],
                    "texture": "#0"
                },
                "south": {
                    "uv": [
                        0.5,
                        0.5,
                        1.5,
                        1.5
                    ],
                    "texture": "#0"
                },
                "north": {
                    "uv": [
                        0.5,
                        0.5,
                        1.5,
                        1.5
                    ],
                    "texture": "#0"
                },
                "west": {
                    "uv": [
                        0.5,
                        0.5,
                        1.5,
                        1.5
                    ],
                    "texture": "#0"
                },
                "up": {
                    "uv": [
                        0.5,
                        0.5,
                        1.5,
                        1.5
                    ],
                    "texture": "#0"
                },
                "down": {
                    "uv": [
                        0.5,
                        0.5,
                        1.5,
                        1.5
                    ],
                    "texture": "#0"
                }
            }
        },
        {
            "from": [
                7,
                2.5,
                6.5
            ],
            "to": [
                9,
                4,
                8.5
            ],
            "faces": {
                "east": {
                    "uv": [
                        0.5,
                        0.5,
                        1.5,
                        1.5
                    ],
                    "texture": "#0"
                },
                "south": {
                    "uv": [
                        0.5,
                        0.5,
                        1.5,
                        1.5
                    ],
                    "texture": "#0"
                },
                "north": {
                    "uv": [
                        0.5,
                        0.5,
                        1.5,
                        1.5
                    ],
                    "texture": "#0"
                },
                "west": {
                    "uv": [
                        0.5,
                        0.5,
                        1.5,
                        1.5
                    ],
                    "texture": "#0"
                },
                "up": {
                    "uv": [
                        0.5,
                        0.5,
                        1.5,
                        1.5
                    ],
                    "texture": "#0"
                },
                "down": {
                    "uv": [
                        0.5,
                        0.5,
                        1.5,
                        1.5
                    ],
                    "texture": "#0"
                }
            }
        },
        {
            "from": [
                6.5,
                2.25,
                7.5
            ],
            "to": [
                7.5,
                3.5,
                9
            ],
            "faces": {
                "east": {
                    "uv": [
                        0.5,
                        0.5,
                        1.5,
                        1.5
                    ],
                    "texture": "#0"
                },
                "south": {
                    "uv": [
                        0.5,
                        0.5,
                        1.5,
                        1.5
                    ],
                    "texture": "#0"
                },
                "north": {
                    "uv": [
                        0.5,
                        0.5,
                        1.5,
                        1.5
                    ],
                    "texture": "#0"
                },
                "west": {
                    "uv": [
                        0.5,
                        0.5,
                        1.5,
                        1.5
                    ],
                    "texture": "#0"
                },
                "up": {
                    "uv": [
                        0.5,
                        0.5,
                        1.5,
                        1.5
                    ],
                    "texture": "#0"
                },
                "down": {
                    "uv": [
                        0.5,
                        0.5,
                        1.5,
                        1.5
                    ],
                    "texture": "#0"
                }
            }
        },
        {
            "rotation": {
                "origin": [
                    6.875,
                    1.5,
                    7
                ],
                "angle": 0,
                "axis": "x"
            },
            "from": [
                6.75,
                2,
                5.625
            ],
            "to": [
                7.375,
                2.375,
                6.25
            ],
            "faces": {
                "east": {
                    "uv": [
                        0.5,
                        0.5,
                        1.5,
                        1.5
                    ],
                    "texture": "#0"
                },
                "south": {
                    "uv": [
                        0.5,
                        0.5,
                        1.5,
                        1.5
                    ],
                    "texture": "#0"
                },
                "north": {
                    "uv": [
                        0.5,
                        0.5,
                        1.5,
                        1.5
                    ],
                    "texture": "#0"
                },
                "west": {
                    "uv": [
                        0.5,
                        0.5,
                        1.5,
                        1.5
                    ],
                    "texture": "#0"
                },
                "up": {
                    "uv": [
                        0.5,
                        0.5,
                        1.5,
                        1.5
                    ],
                    "texture": "#0"
                },
                "down": {
                    "uv": [
                        0.5,
                        0.5,
                        1.5,
                        1.5
                    ],
                    "texture": "#0"
                }
            }
        },
        {
            "rotation": {
                "origin": [
                    9.125,
                    1.5,
                    7
                ],
                "angle": 0,
                "axis": "x"
            },
            "from": [
                8.625,
                2,
                5.625
            ],
            "to": [
                9.25,
                2.375,
                6.25
            ],
            "faces": {
                "east": {
                    "uv": [
                        1.5,
                        0.5,
                        0.5,
                        1.5
                    ],
                    "texture": "#0"
                },
                "south": {
                    "uv": [
                        1.5,
                        0.5,
                        0.5,
                        1.5
                    ],
                    "texture": "#0"
                },
                "north": {
                    "uv": [
                        1.5,
                        0.5,
                        0.5,
                        1.5
                    ],
                    "texture": "#0"
                },
                "west": {
                    "uv": [
                        1.5,
                        0.5,
                        0.5,
                        1.5
                    ],
                    "texture": "#0"
                },
                "up": {
                    "uv": [
                        1.5,
                        0.5,
                        0.5,
                        1.5
                    ],
                    "texture": "#0"
                },
                "down": {
                    "uv": [
                        1.5,
                        0.5,
                        0.5,
                        1.5
                    ],
                    "texture": "#0"
                }
            }
        },
        {
            "rotation": {
                "origin": [
                    6.875,
                    1.5,
                    7
                ],
                "angle": 0,
                "axis": "x"
            },
            "from": [
                7.125,
                2,
                5.25
            ],
            "to": [
                7.375,
                2.1875,
                5.625
            ],
            "faces": {
                "east": {
                    "uv": [
                        5.5,
                        1,
                        6.5,
                        2
                    ],
                    "texture": "#0"
                },
                "south": {
                    "uv": [
                        5.5,
                        1,
                        6.5,
                        2
                    ],
                    "texture": "#0"
                },
                "north": {
                    "uv": [
                        5.5,
                        1,
                        6.5,
                        2
                    ],
                    "texture": "#0"
                },
                "west": {
                    "uv": [
                        5.5,
                        1,
                        6.5,
                        2
                    ],
                    "texture": "#0"
                },
                "up": {
                    "uv": [
                        5.5,
                        1,
                        6.5,
                        2
                    ],
                    "texture": "#0"
                },
                "down": {
                    "uv": [
                        5.5,
                        1,
                        6.5,
                        2
                    ],
                    "texture": "#0"
                }
            }
        },
        {
            "rotation": {
                "origin": [
                    9.125,
                    1.5,
                    7
                ],
                "angle": 0,
                "axis": "x"
            },
            "from": [
                8.625,
                2,
                5.25
            ],
            "to": [
                8.875,
                2.1875,
                5.625
            ],
            "faces": {
                "east": {
                    "uv": [
                        6.5,
                        1,
                        5.5,
                        2
                    ],
                    "texture": "#0"
                },
                "south": {
                    "uv": [
                        6.5,
                        1,
                        5.5,
                        2
                    ],
                    "texture": "#0"
                },
                "north": {
                    "uv": [
                        6.5,
                        1,
                        5.5,
                        2
                    ],
                    "texture": "#0"
                },
                "west": {
                    "uv": [
                        6.5,
                        1,
                        5.5,
                        2
                    ],
                    "texture": "#0"
                },
                "up": {
                    "uv": [
                        6.5,
                        1,
                        5.5,
                        2
                    ],
                    "texture": "#0"
                },
                "down": {
                    "uv": [
                        6.5,
                        1,
                        5.5,
                        2
                    ],
                    "texture": "#0"
                }
            }
        },
        {
            "rotation": {
                "origin": [
                    6.875,
                    1.5,
                    7
                ],
                "angle": 0,
                "axis": "x"
            },
            "from": [
                6.75,
                2,
                5.25
            ],
            "to": [
                7,
                2.1875,
                5.625
            ],
            "faces": {
                "east": {
                    "uv": [
                        5.5,
                        1,
                        6.5,
                        2
                    ],
                    "texture": "#0"
                },
                "south": {
                    "uv": [
                        5.5,
                        1,
                        6.5,
                        2
                    ],
                    "texture": "#0"
                },
                "north": {
                    "uv": [
                        5.5,
                        1,
                        6.5,
                        2
                    ],
                    "texture": "#0"
                },
                "west": {
                    "uv": [
                        5.5,
                        1,
                        6.5,
                        2
                    ],
                    "texture": "#0"
                },
                "up": {
                    "uv": [
                        5.5,
                        1,
                        6.5,
                        2
                    ],
                    "texture": "#0"
                },
                "down": {
                    "uv": [
                        5.5,
                        1,
                        6.5,
                        2
                    ],
                    "texture": "#0"
                }
            }
        },
        {
            "rotation": {
                "origin": [
                    9.125,
                    1.5,
                    7
                ],
                "angle": 0,
                "axis": "x"
            },
            "from": [
                9,
                2,
                5.25
            ],
            "to": [
                9.25,
                2.1875,
                5.625
            ],
            "faces": {
                "east": {
                    "uv": [
                        6.5,
                        1,
                        5.5,
                        2
                    ],
                    "texture": "#0"
                },
                "south": {
                    "uv": [
                        6.5,
                        1,
                        5.5,
                        2
                    ],
                    "texture": "#0"
                },
                "north": {
                    "uv": [
                        6.5,
                        1,
                        5.5,
                        2
                    ],
                    "texture": "#0"
                },
                "west": {
                    "uv": [
                        6.5,
                        1,
                        5.5,
                        2
                    ],
                    "texture": "#0"
                },
                "up": {
                    "uv": [
                        6.5,
                        1,
                        5.5,
                        2
                    ],
                    "texture": "#0"
                },
                "down": {
                    "uv": [
                        6.5,
                        1,
                        5.5,
                        2
                    ],
                    "texture": "#0"
                }
            }
        },
        {
            "rotation": {
                "origin": [
                    6.875,
                    0.875,
                    5.625
                ],
                "angle": -22.5,
                "axis": "x"
            },
            "from": [
                6.75,
                1.88582,
                6.19903
            ],
            "to": [
                7.375,
                2.26082,
                7.69903
            ],
            "faces": {
                "east": {
                    "uv": [
                        0.5,
                        0.5,
                        1.5,
                        1.5
                    ],
                    "texture": "#0"
                },
                "south": {
                    "uv": [
                        0.5,
                        0.5,
                        1.5,
                        1.5
                    ],
                    "texture": "#0"
                },
                "north": {
                    "uv": [
                        0.5,
                        0.5,
                        1.5,
                        1.5
                    ],
                    "texture": "#0"
                },
                "west": {
                    "uv": [
                        0.5,
                        0.5,
                        1.5,
                        1.5
                    ],
                    "texture": "#0"
                },
                "up": {
                    "uv": [
                        0.5,
                        0.5,
                        1.5,
                        1.5
                    ],
                    "texture": "#0"
                },
                "down": {
                    "uv": [
                        0.5,
                        0.5,
                        1.5,
                        1.5
                    ],
                    "texture": "#0"
                }
            }
        },
        {
            "rotation": {
                "origin": [
                    9.125,
                    0.875,
                    5.625
                ],
                "angle": -22.5,
                "axis": "x"
            },
            "from": [
                8.625,
                1.88582,
                6.19903
            ],
            "to": [
                9.25,
                2.26082,
                7.69903
            ],
            "faces": {
                "east": {
                    "uv": [
                        1.5,
                        0.5,
                        0.5,
                        1.5
                    ],
                    "texture": "#0"
                },
                "south": {
                    "uv": [
                        1.5,
                        0.5,
                        0.5,
                        1.5
                    ],
                    "texture": "#0"
                },
                "north": {
                    "uv": [
                        1.5,
                        0.5,
                        0.5,
                        1.5
                    ],
                    "texture": "#0"
                },
                "west": {
                    "uv": [
                        1.5,
                        0.5,
                        0.5,
                        1.5
                    ],
                    "texture": "#0"
                },
                "up": {
                    "uv": [
                        1.5,
                        0.5,
                        0.5,
                        1.5
                    ],
                    "texture": "#0"
                },
                "down": {
                    "uv": [
                        1.5,
                        0.5,
                        0.5,
                        1.5
                    ],
                    "texture": "#0"
                }
            }
        },
        {
            "rotation": {
                "origin": [
                    6.875,
                    0.84645,
                    6.10649
                ],
                "angle": -22.5,
                "axis": "x"
            },
            "from": [
                6.75,
                1.85727,
                6.68052
            ],
            "to": [
                7.375,
                2.23227,
                7.74302
            ],
            "faces": {
                "east": {
                    "uv": [
                        0.5,
                        0.5,
                        1.5,
                        1.5
                    ],
                    "texture": "#0"
                },
                "south": {
                    "uv": [
                        0.5,
                        0.5,
                        1.5,
                        1.5
                    ],
                    "texture": "#0"
                },
                "north": {
                    "uv": [
                        0.5,
                        0.5,
                        1.5,
                        1.5
                    ],
                    "texture": "#0"
                },
                "west": {
                    "uv": [
                        0.5,
                        0.5,
                        1.5,
                        1.5
                    ],
                    "texture": "#0"
                },
                "up": {
                    "uv": [
                        0.5,
                        0.5,
                        1.5,
                        1.5
                    ],
                    "texture": "#0"
                },
                "down": {
                    "uv": [
                        0.5,
                        0.5,
                        1.5,
                        1.5
                    ],
                    "texture": "#0"
                }
            }
        },
        {
            "rotation": {
                "origin": [
                    9.125,
                    0.84645,
                    6.10649
                ],
                "angle": -22.5,
                "axis": "x"
            },
            "from": [
                8.625,
                1.85727,
                6.68052
            ],
            "to": [
                9.25,
                2.23227,
                7.74302
            ],
            "faces": {
                "east": {
                    "uv": [
                        1.5,
                        0.5,
                        0.5,
                        1.5
                    ],
                    "texture": "#0"
                },
                "south": {
                    "uv": [
                        1.5,
                        0.5,
                        0.5,
                        1.5
                    ],
                    "texture": "#0"
                },
                "north": {
                    "uv": [
                        1.5,
                        0.5,
                        0.5,
                        1.5
                    ],
                    "texture": "#0"
                },
                "west": {
                    "uv": [
                        1.5,
                        0.5,
                        0.5,
                        1.5
                    ],
                    "texture": "#0"
                },
                "up": {
                    "uv": [
                        1.5,
                        0.5,
                        0.5,
                        1.5
                    ],
                    "texture": "#0"
                },
                "down": {
                    "uv": [
                        1.5,
                        0.5,
                        0.5,
                        1.5
                    ],
                    "texture": "#0"
                }
            }
        },
        {
            "from": [
                8.5,
                2.25,
                7.5
            ],
            "to": [
                9.5,
                3.5,
                9
            ],
            "faces": {
                "east": {
                    "uv": [
                        1.5,
                        0.5,
                        0.5,
                        1.5
                    ],
                    "texture": "#0"
                },
                "south": {
                    "uv": [
                        1.5,
                        0.5,
                        0.5,
                        1.5
                    ],
                    "texture": "#0"
                },
                "north": {
                    "uv": [
                        1.5,
                        0.5,
                        0.5,
                        1.5
                    ],
                    "texture": "#0"
                },
                "west": {
                    "uv": [
                        1.5,
                        0.5,
                        0.5,
                        1.5
                    ],
                    "texture": "#0"
                },
                "up": {
                    "uv": [
                        1.5,
                        0.5,
                        0.5,
                        1.5
                    ],
                    "texture": "#0"
                },
                "down": {
                    "uv": [
                        1.5,
                        0.5,
                        0.5,
                        1.5
                    ],
                    "texture": "#0"
                }
            }
        },
        {
            "rotation": {
                "origin": [
                    7,
                    0.75,
                    8.625
                ],
                "angle": 22.5,
                "axis": "y"
            },
            "from": [
                6.625,
                2,
                7.75
            ],
            "to": [
                7.375,
                2.25,
                9
            ],
            "faces": {
                "east": {
                    "uv": [
                        0.5,
                        0.5,
                        1.5,
                        1.5
                    ],
                    "texture": "#0"
                },
                "south": {
                    "uv": [
                        0.5,
                        0.5,
                        1.5,
                        1.5
                    ],
                    "texture": "#0"
                },
                "north": {
                    "uv": [
                        0.5,
                        0.5,
                        1.5,
                        1.5
                    ],
                    "texture": "#0"
                },
                "west": {
                    "uv": [
                        0.5,
                        0.5,
                        1.5,
                        1.5
                    ],
                    "texture": "#0"
                },
                "up": {
                    "uv": [
                        0.5,
                        0.5,
                        1.5,
                        1.5
                    ],
                    "texture": "#0"
                },
                "down": {
                    "uv": [
                        0.5,
                        0.5,
                        1.5,
                        1.5
                    ],
                    "texture": "#0"
                }
            }
        },
        {
            "rotation": {
                "origin": [
                    9,
                    0.75,
                    8.625
                ],
                "angle": -22.5,
                "axis": "y"
            },
            "from": [
                8.625,
                2,
                7.75
            ],
            "to": [
                9.375,
                2.25,
                9
            ],
            "faces": {
                "east": {
                    "uv": [
                        1.5,
                        0.5,
                        0.5,
                        1.5
                    ],
                    "texture": "#0"
                },
                "south": {
                    "uv": [
                        1.5,
                        0.5,
                        0.5,
                        1.5
                    ],
                    "texture": "#0"
                },
                "north": {
                    "uv": [
                        1.5,
                        0.5,
                        0.5,
                        1.5
                    ],
                    "texture": "#0"
                },
                "west": {
                    "uv": [
                        1.5,
                        0.5,
                        0.5,
                        1.5
                    ],
                    "texture": "#0"
                },
                "up": {
                    "uv": [
                        1.5,
                        0.5,
                        0.5,
                        1.5
                    ],
                    "texture": "#0"
                },
                "down": {
                    "uv": [
                        1.5,
                        0.5,
                        0.5,
                        1.5
                    ],
                    "texture": "#0"
                }
            }
        },
        {
            "rotation": {
                "origin": [
                    7,
                    0.75,
                    8.625
                ],
                "angle": 22.5,
                "axis": "y"
            },
            "from": [
                7.03125,
                2,
                7.5
            ],
            "to": [
                7.34375,
                2.25,
                7.75
            ],
            "faces": {
                "east": {
                    "uv": [
                        4.5,
                        2,
                        5.5,
                        3
                    ],
                    "texture": "#0"
                },
                "south": {
                    "uv": [
                        4.5,
                        2,
                        5.5,
                        3
                    ],
                    "texture": "#0"
                },
                "north": {
                    "uv": [
                        4.5,
                        2,
                        5.5,
                        3
                    ],
                    "texture": "#0"
                },
                "west": {
                    "uv": [
                        4.5,
                        2,
                        5.5,
                        3
                    ],
                    "texture": "#0"
                },
                "up": {
                    "uv": [
                        4.5,
                        2,
                        5.5,
                        3
                    ],
                    "texture": "#0"
                },
                "down": {
                    "uv": [
                        4.5,
                        2,
                        5.5,
                        3
                    ],
                    "texture": "#0"
                }
            }
        },
        {
            "rotation": {
                "origin": [
                    9,
                    0.75,
                    8.625
                ],
                "angle": -22.5,
                "axis": "y"
            },
            "from": [
                8.65625,
                2,
                7.5
            ],
            "to": [
                8.96875,
                2.25,
                7.75
            ],
            "faces": {
                "east": {
                    "uv": [
                        5.5,
                        2,
                        4.5,
                        3
                    ],
                    "texture": "#0"
                },
                "south": {
                    "uv": [
                        5.5,
                        2,
                        4.5,
                        3
                    ],
                    "texture": "#0"
                },
                "north": {
                    "uv": [
                        5.5,
                        2,
                        4.5,
                        3
                    ],
                    "texture": "#0"
                },
                "west": {
                    "uv": [
                        5.5,
                        2,
                        4.5,
                        3
                    ],
                    "texture": "#0"
                },
                "up": {
                    "uv": [
                        5.5,
                        2,
                        4.5,
                        3
                    ],
                    "texture": "#0"
                },
                "down": {
                    "uv": [
                        5.5,
                        2,
                        4.5,
                        3
                    ],
                    "texture": "#0"
                }
            }
        },
        {
            "rotation": {
                "origin": [
                    7,
                    0.75,
                    8.625
                ],
                "angle": 22.5,
                "axis": "y"
            },
            "from": [
                6.65625,
                2,
                7.5
            ],
            "to": [
                6.96875,
                2.25,
                7.75
            ],
            "faces": {
                "east": {
                    "uv": [
                        4.5,
                        2,
                        5.5,
                        3
                    ],
                    "texture": "#0"
                },
                "south": {
                    "uv": [
                        4.5,
                        2,
                        5.5,
                        3
                    ],
                    "texture": "#0"
                },
                "north": {
                    "uv": [
                        4.5,
                        2,
                        5.5,
                        3
                    ],
                    "texture": "#0"
                },
                "west": {
                    "uv": [
                        4.5,
                        2,
                        5.5,
                        3
                    ],
                    "texture": "#0"
                },
                "up": {
                    "uv": [
                        4.5,
                        2,
                        5.5,
                        3
                    ],
                    "texture": "#0"
                },
                "down": {
                    "uv": [
                        4.5,
                        2,
                        5.5,
                        3
                    ],
                    "texture": "#0"
                }
            }
        },
        {
            "rotation": {
                "origin": [
                    9,
                    0.75,
                    8.625
                ],
                "angle": -22.5,
                "axis": "y"
            },
            "from": [
                9.03125,
                2,
                7.5
            ],
            "to": [
                9.34375,
                2.25,
                7.75
            ],
            "faces": {
                "east": {
                    "uv": [
                        5.5,
                        2,
                        4.5,
                        3
                    ],
                    "texture": "#0"
                },
                "south": {
                    "uv": [
                        5.5,
                        2,
                        4.5,
                        3
                    ],
                    "texture": "#0"
                },
                "north": {
                    "uv": [
                        5.5,
                        2,
                        4.5,
                        3
                    ],
                    "texture": "#0"
                },
                "west": {
                    "uv": [
                        5.5,
                        2,
                        4.5,
                        3
                    ],
                    "texture": "#0"
                },
                "up": {
                    "uv": [
                        5.5,
                        2,
                        4.5,
                        3
                    ],
                    "texture": "#0"
                },
                "down": {
                    "uv": [
                        5.5,
                        2,
                        4.5,
                        3
                    ],
                    "texture": "#0"
                }
            }
        },
        {
            "from": [
                7,
                2.5,
                8.5
            ],
            "to": [
                9,
                3.5,
                9
            ],
            "faces": {
                "east": {
                    "uv": [
                        0.5,
                        0.5,
                        1.5,
                        1.5
                    ],
                    "texture": "#0"
                },
                "south": {
                    "uv": [
                        0.5,
                        0.5,
                        1.5,
                        1.5
                    ],
                    "texture": "#0"
                },
                "north": {
                    "uv": [
                        0.5,
                        0.5,
                        1.5,
                        1.5
                    ],
                    "texture": "#0"
                },
                "west": {
                    "uv": [
                        0.5,
                        0.5,
                        1.5,
                        1.5
                    ],
                    "texture": "#0"
                },
                "up": {
                    "uv": [
                        0.5,
                        0.5,
                        1.5,
                        1.5
                    ],
                    "texture": "#0"
                },
                "down": {
                    "uv": [
                        0.5,
                        0.5,
                        1.5,
                        1.5
                    ],
                    "texture": "#0"
                }
            }
        },
        {
            "rotation": {
                "origin": [
                    8,
                    2.5,
                    8.5
                ],
                "angle": 45,
                "axis": "x"
            },
            "from": [
                7,
                2.56066,
                7.43934
            ],
            "to": [
                9,
                3.56066,
                8.15028
            ],
            "faces": {
                "east": {
                    "uv": [
                        0.5,
                        0.5,
                        1.5,
                        1.5
                    ],
                    "texture": "#0"
                },
                "south": {
                    "uv": [
                        0.5,
                        0.5,
                        1.5,
                        1.5
                    ],
                    "texture": "#0"
                },
                "north": {
                    "uv": [
                        0.5,
                        0.5,
                        1.5,
                        1.5
                    ],
                    "texture": "#0"
                },
                "west": {
                    "uv": [
                        0.5,
                        0.5,
                        1.5,
                        1.5
                    ],
                    "texture": "#0"
                },
                "up": {
                    "uv": [
                        0.5,
                        0.5,
                        1.5,
                        1.5
                    ],
                    "texture": "#0"
                },
                "down": {
                    "uv": [
                        0.5,
                        0.5,
                        1.5,
                        1.5
                    ],
                    "texture": "#0"
                }
            }
        },
        {
            "from": [
                7.24219,
                3.75,
                5
            ],
            "to": [
                8.75781,
                4.375,
                6
            ],
            "faces": {
                "east": {
                    "uv": [
                        16,
                        0.5,
                        0.5,
                        9
                    ],
                    "texture": "#4"
                },
                "south": {
                    "uv": [
                        0.5,
                        0.5,
                        1.5,
                        1.5
                    ],
                    "texture": "#4"
                },
                "north": {
                    "uv": [
                        0.5,
                        0.5,
                        1.5,
                        1.5
                    ],
                    "texture": "#4"
                },
                "west": {
                    "uv": [
                        0.5,
                        0.5,
                        16,
                        9
                    ],
                    "texture": "#4"
                },
                "up": {
                    "uv": [
                        0.5,
                        0.5,
                        1.5,
                        1.5
                    ],
                    "texture": "#4"
                },
                "down": {
                    "uv": [
                        0.5,
                        0.5,
                        1.5,
                        1.5
                    ],
                    "texture": "#4"
                }
            }
        },
        {
            "from": [
                6.49219,
                2.625,
                7.75
            ],
            "to": [
                9.50781,
                3.375,
                8.5
            ],
            "faces": {
                "east": {
                    "uv": [
                        13.5,
                        0.5,
                        0.5,
                        13
                    ],
                    "texture": "#5"
                },
                "south": {
                    "uv": [
                        0.5,
                        0.5,
                        1.5,
                        1.5
                    ],
                    "texture": "#5"
                },
                "north": {
                    "uv": [
                        0.5,
                        0.5,
                        1.5,
                        1.5
                    ],
                    "texture": "#5"
                },
                "west": {
                    "uv": [
                        0.5,
                        0.5,
                        13.5,
                        13
                    ],
                    "texture": "#5"
                },
                "up": {
                    "uv": [
                        0.5,
                        0.5,
                        1.5,
                        1.5
                    ],
                    "texture": "#5"
                },
                "down": {
                    "uv": [
                        0.5,
                        0.5,
                        1.5,
                        1.5
                    ],
                    "texture": "#5"
                }
            }
        },
        {
            "from": [
                6.99219,
                3.25,
                6.75
            ],
            "to": [
                9.00781,
                3.75,
                7.25
            ],
            "faces": {
                "east": {
                    "uv": [
                        8,
                        0.5,
                        15.5,
                        8
                    ],
                    "texture": "#0"
                },
                "south": {
                    "uv": [
                        1,
                        4.5,
                        2,
                        5.5
                    ],
                    "texture": "#0"
                },
                "north": {
                    "uv": [
                        1,
                        4.5,
                        2,
                        5.5
                    ],
                    "texture": "#0"
                },
                "west": {
                    "uv": [
                        8,
                        0.5,
                        15.5,
                        8
                    ],
                    "texture": "#0"
                },
                "up": {
                    "uv": [
                        1,
                        4.5,
                        2,
                        5.5
                    ],
                    "texture": "#0"
                },
                "down": {
                    "uv": [
                        1,
                        4.5,
                        2,
                        5.5
                    ],
                    "texture": "#0"
                }
            }
        },
        {
            "from": [
                6.74219,
                2.375,
                6.625
            ],
            "to": [
                9.25781,
                2.75,
                7
            ],
            "faces": {
                "east": {
                    "uv": [
                        9.5,
                        8,
                        3,
                        15
                    ],
                    "texture": "#0"
                },
                "south": {
                    "uv": [
                        1,
                        4.5,
                        2,
                        5.5
                    ],
                    "texture": "#0"
                },
                "north": {
                    "uv": [
                        1,
                        4.5,
                        2,
                        5.5
                    ],
                    "texture": "#0"
                },
                "west": {
                    "uv": [
                        3,
                        8,
                        9.5,
                        15
                    ],
                    "texture": "#0"
                },
                "up": {
                    "uv": [
                        1,
                        4.5,
                        2,
                        5.5
                    ],
                    "texture": "#0"
                },
                "down": {
                    "uv": [
                        1,
                        4.5,
                        2,
                        5.5
                    ],
                    "texture": "#0"
                }
            }
        },
        {
            "from": [
                7.5,
                3.375,
                4.375
            ],
            "to": [
                8.5,
                4.125,
                4.875
            ],
            "faces": {
                "east": {
                    "uv": [
                        0.5,
                        0.5,
                        1.5,
                        1.5
                    ],
                    "texture": "#0"
                },
                "south": {
                    "uv": [
                        0.5,
                        0.5,
                        1.5,
                        1.5
                    ],
                    "texture": "#0"
                },
                "north": {
                    "uv": [
                        0.5,
                        0.5,
                        1.5,
                        1.5
                    ],
                    "texture": "#0"
                },
                "west": {
                    "uv": [
                        0.5,
                        0.5,
                        1.5,
                        1.5
                    ],
                    "texture": "#0"
                },
                "up": {
                    "uv": [
                        0.5,
                        0.5,
                        1.5,
                        1.5
                    ],
                    "texture": "#0"
                },
                "down": {
                    "uv": [
                        0.5,
                        0.5,
                        1.5,
                        1.5
                    ],
                    "texture": "#0"
                }
            }
        },
        {
            "from": [
                7.5,
                3,
                4.75
            ],
            "to": [
                8.5,
                4.375,
                6.5
            ],
            "faces": {
                "east": {
                    "uv": [
                        0.5,
                        0.5,
                        1.5,
                        1.5
                    ],
                    "texture": "#0"
                },
                "south": {
                    "uv": [
                        0.5,
                        0.5,
                        1.5,
                        1.5
                    ],
                    "texture": "#0"
                },
                "north": {
                    "uv": [
                        0.5,
                        0.5,
                        1.5,
                        1.5
                    ],
                    "texture": "#0"
                },
                "west": {
                    "uv": [
                        0.5,
                        0.5,
                        1.5,
                        1.5
                    ],
                    "texture": "#0"
                },
                "up": {
                    "uv": [
                        0.5,
                        0.5,
                        1.5,
                        1.5
                    ],
                    "texture": "#0"
                },
                "down": {
                    "uv": [
                        0.5,
                        0.5,
                        1.5,
                        1.5
                    ],
                    "texture": "#0"
                }
            }
        },
        {
            "rotation": {
                "origin": [
                    8,
                    1.5,
                    4.5
                ],
                "angle": 22.5,
                "axis": "x"
            },
            "from": [
                7.5,
                3.25977,
                4.42754
            ],
            "to": [
                8.5,
                4.75977,
                6.05254
            ],
            "faces": {
                "east": {
                    "uv": [
                        0.5,
                        0.5,
                        1.5,
                        1.5
                    ],
                    "texture": "#0"
                },
                "south": {
                    "uv": [
                        0.5,
                        0.5,
                        1.5,
                        1.5
                    ],
                    "texture": "#0"
                },
                "north": {
                    "uv": [
                        0.5,
                        0.5,
                        1.5,
                        1.5
                    ],
                    "texture": "#0"
                },
                "west": {
                    "uv": [
                        0.5,
                        0.5,
                        1.5,
                        1.5
                    ],
                    "texture": "#0"
                },
                "up": {
                    "uv": [
                        0.5,
                        0.5,
                        1.5,
                        1.5
                    ],
                    "texture": "#0"
                },
                "down": {
                    "uv": [
                        0.5,
                        0.5,
                        1.5,
                        1.5
                    ],
                    "texture": "#0"
                }
            }
        },
        {
            "rotation": {
                "origin": [
                    8,
                    2.5,
                    5.5
                ],
                "angle": -45,
                "axis": "x"
            },
            "from": [
                7.75,
                3.47227,
                6.14905
            ],
            "to": [
                8.25,
                4.97227,
                6.64905
            ],
            "faces": {
                "east": {
                    "uv": [
                        0.5,
                        0.5,
                        1.5,
                        1.5
                    ],
                    "texture": "#0",
                    "rotation": 270
                },
                "south": {
                    "uv": [
                        0.5,
                        0.5,
                        1.5,
                        1.5
                    ],
                    "texture": "#0"
                },
                "north": {
                    "uv": [
                        0.5,
                        0.5,
                        1.5,
                        1.5
                    ],
                    "texture": "#0",
                    "rotation": 180
                },
                "west": {
                    "uv": [
                        0.5,
                        0.5,
                        1.5,
                        1.5
                    ],
                    "texture": "#0",
                    "rotation": 90
                },
                "up": {
                    "uv": [
                        0.5,
                        0.5,
                        1.5,
                        1.5
                    ],
                    "texture": "#0",
                    "rotation": 180
                },
                "down": {
                    "uv": [
                        0.5,
                        0.5,
                        1.5,
                        1.5
                    ],
                    "texture": "#0"
                }
            }
        },
        {
            "from": [
                7.75,
                3,
                4.5
            ],
            "to": [
                8.25,
                3.375,
                4.75
            ],
            "faces": {
                "east": {
                    "uv": [
                        5,
                        1,
                        6,
                        2
                    ],
                    "texture": "#0"
                },
                "south": {
                    "uv": [
                        5,
                        1,
                        6,
                        2
                    ],
                    "texture": "#0"
                },
                "north": {
                    "uv": [
                        5,
                        1,
                        6,
                        2
                    ],
                    "texture": "#0"
                },
                "west": {
                    "uv": [
                        5,
                        1,
                        6,
                        2
                    ],
                    "texture": "#0"
                },
                "up": {
                    "uv": [
                        5,
                        1,
                        6,
                        2
                    ],
                    "texture": "#0"
                },
                "down": {
                    "uv": [
                        5,
                        1,
                        6,
                        2
                    ],
                    "texture": "#0"
                }
            }
        },
        {
            "rotation": {
                "origin": [
                    9.25,
                    3.5,
                    6
                ],
                "angle": 45,
                "axis": "y"
            },
            "from": [
                8.86135,
                4.25,
                5.33252
            ],
            "to": [
                8.86916,
                6.625,
                7.33252
            ],
            "faces": {
                "east": {
                    "uv": [
                        12.75,
                        0.75,
                        0.25,
                        15.75
                    ],
                    "texture": "#2"
                },
                "south": {
                    "uv": [
                        1.5,
                        0.5,
                        0.5,
                        1.5
                    ],
                    "texture": "#2"
                },
                "north": {
                    "uv": [
                        1.5,
                        0.5,
                        0.5,
                        1.5
                    ],
                    "texture": "#2"
                },
                "west": {
                    "uv": [
                        0.25,
                        0.75,
                        12.75,
                        15.75
                    ],
                    "texture": "#6"
                },
                "up": {
                    "uv": [
                        1.5,
                        0.5,
                        0.5,
                        1.5
                    ],
                    "texture": "#2"
                },
                "down": {
                    "uv": [
                        1.5,
                        0.5,
                        0.5,
                        1.5
                    ],
                    "texture": "#2"
                }
            }
        },
        {
            "rotation": {
                "origin": [
                    7.25,
                    2.25,
                    8.875
                ],
                "angle": 22.5,
                "axis": "z"
            },
            "from": [
                8.10284,
                3.65563,
                6.75
            ],
            "to": [
                8.10784,
                4.78063,
                8.5
            ],
            "faces": {
                "east": {
                    "uv": [
                        15.75,
                        0.25,
                        0.25,
                        7
                    ],
                    "texture": "#3"
                },
                "south": {
                    "uv": [
                        1.5,
                        0.5,
                        0.5,
                        1.5
                    ],
                    "texture": "#3"
                },
                "north": {
                    "uv": [
                        1.5,
                        0.5,
                        0.5,
                        1.5
                    ],
                    "texture": "#3"
                },
                "west": {
                    "uv": [
                        0.25,
                        0.25,
                        15.75,
                        7
                    ],
                    "texture": "#3"
                },
                "up": {
                    "uv": [
                        1.5,
                        0.5,
                        0.5,
                        1.5
                    ],
                    "texture": "#3"
                },
                "down": {
                    "uv": [
                        1.5,
                        0.5,
                        0.5,
                        1.5
                    ],
                    "texture": "#3"
                }
            }
        },
        {
            "rotation": {
                "origin": [
                    8.75,
                    2.25,
                    8.875
                ],
                "angle": -22.5,
                "axis": "z"
            },
            "from": [
                7.89216,
                3.65563,
                6.75
            ],
            "to": [
                7.89716,
                4.78063,
                8.5
            ],
            "faces": {
                "east": {
                    "uv": [
                        15.75,
                        0.25,
                        0.25,
                        7
                    ],
                    "texture": "#3"
                },
                "south": {
                    "uv": [
                        0.5,
                        0.5,
                        1.5,
                        1.5
                    ],
                    "texture": "#3"
                },
                "north": {
                    "uv": [
                        0.5,
                        0.5,
                        1.5,
                        1.5
                    ],
                    "texture": "#3"
                },
                "west": {
                    "uv": [
                        0.25,
                        0.25,
                        15.75,
                        7
                    ],
                    "texture": "#3"
                },
                "up": {
                    "uv": [
                        0.5,
                        0.5,
                        1.5,
                        1.5
                    ],
                    "texture": "#3"
                },
                "down": {
                    "uv": [
                        0.5,
                        0.5,
                        1.5,
                        1.5
                    ],
                    "texture": "#3"
                }
            }
        },
        {
            "rotation": {
                "origin": [
                    7.96875,
                    2.875,
                    8.375
                ],
                "angle": 0,
                "axis": "x"
            },
            "from": [
                7.96619,
                3.875,
                6.48019
            ],
            "to": [
                7.97119,
                5.625,
                7.60519
            ],
            "faces": {
                "east": {
                    "uv": [
                        0.25,
                        14.5,
                        13.25,
                        7.25
                    ],
                    "texture": "#3",
                    "rotation": 270
                },
                "south": {
                    "uv": [
                        0.5,
                        0.5,
                        1.5,
                        1.5
                    ],
                    "texture": "#3"
                },
                "north": {
                    "uv": [
                        0.5,
                        0.5,
                        1.5,
                        1.5
                    ],
                    "texture": "#3",
                    "rotation": 180
                },
                "west": {
                    "uv": [
                        0.25,
                        7.25,
                        13.25,
                        14.5
                    ],
                    "texture": "#3",
                    "rotation": 270
                },
                "up": {
                    "uv": [
                        0.5,
                        0.5,
                        1.5,
                        1.5
                    ],
                    "texture": "#3"
                },
                "down": {
                    "uv": [
                        0.5,
                        0.5,
                        1.5,
                        1.5
                    ],
                    "texture": "#3",
                    "rotation": 180
                }
            }
        },
        {
            "rotation": {
                "origin": [
                    7.96875,
                    2.875,
                    8.375
                ],
                "angle": 0,
                "axis": "x"
            },
            "from": [
                7.96619,
                3.875,
                7.35519
            ],
            "to": [
                7.97119,
                5.125,
                8.35519
            ],
            "faces": {
                "east": {
                    "uv": [
                        0.25,
                        14.5,
                        13.25,
                        7.25
                    ],
                    "texture": "#3",
                    "rotation": 270
                },
                "south": {
                    "uv": [
                        0.5,
                        0.5,
                        1.5,
                        1.5
                    ],
                    "texture": "#3"
                },
                "north": {
                    "uv": [
                        0.5,
                        0.5,
                        1.5,
                        1.5
                    ],
                    "texture": "#3",
                    "rotation": 180
                },
                "west": {
                    "uv": [
                        0.25,
                        7.25,
                        13.25,
                        14.5
                    ],
                    "texture": "#3",
                    "rotation": 270
                },
                "up": {
                    "uv": [
                        0.5,
                        0.5,
                        1.5,
                        1.5
                    ],
                    "texture": "#3"
                },
                "down": {
                    "uv": [
                        0.5,
                        0.5,
                        1.5,
                        1.5
                    ],
                    "texture": "#3",
                    "rotation": 180
                }
            }
        },
        {
            "rotation": {
                "origin": [
                    7.96875,
                    2.875,
                    8.375
                ],
                "angle": 22.5,
                "axis": "x"
            },
            "from": [
                7.96619,
                3.76082,
                7.53116
            ],
            "to": [
                7.97119,
                4.63582,
                8.40616
            ],
            "faces": {
                "east": {
                    "uv": [
                        0.25,
                        14.5,
                        13.25,
                        7.25
                    ],
                    "texture": "#3",
                    "rotation": 270
                },
                "south": {
                    "uv": [
                        0.5,
                        0.5,
                        1.5,
                        1.5
                    ],
                    "texture": "#3"
                },
                "north": {
                    "uv": [
                        0.5,
                        0.5,
                        1.5,
                        1.5
                    ],
                    "texture": "#3",
                    "rotation": 180
                },
                "west": {
                    "uv": [
                        0.25,
                        7.25,
                        13.25,
                        14.5
                    ],
                    "texture": "#3",
                    "rotation": 270
                },
                "up": {
                    "uv": [
                        0.5,
                        0.5,
                        1.5,
                        1.5
                    ],
                    "texture": "#3"
                },
                "down": {
                    "uv": [
                        0.5,
                        0.5,
                        1.5,
                        1.5
                    ],
                    "texture": "#3",
                    "rotation": 180
                }
            }
        },
        {
            "rotation": {
                "origin": [
                    7.96875,
                    2.875,
                    8.375
                ],
                "angle": 45,
                "axis": "x"
            },
            "from": [
                7.96619,
                3.61244,
                7.57486
            ],
            "to": [
                7.97119,
                4.48744,
                8.44986
            ],
            "faces": {
                "east": {
                    "uv": [
                        0.25,
                        14.5,
                        13.25,
                        7.25
                    ],
                    "texture": "#3",
                    "rotation": 270
                },
                "south": {
                    "uv": [
                        0.5,
                        0.5,
                        1.5,
                        1.5
                    ],
                    "texture": "#3"
                },
                "north": {
                    "uv": [
                        0.5,
                        0.5,
                        1.5,
                        1.5
                    ],
                    "texture": "#3",
                    "rotation": 180
                },
                "west": {
                    "uv": [
                        0.25,
                        7.25,
                        13.25,
                        14.5
                    ],
                    "texture": "#3",
                    "rotation": 270
                },
                "up": {
                    "uv": [
                        0.5,
                        0.5,
                        1.5,
                        1.5
                    ],
                    "texture": "#3"
                },
                "down": {
                    "uv": [
                        0.5,
                        0.5,
                        1.5,
                        1.5
                    ],
                    "texture": "#3",
                    "rotation": 180
                }
            }
        },
        {
            "rotation": {
                "origin": [
                    6.75,
                    3.5,
                    6
                ],
                "angle": -45,
                "axis": "y"
            },
            "from": [
                7.13084,
                4.25,
                5.33252
            ],
            "to": [
                7.13865,
                6.625,
                7.33252
            ],
            "faces": {
                "east": {
                    "uv": [
                        12.75,
                        0.75,
                        0.25,
                        15.75
                    ],
                    "texture": "#6"
                },
                "south": {
                    "uv": [
                        0.5,
                        0.5,
                        1.5,
                        1.5
                    ],
                    "texture": "#2"
                },
                "north": {
                    "uv": [
                        0.5,
                        0.5,
                        1.5,
                        1.5
                    ],
                    "texture": "#2"
                },
                "west": {
                    "uv": [
                        0.25,
                        0.75,
                        12.75,
                        15.75
                    ],
                    "texture": "#2"
                },
                "up": {
                    "uv": [
                        0.5,
                        0.5,
                        1.5,
                        1.5
                    ],
                    "texture": "#2"
                },
                "down": {
                    "uv": [
                        0.5,
                        0.5,
                        1.5,
                        1.5
                    ],
                    "texture": "#2"
                }
            }
        }
    ],
    "display": {
        "head": {
            "translation": [
                0,
                -19.35,
                2
            ],
            "scale": [
                4,
                4,
                4
            ]
        },
        "ground": {"scale": [
            0,
            0,
            0
        ]},
        "gui": {
            "rotation": [
                30,
                145,
                0
            ],
            "translation": [
                1.25,
                10.75,
                -0.5
            ],
            "scale": [
                2.5,
                2.5,
                2.5
            ]
        }
    },
    "credit": "Made by MadstonMagic, using Cubik Pro & Blockbench"
}