{
    "textures": {
        "0": "pokemon/36_clefable/clefable",
        "1": "pokemon/36_clefable/eye",
        "2": "pokemon/36_clefable/wings",
        "3": "pokemon/35_clefairy/swirl",
        "particle": "pokemon/36_clefable/clefable"
    },
    "elements": [
        {
            "rotation": {
                "origin": [
                    13.5,
                    8,
                    14.5
                ],
                "angle": 0,
                "axis": "y"
            },
            "from": [
                5,
                0,
                6
            ],
            "to": [
                11,
                10,
                11.5
            ],
            "faces": {
                "east": {
                    "uv": [
                        1,
                        1,
                        5,
                        5
                    ],
                    "texture": "#0"
                },
                "south": {
                    "uv": [
                        1,
                        1,
                        5,
                        5
                    ],
                    "texture": "#0"
                },
                "north": {
                    "uv": [
                        1,
                        1,
                        5,
                        5
                    ],
                    "texture": "#0"
                },
                "west": {
                    "uv": [
                        1,
                        1,
                        5,
                        5
                    ],
                    "texture": "#0"
                },
                "up": {
                    "uv": [
                        1,
                        1,
                        5,
                        5
                    ],
                    "texture": "#0"
                },
                "down": {
                    "uv": [
                        1,
                        1,
                        5,
                        5
                    ],
                    "texture": "#0"
                }
            }
        },
        {
            "rotation": {
                "origin": [
                    9.5,
                    9.5,
                    14.49219
                ],
                "angle": 0,
                "axis": "y"
            },
            "from": [
                6.75,
                6.375,
                5.99219
            ],
            "to": [
                7.25,
                7.375,
                6.49219
            ],
            "faces": {
                "east": {
                    "uv": [
                        4.75,
                        12,
                        6.5,
                        13.75
                    ],
                    "texture": "#1"
                },
                "south": {
                    "uv": [
                        4.75,
                        12,
                        6.5,
                        13.75
                    ],
                    "texture": "#1"
                },
                "north": {
                    "uv": [
                        5.75,
                        0.5,
                        15.75,
                        11.75
                    ],
                    "texture": "#1"
                },
                "west": {
                    "uv": [
                        4.75,
                        12,
                        6.5,
                        13.75
                    ],
                    "texture": "#1"
                },
                "up": {
                    "uv": [
                        4.75,
                        12,
                        6.5,
                        13.75
                    ],
                    "texture": "#1"
                },
                "down": {
                    "uv": [
                        4.75,
                        12,
                        6.5,
                        13.75
                    ],
                    "texture": "#1"
                }
            }
        },
        {
            "rotation": {
                "origin": [
                    11.375,
                    7.75,
                    14.49219
                ],
                "angle": 0,
                "axis": "y"
            },
            "from": [
                7.5,
                5.75,
                5.99219
            ],
            "to": [
                8.5,
                6,
                6.49219
            ],
            "faces": {
                "east": {
                    "uv": [
                        4.75,
                        12,
                        6.5,
                        13.75
                    ],
                    "texture": "#1"
                },
                "south": {
                    "uv": [
                        4.75,
                        12,
                        6.5,
                        13.75
                    ],
                    "texture": "#1"
                },
                "north": {
                    "uv": [
                        0.25,
                        0.5,
                        3,
                        15.75
                    ],
                    "texture": "#1",
                    "rotation": 90
                },
                "west": {
                    "uv": [
                        4.75,
                        12,
                        6.5,
                        13.75
                    ],
                    "texture": "#1"
                },
                "up": {
                    "uv": [
                        4.75,
                        12,
                        6.5,
                        13.75
                    ],
                    "texture": "#1"
                },
                "down": {
                    "uv": [
                        4.75,
                        12,
                        6.5,
                        13.75
                    ],
                    "texture": "#1"
                }
            }
        },
        {
            "rotation": {
                "origin": [
                    6.5,
                    9.5,
                    14.49219
                ],
                "angle": 0,
                "axis": "y"
            },
            "from": [
                8.75,
                6.375,
                5.99219
            ],
            "to": [
                9.25,
                7.375,
                6.49219
            ],
            "faces": {
                "east": {
                    "uv": [
                        6.5,
                        12,
                        4.75,
                        13.75
                    ],
                    "texture": "#1"
                },
                "south": {
                    "uv": [
                        6.5,
                        12,
                        4.75,
                        13.75
                    ],
                    "texture": "#1"
                },
                "north": {
                    "uv": [
                        15.75,
                        0.5,
                        5.75,
                        11.75
                    ],
                    "texture": "#1"
                },
                "west": {
                    "uv": [
                        6.5,
                        12,
                        4.75,
                        13.75
                    ],
                    "texture": "#1"
                },
                "up": {
                    "uv": [
                        6.5,
                        12,
                        4.75,
                        13.75
                    ],
                    "texture": "#1"
                },
                "down": {
                    "uv": [
                        6.5,
                        12,
                        4.75,
                        13.75
                    ],
                    "texture": "#1"
                }
            }
        },
        {
            "rotation": {
                "origin": [
                    14,
                    6.5,
                    14.5
                ],
                "angle": 0,
                "axis": "y"
            },
            "from": [
                4.5,
                2,
                6
            ],
            "to": [
                11.5,
                8.5,
                11.5
            ],
            "faces": {
                "east": {
                    "uv": [
                        1,
                        1,
                        5,
                        5
                    ],
                    "texture": "#0"
                },
                "south": {
                    "uv": [
                        1,
                        1,
                        5,
                        5
                    ],
                    "texture": "#0"
                },
                "north": {
                    "uv": [
                        1,
                        1,
                        5,
                        5
                    ],
                    "texture": "#0"
                },
                "west": {
                    "uv": [
                        1,
                        1,
                        5,
                        5
                    ],
                    "texture": "#0"
                },
                "up": {
                    "uv": [
                        1,
                        1,
                        5,
                        5
                    ],
                    "texture": "#0"
                },
                "down": {
                    "uv": [
                        1,
                        1,
                        5,
                        5
                    ],
                    "texture": "#0"
                }
            }
        },
        {
            "rotation": {
                "origin": [
                    9,
                    6.5,
                    11.5
                ],
                "angle": -22.5,
                "axis": "y"
            },
            "from": [
                9,
                3.5,
                11.5
            ],
            "to": [
                16,
                10.5,
                11.505
            ],
            "faces": {
                "east": {
                    "uv": [
                        1,
                        1,
                        2.5,
                        2
                    ],
                    "texture": "#2"
                },
                "south": {
                    "uv": [
                        0.25,
                        0.25,
                        15.75,
                        14.5
                    ],
                    "texture": "#2"
                },
                "north": {
                    "uv": [
                        15.75,
                        0.25,
                        0.25,
                        14.5
                    ],
                    "texture": "#2"
                },
                "west": {
                    "uv": [
                        1,
                        1,
                        3.25,
                        2.75
                    ],
                    "texture": "#2"
                },
                "up": {
                    "uv": [
                        1,
                        1,
                        2.5,
                        2
                    ],
                    "texture": "#2"
                },
                "down": {
                    "uv": [
                        1,
                        1,
                        2.5,
                        2
                    ],
                    "texture": "#2"
                }
            }
        },
        {
            "rotation": {
                "origin": [
                    7,
                    6.5,
                    11.5
                ],
                "angle": 22.5,
                "axis": "y"
            },
            "from": [
                0,
                3.5,
                11.5
            ],
            "to": [
                7,
                10.5,
                11.505
            ],
            "faces": {
                "east": {
                    "uv": [
                        3.25,
                        1,
                        1,
                        2.75
                    ],
                    "texture": "#2"
                },
                "south": {
                    "uv": [
                        15.75,
                        0.25,
                        0.25,
                        14.5
                    ],
                    "texture": "#2"
                },
                "north": {
                    "uv": [
                        0.25,
                        0.25,
                        15.75,
                        14.5
                    ],
                    "texture": "#2"
                },
                "west": {
                    "uv": [
                        2.5,
                        1,
                        1,
                        2
                    ],
                    "texture": "#2"
                },
                "up": {
                    "uv": [
                        2.5,
                        1,
                        1,
                        2
                    ],
                    "texture": "#2"
                },
                "down": {
                    "uv": [
                        2.5,
                        1,
                        1,
                        2
                    ],
                    "texture": "#2"
                }
            }
        },
        {
            "rotation": {
                "origin": [
                    13.5,
                    8.5,
                    14
                ],
                "angle": 0,
                "axis": "y"
            },
            "from": [
                5,
                -0.5,
                6.5
            ],
            "to": [
                11,
                10.5,
                11
            ],
            "faces": {
                "east": {
                    "uv": [
                        1,
                        1,
                        5,
                        5
                    ],
                    "texture": "#0"
                },
                "south": {
                    "uv": [
                        1,
                        1,
                        5,
                        5
                    ],
                    "texture": "#0"
                },
                "north": {
                    "uv": [
                        1,
                        1,
                        5,
                        5
                    ],
                    "texture": "#0"
                },
                "west": {
                    "uv": [
                        1,
                        1,
                        5,
                        5
                    ],
                    "texture": "#0"
                },
                "up": {
                    "uv": [
                        1,
                        1,
                        5,
                        5
                    ],
                    "texture": "#0"
                },
                "down": {
                    "uv": [
                        1,
                        1,
                        5,
                        5
                    ],
                    "texture": "#0"
                }
            }
        },
        {
            "rotation": {
                "origin": [
                    12.75,
                    10,
                    7.99219
                ],
                "angle": 22.5,
                "axis": "x"
            },
            "from": [
                6.25,
                8,
                6
            ],
            "to": [
                9.75,
                10.5,
                8
            ],
            "faces": {
                "east": {
                    "uv": [
                        1,
                        1,
                        5,
                        5
                    ],
                    "texture": "#0"
                },
                "south": {
                    "uv": [
                        1,
                        1,
                        5,
                        5
                    ],
                    "texture": "#0"
                },
                "north": {
                    "uv": [
                        1,
                        1,
                        5,
                        5
                    ],
                    "texture": "#0"
                },
                "west": {
                    "uv": [
                        1,
                        1,
                        5,
                        5
                    ],
                    "texture": "#0"
                },
                "up": {
                    "uv": [
                        1,
                        1,
                        5,
                        5
                    ],
                    "texture": "#0"
                },
                "down": {
                    "uv": [
                        1,
                        1,
                        5,
                        5
                    ],
                    "texture": "#0"
                }
            }
        },
        {
            "rotation": {
                "origin": [
                    8.25,
                    7,
                    12.49219
                ],
                "angle": 0,
                "axis": "x"
            },
            "from": [
                7.25781,
                3,
                12.5
            ],
            "to": [
                8.75781,
                7.5,
                18.5
            ],
            "faces": {
                "east": {
                    "uv": [
                        1,
                        5,
                        5,
                        1
                    ],
                    "texture": "#0"
                },
                "south": {
                    "uv": [
                        1,
                        5,
                        5,
                        1
                    ],
                    "texture": "#0"
                },
                "north": {
                    "uv": [
                        1,
                        5,
                        5,
                        1
                    ],
                    "texture": "#0"
                },
                "west": {
                    "uv": [
                        1,
                        5,
                        5,
                        1
                    ],
                    "texture": "#0"
                },
                "up": {
                    "uv": [
                        5,
                        1,
                        1,
                        5
                    ],
                    "texture": "#0",
                    "rotation": 90
                },
                "down": {
                    "uv": [
                        5,
                        1,
                        1,
                        5
                    ],
                    "texture": "#0",
                    "rotation": 270
                }
            }
        },
        {
            "rotation": {
                "origin": [
                    8.25,
                    7,
                    12.49219
                ],
                "angle": 0,
                "axis": "x"
            },
            "from": [
                7.00781,
                2.5,
                13
            ],
            "to": [
                9.00781,
                8,
                18
            ],
            "faces": {
                "east": {
                    "uv": [
                        1,
                        5,
                        5,
                        1
                    ],
                    "texture": "#0"
                },
                "south": {
                    "uv": [
                        1,
                        5,
                        5,
                        1
                    ],
                    "texture": "#0"
                },
                "north": {
                    "uv": [
                        1,
                        5,
                        5,
                        1
                    ],
                    "texture": "#0"
                },
                "west": {
                    "uv": [
                        1,
                        5,
                        5,
                        1
                    ],
                    "texture": "#0"
                },
                "up": {
                    "uv": [
                        5,
                        1,
                        1,
                        5
                    ],
                    "texture": "#0",
                    "rotation": 90
                },
                "down": {
                    "uv": [
                        5,
                        1,
                        1,
                        5
                    ],
                    "texture": "#0",
                    "rotation": 270
                }
            }
        },
        {
            "rotation": {
                "origin": [
                    8.25,
                    7,
                    12.49219
                ],
                "angle": 0,
                "axis": "x"
            },
            "from": [
                6.75781,
                2.75,
                13.25
            ],
            "to": [
                9.25781,
                7.75,
                17.75
            ],
            "faces": {
                "east": {
                    "uv": [
                        1,
                        5,
                        5,
                        1
                    ],
                    "texture": "#0"
                },
                "south": {
                    "uv": [
                        1,
                        5,
                        5,
                        1
                    ],
                    "texture": "#0"
                },
                "north": {
                    "uv": [
                        1,
                        5,
                        5,
                        1
                    ],
                    "texture": "#0"
                },
                "west": {
                    "uv": [
                        1,
                        5,
                        5,
                        1
                    ],
                    "texture": "#0"
                },
                "up": {
                    "uv": [
                        5,
                        1,
                        1,
                        5
                    ],
                    "texture": "#0",
                    "rotation": 90
                },
                "down": {
                    "uv": [
                        5,
                        1,
                        1,
                        5
                    ],
                    "texture": "#0",
                    "rotation": 270
                }
            }
        },
        {
            "rotation": {
                "origin": [
                    12.75,
                    10,
                    7.99219
                ],
                "angle": 22.5,
                "axis": "x"
            },
            "from": [
                6.75,
                7.5,
                6
            ],
            "to": [
                9.25,
                11,
                8
            ],
            "faces": {
                "east": {
                    "uv": [
                        1,
                        1,
                        5,
                        5
                    ],
                    "texture": "#0"
                },
                "south": {
                    "uv": [
                        1,
                        1,
                        5,
                        5
                    ],
                    "texture": "#0"
                },
                "north": {
                    "uv": [
                        1,
                        1,
                        5,
                        5
                    ],
                    "texture": "#0"
                },
                "west": {
                    "uv": [
                        1,
                        1,
                        5,
                        5
                    ],
                    "texture": "#0"
                },
                "up": {
                    "uv": [
                        1,
                        1,
                        5,
                        5
                    ],
                    "texture": "#0"
                },
                "down": {
                    "uv": [
                        1,
                        1,
                        5,
                        5
                    ],
                    "texture": "#0"
                }
            }
        },
        {
            "rotation": {
                "origin": [
                    8.25,
                    7,
                    12.49219
                ],
                "angle": 0,
                "axis": "x"
            },
            "from": [
                7.25781,
                2,
                13.5
            ],
            "to": [
                8.75781,
                8.5,
                17.5
            ],
            "faces": {
                "east": {
                    "uv": [
                        1,
                        5,
                        5,
                        1
                    ],
                    "texture": "#0"
                },
                "south": {
                    "uv": [
                        1,
                        5,
                        5,
                        1
                    ],
                    "texture": "#0"
                },
                "north": {
                    "uv": [
                        1,
                        5,
                        5,
                        1
                    ],
                    "texture": "#0"
                },
                "west": {
                    "uv": [
                        1,
                        5,
                        5,
                        1
                    ],
                    "texture": "#0"
                },
                "up": {
                    "uv": [
                        5,
                        1,
                        1,
                        5
                    ],
                    "texture": "#0",
                    "rotation": 90
                },
                "down": {
                    "uv": [
                        5,
                        1,
                        1,
                        5
                    ],
                    "texture": "#0",
                    "rotation": 270
                }
            }
        },
        {
            "rotation": {
                "origin": [
                    8.25,
                    7,
                    12.49219
                ],
                "angle": -22.5,
                "axis": "x"
            },
            "from": [
                7.00781,
                2.71187,
                9.17785
            ],
            "to": [
                9.00781,
                7.58687,
                13.42785
            ],
            "faces": {
                "east": {
                    "uv": [
                        5,
                        1,
                        1,
                        5
                    ],
                    "texture": "#0",
                    "rotation": 270
                },
                "south": {
                    "uv": [
                        5,
                        1,
                        1,
                        5
                    ],
                    "texture": "#0",
                    "rotation": 270
                },
                "north": {
                    "uv": [
                        5,
                        1,
                        1,
                        5
                    ],
                    "texture": "#0",
                    "rotation": 270
                },
                "west": {
                    "uv": [
                        5,
                        1,
                        1,
                        5
                    ],
                    "texture": "#0",
                    "rotation": 90
                },
                "up": {
                    "uv": [
                        1,
                        5,
                        5,
                        1
                    ],
                    "texture": "#0"
                },
                "down": {
                    "uv": [
                        1,
                        5,
                        5,
                        1
                    ],
                    "texture": "#0",
                    "rotation": 180
                }
            }
        },
        {
            "rotation": {
                "origin": [
                    12.75,
                    10,
                    7.99219
                ],
                "angle": 22.5,
                "axis": "x"
            },
            "from": [
                6.75,
                8,
                5.99219
            ],
            "to": [
                9.25,
                10.5,
                6.49219
            ],
            "faces": {
                "east": {
                    "uv": [
                        1.75,
                        12,
                        3,
                        14
                    ],
                    "texture": "#3"
                },
                "south": {
                    "uv": [
                        1.75,
                        12,
                        3,
                        14
                    ],
                    "texture": "#3"
                },
                "north": {
                    "uv": [
                        0.25,
                        0.25,
                        16,
                        13.5
                    ],
                    "texture": "#3"
                },
                "west": {
                    "uv": [
                        1.75,
                        12,
                        3,
                        14
                    ],
                    "texture": "#3"
                },
                "up": {
                    "uv": [
                        1.75,
                        12,
                        3,
                        14
                    ],
                    "texture": "#3"
                },
                "down": {
                    "uv": [
                        1.75,
                        12,
                        3,
                        14
                    ],
                    "texture": "#3"
                }
            }
        },
        {
            "rotation": {
                "origin": [
                    8.25,
                    7,
                    12.49219
                ],
                "angle": 0,
                "axis": "x"
            },
            "from": [
                6.75,
                2.75,
                13.25
            ],
            "to": [
                9.26563,
                7.75,
                17.75
            ],
            "faces": {
                "east": {
                    "uv": [
                        16,
                        13.5,
                        0.25,
                        0.25
                    ],
                    "texture": "#3",
                    "rotation": 270
                },
                "south": {
                    "uv": [
                        1.75,
                        14,
                        3,
                        12
                    ],
                    "texture": "#3"
                },
                "north": {
                    "uv": [
                        1.75,
                        14,
                        3,
                        12
                    ],
                    "texture": "#3"
                },
                "west": {
                    "uv": [
                        0.25,
                        13.5,
                        16,
                        0.25
                    ],
                    "texture": "#3",
                    "rotation": 90
                },
                "up": {
                    "uv": [
                        3,
                        12,
                        1.75,
                        14
                    ],
                    "texture": "#3",
                    "rotation": 90
                },
                "down": {
                    "uv": [
                        3,
                        12,
                        1.75,
                        14
                    ],
                    "texture": "#3",
                    "rotation": 270
                }
            }
        },
        {
            "rotation": {
                "origin": [
                    14,
                    8,
                    14.5
                ],
                "angle": 0,
                "axis": "y"
            },
            "from": [
                4.5,
                0,
                6.5
            ],
            "to": [
                11.5,
                10,
                11
            ],
            "faces": {
                "east": {
                    "uv": [
                        1,
                        1,
                        5,
                        5
                    ],
                    "texture": "#0"
                },
                "south": {
                    "uv": [
                        1,
                        1,
                        5,
                        5
                    ],
                    "texture": "#0"
                },
                "north": {
                    "uv": [
                        1,
                        1,
                        5,
                        5
                    ],
                    "texture": "#0"
                },
                "west": {
                    "uv": [
                        1,
                        1,
                        5,
                        5
                    ],
                    "texture": "#0"
                },
                "up": {
                    "uv": [
                        1,
                        1,
                        5,
                        5
                    ],
                    "texture": "#0"
                },
                "down": {
                    "uv": [
                        1,
                        1,
                        5,
                        5
                    ],
                    "texture": "#0"
                }
            }
        },
        {
            "rotation": {
                "origin": [
                    5.5,
                    9,
                    8.25
                ],
                "angle": -22.5,
                "axis": "z"
            },
            "from": [
                2.5,
                8,
                7.75
            ],
            "to": [
                6.5,
                10.5,
                9.75
            ],
            "faces": {
                "east": {
                    "uv": [
                        1,
                        1,
                        5,
                        5
                    ],
                    "texture": "#0"
                },
                "south": {
                    "uv": [
                        1,
                        1,
                        5,
                        5
                    ],
                    "texture": "#0"
                },
                "north": {
                    "uv": [
                        1,
                        1,
                        5,
                        5
                    ],
                    "texture": "#0"
                },
                "west": {
                    "uv": [
                        1,
                        1,
                        5,
                        5
                    ],
                    "texture": "#0"
                },
                "up": {
                    "uv": [
                        1,
                        1,
                        5,
                        5
                    ],
                    "texture": "#0"
                },
                "down": {
                    "uv": [
                        1,
                        1,
                        5,
                        5
                    ],
                    "texture": "#0"
                }
            }
        },
        {
            "rotation": {
                "origin": [
                    10.5,
                    9,
                    8.25
                ],
                "angle": 22.5,
                "axis": "z"
            },
            "from": [
                9.5,
                8,
                7.75
            ],
            "to": [
                13.5,
                10.5,
                9.75
            ],
            "faces": {
                "east": {
                    "uv": [
                        5,
                        1,
                        1,
                        5
                    ],
                    "texture": "#0"
                },
                "south": {
                    "uv": [
                        5,
                        1,
                        1,
                        5
                    ],
                    "texture": "#0"
                },
                "north": {
                    "uv": [
                        5,
                        1,
                        1,
                        5
                    ],
                    "texture": "#0"
                },
                "west": {
                    "uv": [
                        5,
                        1,
                        1,
                        5
                    ],
                    "texture": "#0"
                },
                "up": {
                    "uv": [
                        5,
                        1,
                        1,
                        5
                    ],
                    "texture": "#0"
                },
                "down": {
                    "uv": [
                        5,
                        1,
                        1,
                        5
                    ],
                    "texture": "#0"
                }
            }
        },
        {
            "rotation": {
                "origin": [
                    5.17411,
                    7.80996,
                    8.25
                ],
                "angle": -45,
                "axis": "z"
            },
            "from": [
                2.17411,
                6.80996,
                7.75
            ],
            "to": [
                6.17411,
                9.30996,
                9.75
            ],
            "faces": {
                "east": {
                    "uv": [
                        1,
                        1,
                        5,
                        5
                    ],
                    "texture": "#0"
                },
                "south": {
                    "uv": [
                        1,
                        1,
                        5,
                        5
                    ],
                    "texture": "#0"
                },
                "north": {
                    "uv": [
                        1,
                        1,
                        5,
                        5
                    ],
                    "texture": "#0"
                },
                "west": {
                    "uv": [
                        1,
                        1,
                        5,
                        5
                    ],
                    "texture": "#0"
                },
                "up": {
                    "uv": [
                        1,
                        1,
                        5,
                        5
                    ],
                    "texture": "#0"
                },
                "down": {
                    "uv": [
                        1,
                        1,
                        5,
                        5
                    ],
                    "texture": "#0"
                }
            }
        },
        {
            "rotation": {
                "origin": [
                    10.82589,
                    7.80996,
                    8.25
                ],
                "angle": 45,
                "axis": "z"
            },
            "from": [
                9.82589,
                6.80996,
                7.75
            ],
            "to": [
                13.82589,
                9.30996,
                9.75
            ],
            "faces": {
                "east": {
                    "uv": [
                        5,
                        1,
                        1,
                        5
                    ],
                    "texture": "#0"
                },
                "south": {
                    "uv": [
                        5,
                        1,
                        1,
                        5
                    ],
                    "texture": "#0"
                },
                "north": {
                    "uv": [
                        5,
                        1,
                        1,
                        5
                    ],
                    "texture": "#0"
                },
                "west": {
                    "uv": [
                        5,
                        1,
                        1,
                        5
                    ],
                    "texture": "#0"
                },
                "up": {
                    "uv": [
                        5,
                        1,
                        1,
                        5
                    ],
                    "texture": "#0"
                },
                "down": {
                    "uv": [
                        5,
                        1,
                        1,
                        5
                    ],
                    "texture": "#0"
                }
            }
        },
        {
            "rotation": {
                "origin": [
                    5.5,
                    9,
                    8.25
                ],
                "angle": -22.5,
                "axis": "z"
            },
            "from": [
                0.5,
                8,
                7.75
            ],
            "to": [
                2.5,
                10.5,
                9.75
            ],
            "faces": {
                "east": {
                    "uv": [
                        7,
                        1,
                        11,
                        5
                    ],
                    "texture": "#0"
                },
                "south": {
                    "uv": [
                        7,
                        1,
                        11,
                        5
                    ],
                    "texture": "#0"
                },
                "north": {
                    "uv": [
                        7,
                        1,
                        11,
                        5
                    ],
                    "texture": "#0"
                },
                "west": {
                    "uv": [
                        7,
                        1,
                        11,
                        5
                    ],
                    "texture": "#0"
                },
                "up": {
                    "uv": [
                        7,
                        1,
                        11,
                        5
                    ],
                    "texture": "#0"
                },
                "down": {
                    "uv": [
                        7,
                        1,
                        11,
                        5
                    ],
                    "texture": "#0"
                }
            }
        },
        {
            "rotation": {
                "origin": [
                    10.5,
                    9,
                    8.25
                ],
                "angle": 22.5,
                "axis": "z"
            },
            "from": [
                13.5,
                8,
                7.75
            ],
            "to": [
                15.5,
                10.5,
                9.75
            ],
            "faces": {
                "east": {
                    "uv": [
                        11,
                        1,
                        7,
                        5
                    ],
                    "texture": "#0"
                },
                "south": {
                    "uv": [
                        11,
                        1,
                        7,
                        5
                    ],
                    "texture": "#0"
                },
                "north": {
                    "uv": [
                        11,
                        1,
                        7,
                        5
                    ],
                    "texture": "#0"
                },
                "west": {
                    "uv": [
                        11,
                        1,
                        7,
                        5
                    ],
                    "texture": "#0"
                },
                "up": {
                    "uv": [
                        11,
                        1,
                        7,
                        5
                    ],
                    "texture": "#0"
                },
                "down": {
                    "uv": [
                        11,
                        1,
                        7,
                        5
                    ],
                    "texture": "#0"
                }
            }
        },
        {
            "rotation": {
                "origin": [
                    16.50227,
                    11.92839,
                    8.25
                ],
                "angle": -22.5,
                "axis": "z"
            },
            "from": [
                14.55824,
                9.75069,
                7.75
            ],
            "to": [
                16.31605,
                11.52412,
                9.75
            ],
            "faces": {
                "east": {
                    "uv": [
                        11,
                        1,
                        7,
                        5
                    ],
                    "texture": "#0"
                },
                "south": {
                    "uv": [
                        11,
                        1,
                        7,
                        5
                    ],
                    "texture": "#0"
                },
                "north": {
                    "uv": [
                        11,
                        1,
                        7,
                        5
                    ],
                    "texture": "#0"
                },
                "west": {
                    "uv": [
                        11,
                        1,
                        7,
                        5
                    ],
                    "texture": "#0"
                },
                "up": {
                    "uv": [
                        11,
                        1,
                        7,
                        5
                    ],
                    "texture": "#0"
                },
                "down": {
                    "uv": [
                        11,
                        1,
                        7,
                        5
                    ],
                    "texture": "#0"
                }
            }
        },
        {
            "rotation": {
                "origin": [
                    -0.50227,
                    11.92839,
                    8.25
                ],
                "angle": 22.5,
                "axis": "z"
            },
            "from": [
                -0.31605,
                9.75069,
                7.75
            ],
            "to": [
                1.44176,
                11.52412,
                9.75
            ],
            "faces": {
                "east": {
                    "uv": [
                        7,
                        1,
                        11,
                        5
                    ],
                    "texture": "#0"
                },
                "south": {
                    "uv": [
                        7,
                        1,
                        11,
                        5
                    ],
                    "texture": "#0"
                },
                "north": {
                    "uv": [
                        7,
                        1,
                        11,
                        5
                    ],
                    "texture": "#0"
                },
                "west": {
                    "uv": [
                        7,
                        1,
                        11,
                        5
                    ],
                    "texture": "#0"
                },
                "up": {
                    "uv": [
                        7,
                        1,
                        11,
                        5
                    ],
                    "texture": "#0"
                },
                "down": {
                    "uv": [
                        7,
                        1,
                        11,
                        5
                    ],
                    "texture": "#0"
                }
            }
        },
        {
            "rotation": {
                "origin": [
                    14.5,
                    6.5,
                    14.5
                ],
                "angle": 0,
                "axis": "y"
            },
            "from": [
                4,
                2,
                6.5
            ],
            "to": [
                12,
                8.5,
                11
            ],
            "faces": {
                "east": {
                    "uv": [
                        1,
                        1,
                        5,
                        5
                    ],
                    "texture": "#0"
                },
                "south": {
                    "uv": [
                        1,
                        1,
                        5,
                        5
                    ],
                    "texture": "#0"
                },
                "north": {
                    "uv": [
                        1,
                        1,
                        5,
                        5
                    ],
                    "texture": "#0"
                },
                "west": {
                    "uv": [
                        1,
                        1,
                        5,
                        5
                    ],
                    "texture": "#0"
                },
                "up": {
                    "uv": [
                        1,
                        1,
                        5,
                        5
                    ],
                    "texture": "#0"
                },
                "down": {
                    "uv": [
                        1,
                        1,
                        5,
                        5
                    ],
                    "texture": "#0"
                }
            }
        },
        {
            "rotation": {
                "origin": [
                    11.5,
                    0.5,
                    7
                ],
                "angle": -22.5,
                "axis": "z"
            },
            "from": [
                10.125,
                -2.5,
                7.5
            ],
            "to": [
                11.5,
                0.5,
                10
            ],
            "faces": {
                "east": {
                    "uv": [
                        1,
                        1,
                        5,
                        5
                    ],
                    "texture": "#0"
                },
                "south": {
                    "uv": [
                        1,
                        1,
                        5,
                        5
                    ],
                    "texture": "#0"
                },
                "north": {
                    "uv": [
                        1,
                        1,
                        5,
                        5
                    ],
                    "texture": "#0"
                },
                "west": {
                    "uv": [
                        1,
                        1,
                        5,
                        5
                    ],
                    "texture": "#0"
                },
                "up": {
                    "uv": [
                        1,
                        1,
                        5,
                        5
                    ],
                    "texture": "#0"
                },
                "down": {
                    "uv": [
                        1,
                        1,
                        5,
                        5
                    ],
                    "texture": "#0"
                }
            }
        },
        {
            "rotation": {
                "origin": [
                    4.5,
                    0.5,
                    7
                ],
                "angle": 22.5,
                "axis": "z"
            },
            "from": [
                4.5,
                -2.5,
                7.5
            ],
            "to": [
                5.875,
                0.5,
                10
            ],
            "faces": {
                "east": {
                    "uv": [
                        5,
                        1,
                        1,
                        5
                    ],
                    "texture": "#0"
                },
                "south": {
                    "uv": [
                        5,
                        1,
                        1,
                        5
                    ],
                    "texture": "#0"
                },
                "north": {
                    "uv": [
                        5,
                        1,
                        1,
                        5
                    ],
                    "texture": "#0"
                },
                "west": {
                    "uv": [
                        5,
                        1,
                        1,
                        5
                    ],
                    "texture": "#0"
                },
                "up": {
                    "uv": [
                        5,
                        1,
                        1,
                        5
                    ],
                    "texture": "#0"
                },
                "down": {
                    "uv": [
                        5,
                        1,
                        1,
                        5
                    ],
                    "texture": "#0"
                }
            }
        },
        {
            "rotation": {
                "origin": [
                    11.5,
                    0.5,
                    7
                ],
                "angle": 0,
                "axis": "z"
            },
            "from": [
                9,
                -2.5,
                7.5
            ],
            "to": [
                10.5,
                1,
                10
            ],
            "faces": {
                "east": {
                    "uv": [
                        1,
                        1,
                        5,
                        5
                    ],
                    "texture": "#0"
                },
                "south": {
                    "uv": [
                        1,
                        1,
                        5,
                        5
                    ],
                    "texture": "#0"
                },
                "north": {
                    "uv": [
                        1,
                        1,
                        5,
                        5
                    ],
                    "texture": "#0"
                },
                "west": {
                    "uv": [
                        1,
                        1,
                        5,
                        5
                    ],
                    "texture": "#0"
                },
                "up": {
                    "uv": [
                        1,
                        1,
                        5,
                        5
                    ],
                    "texture": "#0"
                },
                "down": {
                    "uv": [
                        1,
                        1,
                        5,
                        5
                    ],
                    "texture": "#0"
                }
            }
        },
        {
            "rotation": {
                "origin": [
                    4.5,
                    0.5,
                    7
                ],
                "angle": 0,
                "axis": "z"
            },
            "from": [
                5.5,
                -2.5,
                7.5
            ],
            "to": [
                7,
                1,
                10
            ],
            "faces": {
                "east": {
                    "uv": [
                        5,
                        1,
                        1,
                        5
                    ],
                    "texture": "#0"
                },
                "south": {
                    "uv": [
                        5,
                        1,
                        1,
                        5
                    ],
                    "texture": "#0"
                },
                "north": {
                    "uv": [
                        5,
                        1,
                        1,
                        5
                    ],
                    "texture": "#0"
                },
                "west": {
                    "uv": [
                        5,
                        1,
                        1,
                        5
                    ],
                    "texture": "#0"
                },
                "up": {
                    "uv": [
                        5,
                        1,
                        1,
                        5
                    ],
                    "texture": "#0"
                },
                "down": {
                    "uv": [
                        5,
                        1,
                        1,
                        5
                    ],
                    "texture": "#0"
                }
            }
        },
        {
            "rotation": {
                "origin": [
                    11.5,
                    0.5,
                    7
                ],
                "angle": 0,
                "axis": "z"
            },
            "from": [
                9.875,
                -2.5,
                6.75
            ],
            "to": [
                10.375,
                -2.125,
                9.5
            ],
            "faces": {
                "east": {
                    "uv": [
                        1,
                        7,
                        5,
                        11
                    ],
                    "texture": "#0"
                },
                "south": {
                    "uv": [
                        1,
                        7,
                        5,
                        11
                    ],
                    "texture": "#0"
                },
                "north": {
                    "uv": [
                        1,
                        7,
                        5,
                        11
                    ],
                    "texture": "#0"
                },
                "west": {
                    "uv": [
                        1,
                        7,
                        5,
                        11
                    ],
                    "texture": "#0"
                },
                "up": {
                    "uv": [
                        1,
                        7,
                        5,
                        11
                    ],
                    "texture": "#0"
                },
                "down": {
                    "uv": [
                        1,
                        7,
                        5,
                        11
                    ],
                    "texture": "#0"
                }
            }
        },
        {
            "rotation": {
                "origin": [
                    4.5,
                    0.5,
                    7
                ],
                "angle": 0,
                "axis": "z"
            },
            "from": [
                5.625,
                -2.5,
                6.75
            ],
            "to": [
                6.125,
                -2.125,
                9.5
            ],
            "faces": {
                "east": {
                    "uv": [
                        5,
                        7,
                        1,
                        11
                    ],
                    "texture": "#0"
                },
                "south": {
                    "uv": [
                        5,
                        7,
                        1,
                        11
                    ],
                    "texture": "#0"
                },
                "north": {
                    "uv": [
                        5,
                        7,
                        1,
                        11
                    ],
                    "texture": "#0"
                },
                "west": {
                    "uv": [
                        5,
                        7,
                        1,
                        11
                    ],
                    "texture": "#0"
                },
                "up": {
                    "uv": [
                        5,
                        7,
                        1,
                        11
                    ],
                    "texture": "#0"
                },
                "down": {
                    "uv": [
                        5,
                        7,
                        1,
                        11
                    ],
                    "texture": "#0"
                }
            }
        },
        {
            "rotation": {
                "origin": [
                    9.5,
                    -2.125,
                    6.75
                ],
                "angle": -22.5,
                "axis": "x"
            },
            "from": [
                9.875,
                -2.5,
                6.75
            ],
            "to": [
                10.375,
                -2.125,
                9.5
            ],
            "faces": {
                "east": {
                    "uv": [
                        1,
                        7,
                        5,
                        11
                    ],
                    "texture": "#0"
                },
                "south": {
                    "uv": [
                        1,
                        7,
                        5,
                        11
                    ],
                    "texture": "#0"
                },
                "north": {
                    "uv": [
                        1,
                        7,
                        5,
                        11
                    ],
                    "texture": "#0"
                },
                "west": {
                    "uv": [
                        1,
                        7,
                        5,
                        11
                    ],
                    "texture": "#0"
                },
                "up": {
                    "uv": [
                        1,
                        7,
                        5,
                        11
                    ],
                    "texture": "#0"
                },
                "down": {
                    "uv": [
                        1,
                        7,
                        5,
                        11
                    ],
                    "texture": "#0"
                }
            }
        },
        {
            "rotation": {
                "origin": [
                    6.5,
                    -2.125,
                    6.75
                ],
                "angle": -22.5,
                "axis": "x"
            },
            "from": [
                5.625,
                -2.5,
                6.75
            ],
            "to": [
                6.125,
                -2.125,
                9.5
            ],
            "faces": {
                "east": {
                    "uv": [
                        5,
                        7,
                        1,
                        11
                    ],
                    "texture": "#0"
                },
                "south": {
                    "uv": [
                        5,
                        7,
                        1,
                        11
                    ],
                    "texture": "#0"
                },
                "north": {
                    "uv": [
                        5,
                        7,
                        1,
                        11
                    ],
                    "texture": "#0"
                },
                "west": {
                    "uv": [
                        5,
                        7,
                        1,
                        11
                    ],
                    "texture": "#0"
                },
                "up": {
                    "uv": [
                        5,
                        7,
                        1,
                        11
                    ],
                    "texture": "#0"
                },
                "down": {
                    "uv": [
                        5,
                        7,
                        1,
                        11
                    ],
                    "texture": "#0"
                }
            }
        },
        {
            "rotation": {
                "origin": [
                    11.75,
                    0.5,
                    7
                ],
                "angle": 0,
                "axis": "z"
            },
            "from": [
                9.125,
                -2.5,
                6.75
            ],
            "to": [
                9.625,
                -2.125,
                9.5
            ],
            "faces": {
                "east": {
                    "uv": [
                        1,
                        7,
                        5,
                        11
                    ],
                    "texture": "#0"
                },
                "south": {
                    "uv": [
                        1,
                        7,
                        5,
                        11
                    ],
                    "texture": "#0"
                },
                "north": {
                    "uv": [
                        1,
                        7,
                        5,
                        11
                    ],
                    "texture": "#0"
                },
                "west": {
                    "uv": [
                        1,
                        7,
                        5,
                        11
                    ],
                    "texture": "#0"
                },
                "up": {
                    "uv": [
                        1,
                        7,
                        5,
                        11
                    ],
                    "texture": "#0"
                },
                "down": {
                    "uv": [
                        1,
                        7,
                        5,
                        11
                    ],
                    "texture": "#0"
                }
            }
        },
        {
            "rotation": {
                "origin": [
                    4.25,
                    0.5,
                    7
                ],
                "angle": 0,
                "axis": "z"
            },
            "from": [
                6.375,
                -2.5,
                6.75
            ],
            "to": [
                6.875,
                -2.125,
                9.5
            ],
            "faces": {
                "east": {
                    "uv": [
                        5,
                        7,
                        1,
                        11
                    ],
                    "texture": "#0"
                },
                "south": {
                    "uv": [
                        5,
                        7,
                        1,
                        11
                    ],
                    "texture": "#0"
                },
                "north": {
                    "uv": [
                        5,
                        7,
                        1,
                        11
                    ],
                    "texture": "#0"
                },
                "west": {
                    "uv": [
                        5,
                        7,
                        1,
                        11
                    ],
                    "texture": "#0"
                },
                "up": {
                    "uv": [
                        5,
                        7,
                        1,
                        11
                    ],
                    "texture": "#0"
                },
                "down": {
                    "uv": [
                        5,
                        7,
                        1,
                        11
                    ],
                    "texture": "#0"
                }
            }
        },
        {
            "rotation": {
                "origin": [
                    9.75,
                    -2.125,
                    6.75
                ],
                "angle": -22.5,
                "axis": "x"
            },
            "from": [
                9.125,
                -2.5,
                6.75
            ],
            "to": [
                9.625,
                -2.125,
                9.5
            ],
            "faces": {
                "east": {
                    "uv": [
                        1,
                        7,
                        5,
                        11
                    ],
                    "texture": "#0"
                },
                "south": {
                    "uv": [
                        1,
                        7,
                        5,
                        11
                    ],
                    "texture": "#0"
                },
                "north": {
                    "uv": [
                        1,
                        7,
                        5,
                        11
                    ],
                    "texture": "#0"
                },
                "west": {
                    "uv": [
                        1,
                        7,
                        5,
                        11
                    ],
                    "texture": "#0"
                },
                "up": {
                    "uv": [
                        1,
                        7,
                        5,
                        11
                    ],
                    "texture": "#0"
                },
                "down": {
                    "uv": [
                        1,
                        7,
                        5,
                        11
                    ],
                    "texture": "#0"
                }
            }
        },
        {
            "rotation": {
                "origin": [
                    6.25,
                    -2.125,
                    6.75
                ],
                "angle": -22.5,
                "axis": "x"
            },
            "from": [
                6.375,
                -2.5,
                6.75
            ],
            "to": [
                6.875,
                -2.125,
                9.5
            ],
            "faces": {
                "east": {
                    "uv": [
                        5,
                        7,
                        1,
                        11
                    ],
                    "texture": "#0"
                },
                "south": {
                    "uv": [
                        5,
                        7,
                        1,
                        11
                    ],
                    "texture": "#0"
                },
                "north": {
                    "uv": [
                        5,
                        7,
                        1,
                        11
                    ],
                    "texture": "#0"
                },
                "west": {
                    "uv": [
                        5,
                        7,
                        1,
                        11
                    ],
                    "texture": "#0"
                },
                "up": {
                    "uv": [
                        5,
                        7,
                        1,
                        11
                    ],
                    "texture": "#0"
                },
                "down": {
                    "uv": [
                        5,
                        7,
                        1,
                        11
                    ],
                    "texture": "#0"
                }
            }
        },
        {
            "rotation": {
                "origin": [
                    5,
                    5,
                    6.5
                ],
                "angle": -45,
                "axis": "y"
            },
            "from": [
                2,
                4,
                7
            ],
            "to": [
                6.5,
                5.5,
                8.625
            ],
            "faces": {
                "east": {
                    "uv": [
                        1,
                        1,
                        5,
                        5
                    ],
                    "texture": "#0"
                },
                "south": {
                    "uv": [
                        1,
                        1,
                        5,
                        5
                    ],
                    "texture": "#0"
                },
                "north": {
                    "uv": [
                        1,
                        1,
                        5,
                        5
                    ],
                    "texture": "#0"
                },
                "west": {
                    "uv": [
                        1,
                        1,
                        5,
                        5
                    ],
                    "texture": "#0"
                },
                "up": {
                    "uv": [
                        1,
                        1,
                        5,
                        5
                    ],
                    "texture": "#0"
                },
                "down": {
                    "uv": [
                        1,
                        1,
                        5,
                        5
                    ],
                    "texture": "#0"
                }
            }
        },
        {
            "rotation": {
                "origin": [
                    11,
                    5,
                    6.5
                ],
                "angle": 45,
                "axis": "y"
            },
            "from": [
                9.5,
                4,
                7
            ],
            "to": [
                14,
                5.5,
                8.625
            ],
            "faces": {
                "east": {
                    "uv": [
                        5,
                        1,
                        1,
                        5
                    ],
                    "texture": "#0"
                },
                "south": {
                    "uv": [
                        5,
                        1,
                        1,
                        5
                    ],
                    "texture": "#0"
                },
                "north": {
                    "uv": [
                        5,
                        1,
                        1,
                        5
                    ],
                    "texture": "#0"
                },
                "west": {
                    "uv": [
                        5,
                        1,
                        1,
                        5
                    ],
                    "texture": "#0"
                },
                "up": {
                    "uv": [
                        5,
                        1,
                        1,
                        5
                    ],
                    "texture": "#0"
                },
                "down": {
                    "uv": [
                        5,
                        1,
                        1,
                        5
                    ],
                    "texture": "#0"
                }
            }
        },
        {
            "rotation": {
                "origin": [
                    5,
                    5,
                    6.5
                ],
                "angle": 22.5,
                "axis": "y"
            },
            "from": [
                2.625,
                4.875,
                3.25
            ],
            "to": [
                3,
                5.5,
                4.375
            ],
            "faces": {
                "east": {
                    "uv": [
                        1,
                        1,
                        5,
                        5
                    ],
                    "texture": "#0"
                },
                "south": {
                    "uv": [
                        1,
                        1,
                        5,
                        5
                    ],
                    "texture": "#0"
                },
                "north": {
                    "uv": [
                        1,
                        1,
                        5,
                        5
                    ],
                    "texture": "#0"
                },
                "west": {
                    "uv": [
                        1,
                        1,
                        5,
                        5
                    ],
                    "texture": "#0"
                },
                "up": {
                    "uv": [
                        1,
                        1,
                        5,
                        5
                    ],
                    "texture": "#0",
                    "rotation": 90
                },
                "down": {
                    "uv": [
                        1,
                        1,
                        5,
                        5
                    ],
                    "texture": "#0",
                    "rotation": 270
                }
            }
        },
        {
            "rotation": {
                "origin": [
                    11,
                    5,
                    6.5
                ],
                "angle": -22.5,
                "axis": "y"
            },
            "from": [
                13,
                4.875,
                3.25
            ],
            "to": [
                13.375,
                5.5,
                4.375
            ],
            "faces": {
                "east": {
                    "uv": [
                        5,
                        1,
                        1,
                        5
                    ],
                    "texture": "#0"
                },
                "south": {
                    "uv": [
                        5,
                        1,
                        1,
                        5
                    ],
                    "texture": "#0"
                },
                "north": {
                    "uv": [
                        5,
                        1,
                        1,
                        5
                    ],
                    "texture": "#0"
                },
                "west": {
                    "uv": [
                        5,
                        1,
                        1,
                        5
                    ],
                    "texture": "#0"
                },
                "up": {
                    "uv": [
                        1,
                        5,
                        5,
                        1
                    ],
                    "texture": "#0",
                    "rotation": 90
                },
                "down": {
                    "uv": [
                        1,
                        5,
                        5,
                        1
                    ],
                    "texture": "#0",
                    "rotation": 270
                }
            }
        },
        {
            "rotation": {
                "origin": [
                    5,
                    5,
                    6.5
                ],
                "angle": -45,
                "axis": "y"
            },
            "from": [
                2.25,
                4.875,
                7.5
            ],
            "to": [
                3,
                6.125,
                7.875
            ],
            "faces": {
                "east": {
                    "uv": [
                        1,
                        1,
                        5,
                        5
                    ],
                    "texture": "#0"
                },
                "south": {
                    "uv": [
                        1,
                        1,
                        5,
                        5
                    ],
                    "texture": "#0"
                },
                "north": {
                    "uv": [
                        1,
                        1,
                        5,
                        5
                    ],
                    "texture": "#0"
                },
                "west": {
                    "uv": [
                        1,
                        1,
                        5,
                        5
                    ],
                    "texture": "#0"
                },
                "up": {
                    "uv": [
                        1,
                        1,
                        5,
                        5
                    ],
                    "texture": "#0"
                },
                "down": {
                    "uv": [
                        1,
                        1,
                        5,
                        5
                    ],
                    "texture": "#0"
                }
            }
        },
        {
            "rotation": {
                "origin": [
                    11,
                    5,
                    6.5
                ],
                "angle": 45,
                "axis": "y"
            },
            "from": [
                13,
                4.875,
                7.5
            ],
            "to": [
                13.75,
                6.125,
                7.875
            ],
            "faces": {
                "east": {
                    "uv": [
                        5,
                        1,
                        1,
                        5
                    ],
                    "texture": "#0"
                },
                "south": {
                    "uv": [
                        5,
                        1,
                        1,
                        5
                    ],
                    "texture": "#0"
                },
                "north": {
                    "uv": [
                        5,
                        1,
                        1,
                        5
                    ],
                    "texture": "#0"
                },
                "west": {
                    "uv": [
                        5,
                        1,
                        1,
                        5
                    ],
                    "texture": "#0"
                },
                "up": {
                    "uv": [
                        5,
                        1,
                        1,
                        5
                    ],
                    "texture": "#0"
                },
                "down": {
                    "uv": [
                        5,
                        1,
                        1,
                        5
                    ],
                    "texture": "#0"
                }
            }
        },
        {
            "rotation": {
                "origin": [
                    5,
                    3.75,
                    6.5
                ],
                "angle": -22.5,
                "axis": "y"
            },
            "from": [
                1.875,
                4,
                5.375
            ],
            "to": [
                2.25,
                4.375,
                6.375
            ],
            "faces": {
                "east": {
                    "uv": [
                        1,
                        1,
                        5,
                        5
                    ],
                    "texture": "#0"
                },
                "south": {
                    "uv": [
                        1,
                        1,
                        5,
                        5
                    ],
                    "texture": "#0"
                },
                "north": {
                    "uv": [
                        1,
                        1,
                        5,
                        5
                    ],
                    "texture": "#0"
                },
                "west": {
                    "uv": [
                        1,
                        1,
                        5,
                        5
                    ],
                    "texture": "#0"
                },
                "up": {
                    "uv": [
                        1,
                        1,
                        5,
                        5
                    ],
                    "texture": "#0",
                    "rotation": 90
                },
                "down": {
                    "uv": [
                        1,
                        1,
                        5,
                        5
                    ],
                    "texture": "#0",
                    "rotation": 270
                }
            }
        },
        {
            "rotation": {
                "origin": [
                    11,
                    3.75,
                    6.5
                ],
                "angle": 22.5,
                "axis": "y"
            },
            "from": [
                13.75,
                4,
                5.375
            ],
            "to": [
                14.125,
                4.375,
                6.375
            ],
            "faces": {
                "east": {
                    "uv": [
                        5,
                        1,
                        1,
                        5
                    ],
                    "texture": "#0"
                },
                "south": {
                    "uv": [
                        5,
                        1,
                        1,
                        5
                    ],
                    "texture": "#0"
                },
                "north": {
                    "uv": [
                        5,
                        1,
                        1,
                        5
                    ],
                    "texture": "#0"
                },
                "west": {
                    "uv": [
                        5,
                        1,
                        1,
                        5
                    ],
                    "texture": "#0"
                },
                "up": {
                    "uv": [
                        1,
                        5,
                        5,
                        1
                    ],
                    "texture": "#0",
                    "rotation": 90
                },
                "down": {
                    "uv": [
                        1,
                        5,
                        5,
                        1
                    ],
                    "texture": "#0",
                    "rotation": 270
                }
            }
        }
    ],
    "display": {
        "head": {
            "translation": [
                0,
                -17.2,
                -2
            ],
            "scale": [
                2.5,
                2.5,
                2.5
            ]
        },
        "gui": {
            "rotation": [
                30,
                135,
                0
            ],
            "translation": [
                -0.5,
                1.75,
                0
            ],
            "scale": [
                0.75,
                0.75,
                0.75
            ]
        }
    },
    "credit": "Made by MadstonMagic, using Cubik Pro & Blockbench"
}