{
    "textures": {
        "0": "pokemon/39_jigglypuff/jigglypuff",
        "1": "pokemon/39_jigglypuff/eye",
        "2": "pokemon/39_jigglypuff/ear",
        "particle": "pokemon/39_jigglypuff/jigglypuff"
    },
    "elements": [
        {
            "rotation": {
                "origin": [
                    8,
                    -3,
                    8
                ],
                "angle": 0,
                "axis": "y"
            },
            "from": [
                4.5,
                -7.5,
                5.5
            ],
            "to": [
                11.5,
                1.5,
                12.5
            ],
            "faces": {
                "east": {
                    "uv": [
                        1.5,
                        1,
                        5.5,
                        5.5
                    ],
                    "texture": "#0"
                },
                "south": {
                    "uv": [
                        1.5,
                        1,
                        5.5,
                        5.5
                    ],
                    "texture": "#0"
                },
                "north": {
                    "uv": [
                        1.5,
                        1,
                        5.5,
                        5.5
                    ],
                    "texture": "#0"
                },
                "west": {
                    "uv": [
                        1.5,
                        1,
                        5.5,
                        5.5
                    ],
                    "texture": "#0"
                },
                "up": {
                    "uv": [
                        1.5,
                        1,
                        5.5,
                        5.5
                    ],
                    "texture": "#0"
                },
                "down": {
                    "uv": [
                        1.5,
                        1,
                        5.5,
                        5.5
                    ],
                    "texture": "#0"
                }
            }
        },
        {
            "rotation": {
                "origin": [
                    5.5,
                    -8.5,
                    7.5
                ],
                "angle": 45,
                "axis": "y"
            },
            "from": [
                3.5,
                -9,
                5
            ],
            "to": [
                5.5,
                -7.5,
                10
            ],
            "faces": {
                "east": {
                    "uv": [
                        1.5,
                        1,
                        5.5,
                        5.5
                    ],
                    "texture": "#0"
                },
                "south": {
                    "uv": [
                        1.5,
                        1,
                        5.5,
                        5.5
                    ],
                    "texture": "#0"
                },
                "north": {
                    "uv": [
                        1.5,
                        1,
                        5.5,
                        5.5
                    ],
                    "texture": "#0"
                },
                "west": {
                    "uv": [
                        1.5,
                        1,
                        5.5,
                        5.5
                    ],
                    "texture": "#0"
                },
                "up": {
                    "uv": [
                        1.5,
                        1,
                        5.5,
                        5.5
                    ],
                    "texture": "#0"
                },
                "down": {
                    "uv": [
                        1.5,
                        1,
                        5.5,
                        5.5
                    ],
                    "texture": "#0"
                }
            }
        },
        {
            "rotation": {
                "origin": [
                    5,
                    -4,
                    6
                ],
                "angle": -22.5,
                "axis": "y"
            },
            "from": [
                2,
                -4.5,
                6
            ],
            "to": [
                7,
                -3,
                7.625
            ],
            "faces": {
                "east": {
                    "uv": [
                        1.5,
                        1,
                        5.5,
                        5.5
                    ],
                    "texture": "#0"
                },
                "south": {
                    "uv": [
                        1.5,
                        1,
                        5.5,
                        5.5
                    ],
                    "texture": "#0"
                },
                "north": {
                    "uv": [
                        1.5,
                        1,
                        5.5,
                        5.5
                    ],
                    "texture": "#0"
                },
                "west": {
                    "uv": [
                        1.5,
                        1,
                        5.5,
                        5.5
                    ],
                    "texture": "#0"
                },
                "up": {
                    "uv": [
                        1.5,
                        1,
                        5.5,
                        5.5
                    ],
                    "texture": "#0",
                    "rotation": 270
                },
                "down": {
                    "uv": [
                        1.5,
                        1,
                        5.5,
                        5.5
                    ],
                    "texture": "#0",
                    "rotation": 90
                }
            }
        },
        {
            "rotation": {
                "origin": [
                    11,
                    -4,
                    6
                ],
                "angle": 22.5,
                "axis": "y"
            },
            "from": [
                9,
                -4.5,
                6
            ],
            "to": [
                14,
                -3,
                7.625
            ],
            "faces": {
                "east": {
                    "uv": [
                        5.5,
                        1,
                        1.5,
                        5.5
                    ],
                    "texture": "#0"
                },
                "south": {
                    "uv": [
                        5.5,
                        1,
                        1.5,
                        5.5
                    ],
                    "texture": "#0"
                },
                "north": {
                    "uv": [
                        5.5,
                        1,
                        1.5,
                        5.5
                    ],
                    "texture": "#0"
                },
                "west": {
                    "uv": [
                        5.5,
                        1,
                        1.5,
                        5.5
                    ],
                    "texture": "#0"
                },
                "up": {
                    "uv": [
                        1.5,
                        5.5,
                        5.5,
                        1
                    ],
                    "texture": "#0",
                    "rotation": 270
                },
                "down": {
                    "uv": [
                        1.5,
                        5.5,
                        5.5,
                        1
                    ],
                    "texture": "#0",
                    "rotation": 90
                }
            }
        },
        {
            "rotation": {
                "origin": [
                    10.5,
                    -8.5,
                    7.5
                ],
                "angle": -45,
                "axis": "y"
            },
            "from": [
                10.5,
                -9,
                5
            ],
            "to": [
                12.5,
                -7.5,
                10
            ],
            "faces": {
                "east": {
                    "uv": [
                        5.5,
                        1,
                        1.5,
                        5.5
                    ],
                    "texture": "#0"
                },
                "south": {
                    "uv": [
                        5.5,
                        1,
                        1.5,
                        5.5
                    ],
                    "texture": "#0"
                },
                "north": {
                    "uv": [
                        5.5,
                        1,
                        1.5,
                        5.5
                    ],
                    "texture": "#0"
                },
                "west": {
                    "uv": [
                        5.5,
                        1,
                        1.5,
                        5.5
                    ],
                    "texture": "#0"
                },
                "up": {
                    "uv": [
                        5.5,
                        1,
                        1.5,
                        5.5
                    ],
                    "texture": "#0"
                },
                "down": {
                    "uv": [
                        5.5,
                        1,
                        1.5,
                        5.5
                    ],
                    "texture": "#0"
                }
            }
        },
        {
            "rotation": {
                "origin": [
                    3.5,
                    0.5,
                    8
                ],
                "angle": 45,
                "axis": "z"
            },
            "from": [
                3.5,
                -1,
                8.5
            ],
            "to": [
                6,
                2,
                10.5
            ],
            "faces": {
                "east": {
                    "uv": [
                        1.5,
                        1,
                        5.5,
                        5.5
                    ],
                    "texture": "#0"
                },
                "south": {
                    "uv": [
                        1.5,
                        1,
                        5.5,
                        5.5
                    ],
                    "texture": "#0"
                },
                "north": {
                    "uv": [
                        1.5,
                        1,
                        5.5,
                        5.5
                    ],
                    "texture": "#0"
                },
                "west": {
                    "uv": [
                        1.5,
                        1,
                        5.5,
                        5.5
                    ],
                    "texture": "#0"
                },
                "up": {
                    "uv": [
                        1.5,
                        1,
                        5.5,
                        5.5
                    ],
                    "texture": "#0"
                },
                "down": {
                    "uv": [
                        1.5,
                        1,
                        5.5,
                        5.5
                    ],
                    "texture": "#0"
                }
            }
        },
        {
            "rotation": {
                "origin": [
                    12.5,
                    0.5,
                    8
                ],
                "angle": -45,
                "axis": "z"
            },
            "from": [
                10,
                -1,
                8.5
            ],
            "to": [
                12.5,
                2,
                10.5
            ],
            "faces": {
                "east": {
                    "uv": [
                        5.5,
                        1,
                        1.5,
                        5.5
                    ],
                    "texture": "#0"
                },
                "south": {
                    "uv": [
                        5.5,
                        1,
                        1.5,
                        5.5
                    ],
                    "texture": "#0"
                },
                "north": {
                    "uv": [
                        5.5,
                        1,
                        1.5,
                        5.5
                    ],
                    "texture": "#0"
                },
                "west": {
                    "uv": [
                        5.5,
                        1,
                        1.5,
                        5.5
                    ],
                    "texture": "#0"
                },
                "up": {
                    "uv": [
                        5.5,
                        1,
                        1.5,
                        5.5
                    ],
                    "texture": "#0"
                },
                "down": {
                    "uv": [
                        5.5,
                        1,
                        1.5,
                        5.5
                    ],
                    "texture": "#0"
                }
            }
        },
        {
            "rotation": {
                "origin": [
                    2.70711,
                    0.82843,
                    8
                ],
                "angle": 0,
                "axis": "z"
            },
            "from": [
                1.38679,
                2.61749,
                8.5
            ],
            "to": [
                4.20711,
                3.32843,
                10.5
            ],
            "faces": {
                "east": {
                    "uv": [
                        1.5,
                        1,
                        5.5,
                        5.5
                    ],
                    "texture": "#0",
                    "rotation": 270
                },
                "south": {
                    "uv": [
                        1.5,
                        1,
                        5.5,
                        5.5
                    ],
                    "texture": "#0",
                    "rotation": 270
                },
                "north": {
                    "uv": [
                        1.5,
                        1,
                        5.5,
                        5.5
                    ],
                    "texture": "#0",
                    "rotation": 90
                },
                "west": {
                    "uv": [
                        1.5,
                        1,
                        5.5,
                        5.5
                    ],
                    "texture": "#0",
                    "rotation": 270
                },
                "up": {
                    "uv": [
                        1.5,
                        1,
                        5.5,
                        5.5
                    ],
                    "texture": "#0",
                    "rotation": 270
                },
                "down": {
                    "uv": [
                        1.5,
                        1,
                        5.5,
                        5.5
                    ],
                    "texture": "#0",
                    "rotation": 270
                }
            }
        },
        {
            "rotation": {
                "origin": [
                    13.29289,
                    0.82843,
                    8
                ],
                "angle": 0,
                "axis": "z"
            },
            "from": [
                11.79289,
                2.61749,
                8.5
            ],
            "to": [
                14.61321,
                3.32843,
                10.5
            ],
            "faces": {
                "east": {
                    "uv": [
                        1.5,
                        5.5,
                        5.5,
                        1
                    ],
                    "texture": "#0",
                    "rotation": 270
                },
                "south": {
                    "uv": [
                        1.5,
                        5.5,
                        5.5,
                        1
                    ],
                    "texture": "#0",
                    "rotation": 270
                },
                "north": {
                    "uv": [
                        1.5,
                        5.5,
                        5.5,
                        1
                    ],
                    "texture": "#0",
                    "rotation": 90
                },
                "west": {
                    "uv": [
                        1.5,
                        5.5,
                        5.5,
                        1
                    ],
                    "texture": "#0",
                    "rotation": 270
                },
                "up": {
                    "uv": [
                        1.5,
                        5.5,
                        5.5,
                        1
                    ],
                    "texture": "#0",
                    "rotation": 270
                },
                "down": {
                    "uv": [
                        1.5,
                        5.5,
                        5.5,
                        1
                    ],
                    "texture": "#0",
                    "rotation": 270
                }
            }
        },
        {
            "rotation": {
                "origin": [
                    2.70711,
                    0.32843,
                    8
                ],
                "angle": 0,
                "axis": "z"
            },
            "from": [
                2.38679,
                2.11749,
                8.5
            ],
            "to": [
                4.20711,
                2.82843,
                10.5
            ],
            "faces": {
                "east": {
                    "uv": [
                        1.5,
                        1,
                        5.5,
                        5.5
                    ],
                    "texture": "#0",
                    "rotation": 270
                },
                "south": {
                    "uv": [
                        1.5,
                        1,
                        5.5,
                        5.5
                    ],
                    "texture": "#0",
                    "rotation": 270
                },
                "north": {
                    "uv": [
                        1.5,
                        1,
                        5.5,
                        5.5
                    ],
                    "texture": "#0",
                    "rotation": 90
                },
                "west": {
                    "uv": [
                        1.5,
                        1,
                        5.5,
                        5.5
                    ],
                    "texture": "#0",
                    "rotation": 270
                },
                "up": {
                    "uv": [
                        1.5,
                        1,
                        5.5,
                        5.5
                    ],
                    "texture": "#0",
                    "rotation": 270
                },
                "down": {
                    "uv": [
                        1.5,
                        1,
                        5.5,
                        5.5
                    ],
                    "texture": "#0",
                    "rotation": 270
                }
            }
        },
        {
            "rotation": {
                "origin": [
                    13.29289,
                    0.32843,
                    8
                ],
                "angle": 0,
                "axis": "z"
            },
            "from": [
                11.79289,
                2.11749,
                8.5
            ],
            "to": [
                13.61321,
                2.82843,
                10.5
            ],
            "faces": {
                "east": {
                    "uv": [
                        1.5,
                        5.5,
                        5.5,
                        1
                    ],
                    "texture": "#0",
                    "rotation": 270
                },
                "south": {
                    "uv": [
                        1.5,
                        5.5,
                        5.5,
                        1
                    ],
                    "texture": "#0",
                    "rotation": 270
                },
                "north": {
                    "uv": [
                        1.5,
                        5.5,
                        5.5,
                        1
                    ],
                    "texture": "#0",
                    "rotation": 90
                },
                "west": {
                    "uv": [
                        1.5,
                        5.5,
                        5.5,
                        1
                    ],
                    "texture": "#0",
                    "rotation": 270
                },
                "up": {
                    "uv": [
                        1.5,
                        5.5,
                        5.5,
                        1
                    ],
                    "texture": "#0",
                    "rotation": 270
                },
                "down": {
                    "uv": [
                        1.5,
                        5.5,
                        5.5,
                        1
                    ],
                    "texture": "#0",
                    "rotation": 270
                }
            }
        },
        {
            "rotation": {
                "origin": [
                    3.5,
                    0.5,
                    7.99219
                ],
                "angle": 45,
                "axis": "z"
            },
            "from": [
                2.125,
                -1,
                8.49219
            ],
            "to": [
                6,
                3.25,
                8.99219
            ],
            "faces": {
                "east": {
                    "uv": [
                        1.25,
                        1.25,
                        2.5,
                        5.75
                    ],
                    "texture": "#2"
                },
                "south": {
                    "uv": [
                        1.25,
                        1.25,
                        2.5,
                        5.75
                    ],
                    "texture": "#2"
                },
                "north": {
                    "uv": [
                        0.25,
                        0.25,
                        12,
                        12
                    ],
                    "texture": "#2"
                },
                "west": {
                    "uv": [
                        1.25,
                        1.25,
                        2.5,
                        5.75
                    ],
                    "texture": "#2"
                },
                "up": {
                    "uv": [
                        1.25,
                        1.25,
                        2.5,
                        5.75
                    ],
                    "texture": "#2"
                },
                "down": {
                    "uv": [
                        1.25,
                        1.25,
                        2.5,
                        5.75
                    ],
                    "texture": "#2"
                }
            }
        },
        {
            "rotation": {
                "origin": [
                    12.5,
                    0.5,
                    7.99219
                ],
                "angle": -45,
                "axis": "z"
            },
            "from": [
                10,
                -1,
                8.49219
            ],
            "to": [
                13.875,
                3.25,
                8.99219
            ],
            "faces": {
                "east": {
                    "uv": [
                        2.5,
                        1.25,
                        1.25,
                        5.75
                    ],
                    "texture": "#2"
                },
                "south": {
                    "uv": [
                        2.5,
                        1.25,
                        1.25,
                        5.75
                    ],
                    "texture": "#2"
                },
                "north": {
                    "uv": [
                        12,
                        0.25,
                        0.25,
                        12
                    ],
                    "texture": "#2"
                },
                "west": {
                    "uv": [
                        2.5,
                        1.25,
                        1.25,
                        5.75
                    ],
                    "texture": "#2"
                },
                "up": {
                    "uv": [
                        2.5,
                        1.25,
                        1.25,
                        5.75
                    ],
                    "texture": "#2"
                },
                "down": {
                    "uv": [
                        2.5,
                        1.25,
                        1.25,
                        5.75
                    ],
                    "texture": "#2"
                }
            }
        },
        {
            "rotation": {
                "origin": [
                    2.52673,
                    -0.15032,
                    8
                ],
                "angle": 22.5,
                "axis": "z"
            },
            "from": [
                2.52673,
                -3.15032,
                8.5
            ],
            "to": [
                4.02673,
                2.84968,
                10.5
            ],
            "faces": {
                "east": {
                    "uv": [
                        1.5,
                        1,
                        5.5,
                        5.5
                    ],
                    "texture": "#0"
                },
                "south": {
                    "uv": [
                        1.5,
                        1,
                        5.5,
                        5.5
                    ],
                    "texture": "#0"
                },
                "north": {
                    "uv": [
                        1.5,
                        1,
                        5.5,
                        5.5
                    ],
                    "texture": "#0"
                },
                "west": {
                    "uv": [
                        1.5,
                        1,
                        5.5,
                        5.5
                    ],
                    "texture": "#0"
                },
                "up": {
                    "uv": [
                        1.5,
                        1,
                        5.5,
                        5.5
                    ],
                    "texture": "#0"
                },
                "down": {
                    "uv": [
                        1.5,
                        1,
                        5.5,
                        5.5
                    ],
                    "texture": "#0"
                }
            }
        },
        {
            "rotation": {
                "origin": [
                    13.47327,
                    -0.15032,
                    8
                ],
                "angle": -22.5,
                "axis": "z"
            },
            "from": [
                11.97327,
                -3.15032,
                8.5
            ],
            "to": [
                13.47327,
                2.84968,
                10.5
            ],
            "faces": {
                "east": {
                    "uv": [
                        5.5,
                        1,
                        1.5,
                        5.5
                    ],
                    "texture": "#0"
                },
                "south": {
                    "uv": [
                        5.5,
                        1,
                        1.5,
                        5.5
                    ],
                    "texture": "#0"
                },
                "north": {
                    "uv": [
                        5.5,
                        1,
                        1.5,
                        5.5
                    ],
                    "texture": "#0"
                },
                "west": {
                    "uv": [
                        5.5,
                        1,
                        1.5,
                        5.5
                    ],
                    "texture": "#0"
                },
                "up": {
                    "uv": [
                        5.5,
                        1,
                        1.5,
                        5.5
                    ],
                    "texture": "#0"
                },
                "down": {
                    "uv": [
                        5.5,
                        1,
                        1.5,
                        5.5
                    ],
                    "texture": "#0"
                }
            }
        },
        {
            "rotation": {
                "origin": [
                    7,
                    1.5,
                    7
                ],
                "angle": -22.5,
                "axis": "y"
            },
            "from": [
                6.5,
                1.5,
                3.5
            ],
            "to": [
                9,
                3,
                8
            ],
            "faces": {
                "east": {
                    "uv": [
                        1.5,
                        1,
                        5.5,
                        5.5
                    ],
                    "texture": "#0"
                },
                "south": {
                    "uv": [
                        1.5,
                        1,
                        5.5,
                        5.5
                    ],
                    "texture": "#0"
                },
                "north": {
                    "uv": [
                        1.5,
                        1,
                        5.5,
                        5.5
                    ],
                    "texture": "#0"
                },
                "west": {
                    "uv": [
                        1.5,
                        1,
                        5.5,
                        5.5
                    ],
                    "texture": "#0"
                },
                "up": {
                    "uv": [
                        1.5,
                        1,
                        5.5,
                        5.5
                    ],
                    "texture": "#0"
                },
                "down": {
                    "uv": [
                        1.5,
                        1,
                        5.5,
                        5.5
                    ],
                    "texture": "#0"
                }
            }
        },
        {
            "rotation": {
                "origin": [
                    7,
                    0.5,
                    7
                ],
                "angle": -22.5,
                "axis": "y"
            },
            "from": [
                6,
                -0.5,
                3.5
            ],
            "to": [
                9.5,
                2,
                8
            ],
            "faces": {
                "east": {
                    "uv": [
                        1.5,
                        1,
                        5.5,
                        5.5
                    ],
                    "texture": "#0"
                },
                "south": {
                    "uv": [
                        1.5,
                        1,
                        5.5,
                        5.5
                    ],
                    "texture": "#0"
                },
                "north": {
                    "uv": [
                        1.5,
                        1,
                        5.5,
                        5.5
                    ],
                    "texture": "#0"
                },
                "west": {
                    "uv": [
                        1.5,
                        1,
                        5.5,
                        5.5
                    ],
                    "texture": "#0"
                },
                "up": {
                    "uv": [
                        1.5,
                        1,
                        5.5,
                        5.5
                    ],
                    "texture": "#0"
                },
                "down": {
                    "uv": [
                        1.5,
                        1,
                        5.5,
                        5.5
                    ],
                    "texture": "#0"
                }
            }
        },
        {
            "rotation": {
                "origin": [
                    7,
                    1.5,
                    7
                ],
                "angle": -22.5,
                "axis": "y"
            },
            "from": [
                6.5,
                -1,
                2.5
            ],
            "to": [
                9,
                2,
                6
            ],
            "faces": {
                "east": {
                    "uv": [
                        1.5,
                        1,
                        5.5,
                        5.5
                    ],
                    "texture": "#0"
                },
                "south": {
                    "uv": [
                        1.5,
                        1,
                        5.5,
                        5.5
                    ],
                    "texture": "#0"
                },
                "north": {
                    "uv": [
                        1.5,
                        1,
                        5.5,
                        5.5
                    ],
                    "texture": "#0"
                },
                "west": {
                    "uv": [
                        1.5,
                        1,
                        5.5,
                        5.5
                    ],
                    "texture": "#0"
                },
                "up": {
                    "uv": [
                        1.5,
                        1,
                        5.5,
                        5.5
                    ],
                    "texture": "#0"
                },
                "down": {
                    "uv": [
                        1.5,
                        1,
                        5.5,
                        5.5
                    ],
                    "texture": "#0"
                }
            }
        },
        {
            "rotation": {
                "origin": [
                    8,
                    -3,
                    8
                ],
                "angle": 0,
                "axis": "y"
            },
            "from": [
                4.5,
                -6.5,
                4.5
            ],
            "to": [
                11.5,
                0.5,
                13.5
            ],
            "faces": {
                "east": {
                    "uv": [
                        1.5,
                        1,
                        5.5,
                        5.5
                    ],
                    "texture": "#0"
                },
                "south": {
                    "uv": [
                        1.5,
                        1,
                        5.5,
                        5.5
                    ],
                    "texture": "#0"
                },
                "north": {
                    "uv": [
                        1.5,
                        1,
                        5.5,
                        5.5
                    ],
                    "texture": "#0"
                },
                "west": {
                    "uv": [
                        1.5,
                        1,
                        5.5,
                        5.5
                    ],
                    "texture": "#0"
                },
                "up": {
                    "uv": [
                        1.5,
                        1,
                        5.5,
                        5.5
                    ],
                    "texture": "#0"
                },
                "down": {
                    "uv": [
                        1.5,
                        1,
                        5.5,
                        5.5
                    ],
                    "texture": "#0"
                }
            }
        },
        {
            "rotation": {
                "origin": [
                    8,
                    0,
                    7.99219
                ],
                "angle": 0,
                "axis": "y"
            },
            "from": [
                4.5,
                -3.5,
                4.49219
            ],
            "to": [
                7,
                -1,
                5.49219
            ],
            "faces": {
                "east": {
                    "uv": [
                        1.5,
                        14.75,
                        2.75,
                        15.5
                    ],
                    "texture": "#1"
                },
                "south": {
                    "uv": [
                        1.5,
                        14.75,
                        2.75,
                        15.5
                    ],
                    "texture": "#1"
                },
                "north": {
                    "uv": [
                        0.25,
                        0.25,
                        14.5,
                        14.5
                    ],
                    "texture": "#1"
                },
                "west": {
                    "uv": [
                        1.5,
                        14.75,
                        2.75,
                        15.5
                    ],
                    "texture": "#1"
                },
                "up": {
                    "uv": [
                        1.5,
                        14.75,
                        2.75,
                        15.5
                    ],
                    "texture": "#1"
                },
                "down": {
                    "uv": [
                        1.5,
                        14.75,
                        2.75,
                        15.5
                    ],
                    "texture": "#1"
                }
            }
        },
        {
            "rotation": {
                "origin": [
                    10.5,
                    -0.5,
                    7.99219
                ],
                "angle": 0,
                "axis": "y"
            },
            "from": [
                7,
                -4,
                4.49219
            ],
            "to": [
                9.125,
                -3.5,
                5.49219
            ],
            "faces": {
                "east": {
                    "uv": [
                        10.5,
                        2,
                        14,
                        6
                    ],
                    "texture": "#0"
                },
                "south": {
                    "uv": [
                        10.5,
                        2,
                        14,
                        6
                    ],
                    "texture": "#0"
                },
                "north": {
                    "uv": [
                        0.5,
                        7.5,
                        15.5,
                        10
                    ],
                    "texture": "#0"
                },
                "west": {
                    "uv": [
                        10.5,
                        2,
                        14,
                        6
                    ],
                    "texture": "#0"
                },
                "up": {
                    "uv": [
                        10.5,
                        2,
                        14,
                        6
                    ],
                    "texture": "#0"
                },
                "down": {
                    "uv": [
                        10.5,
                        2,
                        14,
                        6
                    ],
                    "texture": "#0"
                }
            }
        },
        {
            "rotation": {
                "origin": [
                    8,
                    0,
                    7.99219
                ],
                "angle": 0,
                "axis": "y"
            },
            "from": [
                9,
                -3.5,
                4.49219
            ],
            "to": [
                11.5,
                -1,
                5.49219
            ],
            "faces": {
                "east": {
                    "uv": [
                        2.75,
                        14.75,
                        1.5,
                        15.5
                    ],
                    "texture": "#1"
                },
                "south": {
                    "uv": [
                        2.75,
                        14.75,
                        1.5,
                        15.5
                    ],
                    "texture": "#1"
                },
                "north": {
                    "uv": [
                        0.25,
                        0.25,
                        14.5,
                        14.5
                    ],
                    "texture": "#1"
                },
                "west": {
                    "uv": [
                        2.75,
                        14.75,
                        1.5,
                        15.5
                    ],
                    "texture": "#1"
                },
                "up": {
                    "uv": [
                        2.75,
                        14.75,
                        1.5,
                        15.5
                    ],
                    "texture": "#1"
                },
                "down": {
                    "uv": [
                        2.75,
                        14.75,
                        1.5,
                        15.5
                    ],
                    "texture": "#1"
                }
            }
        },
        {
            "rotation": {
                "origin": [
                    8,
                    -3,
                    8
                ],
                "angle": 0,
                "axis": "y"
            },
            "from": [
                3.5,
                -6.5,
                5.5
            ],
            "to": [
                12.5,
                0.5,
                12.5
            ],
            "faces": {
                "east": {
                    "uv": [
                        1.5,
                        1,
                        5.5,
                        5.5
                    ],
                    "texture": "#0"
                },
                "south": {
                    "uv": [
                        1.5,
                        1,
                        5.5,
                        5.5
                    ],
                    "texture": "#0"
                },
                "north": {
                    "uv": [
                        1.5,
                        1,
                        5.5,
                        5.5
                    ],
                    "texture": "#0"
                },
                "west": {
                    "uv": [
                        1.5,
                        1,
                        5.5,
                        5.5
                    ],
                    "texture": "#0"
                },
                "up": {
                    "uv": [
                        1.5,
                        1,
                        5.5,
                        5.5
                    ],
                    "texture": "#0"
                },
                "down": {
                    "uv": [
                        1.5,
                        1,
                        5.5,
                        5.5
                    ],
                    "texture": "#0"
                }
            }
        }
    ],
    "display": {
        "head": {
            "translation": [
                0,
                -18,
                0
            ],
            "scale": [
                1.5,
                1.5,
                1.5
            ]
        },
        "gui": {
            "rotation": [
                30,
                135,
                0
            ],
            "translation": [
                0,
                7.25,
                0
            ],
            "scale": [
                0.8,
                0.8,
                0.8
            ]
        }
    },
    "credit": "© 2015-2022 MadstonMagic. All rights reserved. https://madstonmagic.github.io/shop/. Made using BlockBench"
}