{
    "textures": {
        "0": "pokemon/41_zubat/zubat",
        "1": "pokemon/41_zubat/ear",
        "2": "pokemon/41_zubat/ear_outer",
        "3": "pokemon/41_zubat/wing_1",
        "4": "pokemon/41_zubat/wing_2",
        "5": "pokemon/41_zubat/wing_3",
        "particle": "pokemon/41_zubat/zubat"
    },
    "elements": [
        {
            "rotation": {
                "origin": [
                    8,
                    10.5,
                    6
                ],
                "angle": 22.5,
                "axis": "x"
            },
            "from": [
                10,
                10.875,
                5.5
            ],
            "to": [
                10.5,
                16,
                10.5
            ],
            "faces": {
                "east": {
                    "uv": [
                        1,
                        1,
                        4.5,
                        4.5
                    ],
                    "texture": "#0"
                },
                "south": {
                    "uv": [
                        1,
                        1,
                        4.5,
                        4.5
                    ],
                    "texture": "#0"
                },
                "north": {
                    "uv": [
                        1,
                        1,
                        4.5,
                        4.5
                    ],
                    "texture": "#0"
                },
                "west": {
                    "uv": [
                        4.5,
                        6.5,
                        1,
                        10
                    ],
                    "texture": "#0"
                },
                "up": {
                    "uv": [
                        1,
                        1,
                        4.5,
                        4.5
                    ],
                    "texture": "#0"
                },
                "down": {
                    "uv": [
                        1,
                        1,
                        4.5,
                        4.5
                    ],
                    "texture": "#0"
                }
            }
        },
        {
            "rotation": {
                "origin": [
                    8,
                    10.5,
                    6
                ],
                "angle": 22.5,
                "axis": "x"
            },
            "from": [
                5.5,
                10.875,
                5.5
            ],
            "to": [
                6,
                16,
                10.5
            ],
            "faces": {
                "east": {
                    "uv": [
                        4.5,
                        6.5,
                        1,
                        10
                    ],
                    "texture": "#0"
                },
                "south": {
                    "uv": [
                        4.5,
                        1,
                        1,
                        4.5
                    ],
                    "texture": "#0"
                },
                "north": {
                    "uv": [
                        4.5,
                        1,
                        1,
                        4.5
                    ],
                    "texture": "#0"
                },
                "west": {
                    "uv": [
                        4.5,
                        1,
                        1,
                        4.5
                    ],
                    "texture": "#0"
                },
                "up": {
                    "uv": [
                        4.5,
                        1,
                        1,
                        4.5
                    ],
                    "texture": "#0"
                },
                "down": {
                    "uv": [
                        4.5,
                        1,
                        1,
                        4.5
                    ],
                    "texture": "#0"
                }
            }
        },
        {
            "rotation": {
                "origin": [
                    8,
                    10.5,
                    6
                ],
                "angle": 22.5,
                "axis": "x"
            },
            "from": [
                6,
                15.5,
                5.5
            ],
            "to": [
                10,
                16,
                10.5
            ],
            "faces": {
                "north": {
                    "uv": [
                        4.5,
                        1,
                        1,
                        4.5
                    ],
                    "texture": "#0"
                },
                "up": {
                    "uv": [
                        4.5,
                        1,
                        1,
                        4.5
                    ],
                    "texture": "#0"
                },
                "down": {
                    "uv": [
                        4.5,
                        6.5,
                        1,
                        10
                    ],
                    "texture": "#0"
                }
            }
        },
        {
            "rotation": {
                "origin": [
                    8,
                    10.5,
                    6
                ],
                "angle": 22.5,
                "axis": "x"
            },
            "from": [
                6,
                10.875,
                5.5
            ],
            "to": [
                10,
                11.5,
                10.5
            ],
            "faces": {
                "north": {
                    "uv": [
                        4.5,
                        4.5,
                        1,
                        1
                    ],
                    "texture": "#0"
                },
                "up": {
                    "uv": [
                        4.5,
                        10,
                        1,
                        6.5
                    ],
                    "texture": "#0"
                },
                "down": {
                    "uv": [
                        4.5,
                        4.5,
                        1,
                        1
                    ],
                    "texture": "#0"
                }
            }
        },
        {
            "rotation": {
                "origin": [
                    8,
                    10.5,
                    6
                ],
                "angle": 22.5,
                "axis": "x"
            },
            "from": [
                6.375,
                11.5,
                6
            ],
            "to": [
                6.875,
                12.5,
                6.005
            ],
            "faces": {
                "east": {
                    "uv": [
                        7.5,
                        16,
                        5,
                        13
                    ],
                    "texture": "#0"
                },
                "south": {
                    "uv": [
                        15.5,
                        13,
                        6,
                        0.5
                    ],
                    "texture": "#0"
                },
                "north": {
                    "uv": [
                        15.5,
                        13,
                        6,
                        0.5
                    ],
                    "texture": "#0"
                },
                "west": {
                    "uv": [
                        7.5,
                        16,
                        5,
                        13
                    ],
                    "texture": "#0"
                },
                "up": {
                    "uv": [
                        7.5,
                        16,
                        5,
                        13
                    ],
                    "texture": "#0"
                }
            }
        },
        {
            "rotation": {
                "origin": [
                    8,
                    10.5,
                    6
                ],
                "angle": 22.5,
                "axis": "x"
            },
            "from": [
                9.125,
                11.5,
                6
            ],
            "to": [
                9.625,
                12.5,
                6.005
            ],
            "faces": {
                "east": {
                    "uv": [
                        5,
                        16,
                        7.5,
                        13
                    ],
                    "texture": "#0"
                },
                "south": {
                    "uv": [
                        6,
                        13,
                        15.5,
                        0.5
                    ],
                    "texture": "#0"
                },
                "north": {
                    "uv": [
                        6,
                        13,
                        15.5,
                        0.5
                    ],
                    "texture": "#0"
                },
                "west": {
                    "uv": [
                        5,
                        16,
                        7.5,
                        13
                    ],
                    "texture": "#0"
                },
                "up": {
                    "uv": [
                        5,
                        16,
                        7.5,
                        13
                    ],
                    "texture": "#0"
                }
            }
        },
        {
            "rotation": {
                "origin": [
                    8,
                    10.5,
                    6
                ],
                "angle": 22.5,
                "axis": "x"
            },
            "from": [
                8.5,
                14.5,
                6
            ],
            "to": [
                9.25,
                15.5,
                6.005
            ],
            "faces": {
                "east": {
                    "uv": [
                        5,
                        13,
                        7.5,
                        16
                    ],
                    "texture": "#0"
                },
                "south": {
                    "uv": [
                        6,
                        0.5,
                        15.5,
                        13
                    ],
                    "texture": "#0"
                },
                "north": {
                    "uv": [
                        6,
                        0.5,
                        15.5,
                        13
                    ],
                    "texture": "#0"
                },
                "west": {
                    "uv": [
                        5,
                        13,
                        7.5,
                        16
                    ],
                    "texture": "#0"
                },
                "down": {
                    "uv": [
                        5,
                        13,
                        7.5,
                        16
                    ],
                    "texture": "#0"
                }
            }
        },
        {
            "rotation": {
                "origin": [
                    8,
                    10.5,
                    6
                ],
                "angle": 22.5,
                "axis": "x"
            },
            "from": [
                6.75,
                14.5,
                6
            ],
            "to": [
                7.5,
                15.5,
                6.005
            ],
            "faces": {
                "east": {
                    "uv": [
                        7.5,
                        13,
                        5,
                        16
                    ],
                    "texture": "#0"
                },
                "south": {
                    "uv": [
                        15.5,
                        0.5,
                        6,
                        13
                    ],
                    "texture": "#0"
                },
                "north": {
                    "uv": [
                        15.5,
                        0.5,
                        6,
                        13
                    ],
                    "texture": "#0"
                },
                "west": {
                    "uv": [
                        7.5,
                        13,
                        5,
                        16
                    ],
                    "texture": "#0"
                },
                "down": {
                    "uv": [
                        7.5,
                        13,
                        5,
                        16
                    ],
                    "texture": "#0"
                }
            }
        },
        {
            "rotation": {
                "origin": [
                    8,
                    10.5,
                    6
                ],
                "angle": 22.5,
                "axis": "x"
            },
            "from": [
                6,
                11,
                7.5
            ],
            "to": [
                10,
                16,
                10.5
            ],
            "faces": {
                "south": {
                    "uv": [
                        4.5,
                        1,
                        1,
                        4.5
                    ],
                    "texture": "#0"
                },
                "north": {
                    "uv": [
                        4.5,
                        6.5,
                        1,
                        10
                    ],
                    "texture": "#0"
                }
            }
        },
        {
            "rotation": {
                "origin": [
                    5.5,
                    15,
                    10
                ],
                "angle": 45,
                "axis": "z"
            },
            "from": [
                4,
                14.5,
                10
            ],
            "to": [
                7,
                20.5,
                10.005
            ],
            "faces": {
                "east": {
                    "uv": [
                        14.5,
                        2.75,
                        11,
                        6.25
                    ],
                    "texture": "#2"
                },
                "south": {
                    "uv": [
                        10,
                        0.25,
                        0.25,
                        15.75
                    ],
                    "texture": "#2"
                },
                "north": {
                    "uv": [
                        10,
                        0.25,
                        0.25,
                        15.75
                    ],
                    "texture": "#1"
                },
                "west": {
                    "uv": [
                        14.5,
                        2.75,
                        11,
                        6.25
                    ],
                    "texture": "#2"
                },
                "up": {
                    "uv": [
                        14.5,
                        2.75,
                        11,
                        6.25
                    ],
                    "texture": "#2"
                },
                "down": {
                    "uv": [
                        14.5,
                        2.75,
                        11,
                        6.25
                    ],
                    "texture": "#2"
                }
            }
        },
        {
            "rotation": {
                "origin": [
                    5.5,
                    15.5,
                    8
                ],
                "angle": 0,
                "axis": "z"
            },
            "from": [
                -9,
                2.5,
                8
            ],
            "to": [
                6,
                18.5,
                8.005
            ],
            "faces": {
                "south": {
                    "uv": [
                        15.875,
                        0.125,
                        0.125,
                        15.125
                    ],
                    "texture": "#4"
                },
                "north": {
                    "uv": [
                        0.125,
                        0.125,
                        15.875,
                        15.125
                    ],
                    "texture": "#4"
                },
                "west": {
                    "uv": [
                        5,
                        2.5,
                        3,
                        3.875
                    ],
                    "texture": "#4"
                },
                "up": {
                    "uv": [
                        5,
                        2.5,
                        3,
                        3.875
                    ],
                    "texture": "#4"
                },
                "down": {
                    "uv": [
                        5,
                        2.5,
                        3,
                        3.875
                    ],
                    "texture": "#4"
                }
            }
        },
        {
            "rotation": {
                "origin": [
                    10.5,
                    15.5,
                    8
                ],
                "angle": 0,
                "axis": "z"
            },
            "from": [
                10,
                2.5,
                8
            ],
            "to": [
                25,
                18.5,
                8.005
            ],
            "faces": {
                "east": {
                    "uv": [
                        3,
                        2.5,
                        5,
                        3.875
                    ],
                    "texture": "#4"
                },
                "south": {
                    "uv": [
                        0.125,
                        0.125,
                        15.875,
                        15.125
                    ],
                    "texture": "#4"
                },
                "north": {
                    "uv": [
                        15.875,
                        0.125,
                        0.125,
                        15.125
                    ],
                    "texture": "#4"
                },
                "up": {
                    "uv": [
                        3,
                        2.5,
                        5,
                        3.875
                    ],
                    "texture": "#4"
                },
                "down": {
                    "uv": [
                        3,
                        2.5,
                        5,
                        3.875
                    ],
                    "texture": "#4"
                }
            }
        },
        {
            "rotation": {
                "origin": [
                    6,
                    15.5,
                    8
                ],
                "angle": -22.5,
                "axis": "y"
            },
            "from": [
                -9,
                2.5,
                8
            ],
            "to": [
                6,
                18.5,
                8.005
            ],
            "faces": {
                "south": {
                    "uv": [
                        15.875,
                        0.125,
                        0.125,
                        15.125
                    ],
                    "texture": "#3"
                },
                "north": {
                    "uv": [
                        0.125,
                        0.125,
                        15.875,
                        15.125
                    ],
                    "texture": "#3"
                },
                "west": {
                    "uv": [
                        5,
                        2.5,
                        3,
                        3.875
                    ],
                    "texture": "#3"
                },
                "up": {
                    "uv": [
                        5,
                        2.5,
                        3,
                        3.875
                    ],
                    "texture": "#3"
                },
                "down": {
                    "uv": [
                        5,
                        2.5,
                        3,
                        3.875
                    ],
                    "texture": "#3"
                }
            }
        },
        {
            "rotation": {
                "origin": [
                    10,
                    15.5,
                    8
                ],
                "angle": 22.5,
                "axis": "y"
            },
            "from": [
                10,
                2.5,
                8
            ],
            "to": [
                25,
                18.5,
                8.005
            ],
            "faces": {
                "east": {
                    "uv": [
                        3,
                        2.5,
                        5,
                        3.875
                    ],
                    "texture": "#3"
                },
                "south": {
                    "uv": [
                        0.125,
                        0.125,
                        15.875,
                        15.125
                    ],
                    "texture": "#3"
                },
                "north": {
                    "uv": [
                        15.875,
                        0.125,
                        0.125,
                        15.125
                    ],
                    "texture": "#3"
                },
                "up": {
                    "uv": [
                        3,
                        2.5,
                        5,
                        3.875
                    ],
                    "texture": "#3"
                },
                "down": {
                    "uv": [
                        3,
                        2.5,
                        5,
                        3.875
                    ],
                    "texture": "#3"
                }
            }
        },
        {
            "rotation": {
                "origin": [
                    6,
                    15.5,
                    8
                ],
                "angle": 22.5,
                "axis": "y"
            },
            "from": [
                -9,
                2.5,
                8
            ],
            "to": [
                6,
                18.5,
                8.005
            ],
            "faces": {
                "east": {
                    "uv": [
                        5,
                        2.5,
                        3,
                        3.875
                    ],
                    "texture": "#5"
                },
                "south": {
                    "uv": [
                        15.875,
                        0.125,
                        0.125,
                        15.125
                    ],
                    "texture": "#5"
                },
                "north": {
                    "uv": [
                        0.125,
                        0.125,
                        15.875,
                        15.125
                    ],
                    "texture": "#5"
                },
                "west": {
                    "uv": [
                        5,
                        2.5,
                        3,
                        3.875
                    ],
                    "texture": "#5"
                },
                "up": {
                    "uv": [
                        5,
                        2.5,
                        3,
                        3.875
                    ],
                    "texture": "#5"
                },
                "down": {
                    "uv": [
                        5,
                        2.5,
                        3,
                        3.875
                    ],
                    "texture": "#5"
                }
            }
        },
        {
            "rotation": {
                "origin": [
                    10,
                    15.5,
                    8
                ],
                "angle": -22.5,
                "axis": "y"
            },
            "from": [
                10,
                2.5,
                8
            ],
            "to": [
                25,
                18.5,
                8.005
            ],
            "faces": {
                "east": {
                    "uv": [
                        3,
                        2.5,
                        5,
                        3.875
                    ],
                    "texture": "#5"
                },
                "south": {
                    "uv": [
                        0.125,
                        0.125,
                        15.875,
                        15.125
                    ],
                    "texture": "#5"
                },
                "north": {
                    "uv": [
                        15.875,
                        0.125,
                        0.125,
                        15.125
                    ],
                    "texture": "#5"
                },
                "west": {
                    "uv": [
                        3,
                        2.5,
                        5,
                        3.875
                    ],
                    "texture": "#5"
                },
                "up": {
                    "uv": [
                        3,
                        2.5,
                        5,
                        3.875
                    ],
                    "texture": "#5"
                },
                "down": {
                    "uv": [
                        3,
                        2.5,
                        5,
                        3.875
                    ],
                    "texture": "#5"
                }
            }
        },
        {
            "rotation": {
                "origin": [
                    10.5,
                    15,
                    10
                ],
                "angle": -45,
                "axis": "z"
            },
            "from": [
                9,
                14.5,
                10
            ],
            "to": [
                12,
                20.5,
                10.005
            ],
            "faces": {
                "east": {
                    "uv": [
                        11,
                        2.75,
                        14.5,
                        6.25
                    ],
                    "texture": "#2"
                },
                "south": {
                    "uv": [
                        0.25,
                        0.25,
                        10,
                        15.75
                    ],
                    "texture": "#2"
                },
                "north": {
                    "uv": [
                        0.25,
                        0.25,
                        10,
                        15.75
                    ],
                    "texture": "#1"
                },
                "west": {
                    "uv": [
                        11,
                        2.75,
                        14.5,
                        6.25
                    ],
                    "texture": "#2"
                },
                "up": {
                    "uv": [
                        11,
                        2.75,
                        14.5,
                        6.25
                    ],
                    "texture": "#2"
                },
                "down": {
                    "uv": [
                        11,
                        2.75,
                        14.5,
                        6.25
                    ],
                    "texture": "#2"
                }
            }
        },
        {
            "rotation": {
                "origin": [
                    8,
                    10.5,
                    6
                ],
                "angle": 22.5,
                "axis": "x"
            },
            "from": [
                5.5,
                16,
                6
            ],
            "to": [
                10.5,
                16.5,
                10
            ],
            "faces": {
                "east": {
                    "uv": [
                        4.5,
                        1,
                        1,
                        4.5
                    ],
                    "texture": "#0"
                },
                "south": {
                    "uv": [
                        4.5,
                        1,
                        1,
                        4.5
                    ],
                    "texture": "#0"
                },
                "north": {
                    "uv": [
                        4.5,
                        1,
                        1,
                        4.5
                    ],
                    "texture": "#0"
                },
                "west": {
                    "uv": [
                        4.5,
                        1,
                        1,
                        4.5
                    ],
                    "texture": "#0"
                },
                "up": {
                    "uv": [
                        4.5,
                        1,
                        1,
                        4.5
                    ],
                    "texture": "#0"
                }
            }
        },
        {
            "rotation": {
                "origin": [
                    8,
                    9,
                    8
                ],
                "angle": 0,
                "axis": "y"
            },
            "from": [
                5.5,
                10.5,
                6
            ],
            "to": [
                10.5,
                11,
                7.375
            ],
            "faces": {
                "east": {
                    "uv": [
                        4.5,
                        1,
                        1,
                        4.5
                    ],
                    "texture": "#0"
                },
                "north": {
                    "uv": [
                        4.5,
                        1,
                        1,
                        4.5
                    ],
                    "texture": "#0"
                },
                "west": {
                    "uv": [
                        4.5,
                        1,
                        1,
                        4.5
                    ],
                    "texture": "#0"
                }
            }
        },
        {
            "rotation": {
                "origin": [
                    8,
                    10.5,
                    6
                ],
                "angle": 22.5,
                "axis": "x"
            },
            "from": [
                10.5,
                10.875,
                6
            ],
            "to": [
                11,
                16,
                10
            ],
            "faces": {
                "east": {
                    "uv": [
                        1,
                        1,
                        4.5,
                        4.5
                    ],
                    "texture": "#0"
                },
                "south": {
                    "uv": [
                        1,
                        1,
                        4.5,
                        4.5
                    ],
                    "texture": "#0"
                },
                "north": {
                    "uv": [
                        1,
                        1,
                        4.5,
                        4.5
                    ],
                    "texture": "#0"
                },
                "up": {
                    "uv": [
                        1,
                        1,
                        4.5,
                        4.5
                    ],
                    "texture": "#0"
                },
                "down": {
                    "uv": [
                        1,
                        1,
                        4.5,
                        4.5
                    ],
                    "texture": "#0"
                }
            }
        },
        {
            "rotation": {
                "origin": [
                    8,
                    10.5,
                    6
                ],
                "angle": 22.5,
                "axis": "x"
            },
            "from": [
                5,
                10.875,
                6
            ],
            "to": [
                5.5,
                16,
                10
            ],
            "faces": {
                "south": {
                    "uv": [
                        4.5,
                        1,
                        1,
                        4.5
                    ],
                    "texture": "#0"
                },
                "north": {
                    "uv": [
                        4.5,
                        1,
                        1,
                        4.5
                    ],
                    "texture": "#0"
                },
                "west": {
                    "uv": [
                        4.5,
                        1,
                        1,
                        4.5
                    ],
                    "texture": "#0"
                },
                "up": {
                    "uv": [
                        4.5,
                        1,
                        1,
                        4.5
                    ],
                    "texture": "#0"
                },
                "down": {
                    "uv": [
                        4.5,
                        1,
                        1,
                        4.5
                    ],
                    "texture": "#0"
                }
            }
        },
        {
            "rotation": {
                "origin": [
                    8,
                    2.5,
                    8
                ],
                "angle": 0,
                "axis": "y"
            },
            "from": [
                5.5,
                5.5,
                6
            ],
            "to": [
                10.5,
                10.5,
                10
            ],
            "faces": {
                "east": {
                    "uv": [
                        4.5,
                        1,
                        1,
                        4.5
                    ],
                    "texture": "#0"
                },
                "south": {
                    "uv": [
                        4.5,
                        1,
                        1,
                        4.5
                    ],
                    "texture": "#0"
                },
                "north": {
                    "uv": [
                        4.5,
                        1,
                        1,
                        4.5
                    ],
                    "texture": "#0"
                },
                "west": {
                    "uv": [
                        4.5,
                        1,
                        1,
                        4.5
                    ],
                    "texture": "#0"
                },
                "down": {
                    "uv": [
                        4.5,
                        1,
                        1,
                        4.5
                    ],
                    "texture": "#0"
                }
            }
        },
        {
            "rotation": {
                "origin": [
                    7,
                    5.5,
                    6.25
                ],
                "angle": -22.5,
                "axis": "z"
            },
            "from": [
                6,
                2,
                7.75
            ],
            "to": [
                7,
                5.5,
                8.25
            ],
            "faces": {
                "east": {
                    "uv": [
                        4.5,
                        1,
                        1,
                        4.5
                    ],
                    "texture": "#0"
                },
                "south": {
                    "uv": [
                        4.5,
                        1,
                        1,
                        4.5
                    ],
                    "texture": "#0"
                },
                "north": {
                    "uv": [
                        4.5,
                        1,
                        1,
                        4.5
                    ],
                    "texture": "#0"
                },
                "west": {
                    "uv": [
                        4.5,
                        1,
                        1,
                        4.5
                    ],
                    "texture": "#0"
                },
                "down": {
                    "uv": [
                        4.5,
                        1,
                        1,
                        4.5
                    ],
                    "texture": "#0"
                }
            }
        },
        {
            "rotation": {
                "origin": [
                    9,
                    5.5,
                    6.25
                ],
                "angle": 22.5,
                "axis": "z"
            },
            "from": [
                9,
                2,
                7.75
            ],
            "to": [
                10,
                5.5,
                8.25
            ],
            "faces": {
                "east": {
                    "uv": [
                        1,
                        1,
                        4.5,
                        4.5
                    ],
                    "texture": "#0"
                },
                "south": {
                    "uv": [
                        1,
                        1,
                        4.5,
                        4.5
                    ],
                    "texture": "#0"
                },
                "north": {
                    "uv": [
                        1,
                        1,
                        4.5,
                        4.5
                    ],
                    "texture": "#0"
                },
                "west": {
                    "uv": [
                        1,
                        1,
                        4.5,
                        4.5
                    ],
                    "texture": "#0"
                },
                "down": {
                    "uv": [
                        1,
                        1,
                        4.5,
                        4.5
                    ],
                    "texture": "#0"
                }
            }
        },
        {
            "rotation": {
                "origin": [
                    7,
                    5.5,
                    6.25
                ],
                "angle": -22.5,
                "axis": "z"
            },
            "from": [
                6.125,
                -1,
                7.875
            ],
            "to": [
                6.875,
                2,
                8.125
            ],
            "faces": {
                "east": {
                    "uv": [
                        4.5,
                        1,
                        1,
                        4.5
                    ],
                    "texture": "#0"
                },
                "south": {
                    "uv": [
                        4.5,
                        1,
                        1,
                        4.5
                    ],
                    "texture": "#0"
                },
                "north": {
                    "uv": [
                        4.5,
                        1,
                        1,
                        4.5
                    ],
                    "texture": "#0"
                },
                "west": {
                    "uv": [
                        4.5,
                        1,
                        1,
                        4.5
                    ],
                    "texture": "#0"
                },
                "down": {
                    "uv": [
                        4.5,
                        1,
                        1,
                        4.5
                    ],
                    "texture": "#0"
                }
            }
        },
        {
            "rotation": {
                "origin": [
                    9,
                    5.5,
                    6.25
                ],
                "angle": 22.5,
                "axis": "z"
            },
            "from": [
                9.125,
                -1,
                7.875
            ],
            "to": [
                9.875,
                2,
                8.125
            ],
            "faces": {
                "east": {
                    "uv": [
                        1,
                        1,
                        4.5,
                        4.5
                    ],
                    "texture": "#0"
                },
                "south": {
                    "uv": [
                        1,
                        1,
                        4.5,
                        4.5
                    ],
                    "texture": "#0"
                },
                "north": {
                    "uv": [
                        1,
                        1,
                        4.5,
                        4.5
                    ],
                    "texture": "#0"
                },
                "west": {
                    "uv": [
                        1,
                        1,
                        4.5,
                        4.5
                    ],
                    "texture": "#0"
                },
                "down": {
                    "uv": [
                        1,
                        1,
                        4.5,
                        4.5
                    ],
                    "texture": "#0"
                }
            }
        },
        {
            "rotation": {
                "origin": [
                    7,
                    5.5,
                    6.25
                ],
                "angle": -22.5,
                "axis": "z"
            },
            "from": [
                6.25,
                -4,
                7.875
            ],
            "to": [
                6.75,
                -1,
                8.125
            ],
            "faces": {
                "east": {
                    "uv": [
                        4.5,
                        1,
                        1,
                        4.5
                    ],
                    "texture": "#0"
                },
                "south": {
                    "uv": [
                        4.5,
                        1,
                        1,
                        4.5
                    ],
                    "texture": "#0"
                },
                "north": {
                    "uv": [
                        4.5,
                        1,
                        1,
                        4.5
                    ],
                    "texture": "#0"
                },
                "west": {
                    "uv": [
                        4.5,
                        1,
                        1,
                        4.5
                    ],
                    "texture": "#0"
                },
                "down": {
                    "uv": [
                        4.5,
                        1,
                        1,
                        4.5
                    ],
                    "texture": "#0"
                }
            }
        },
        {
            "rotation": {
                "origin": [
                    9,
                    5.5,
                    6.25
                ],
                "angle": 22.5,
                "axis": "z"
            },
            "from": [
                9.25,
                -4,
                7.875
            ],
            "to": [
                9.75,
                -1,
                8.125
            ],
            "faces": {
                "east": {
                    "uv": [
                        1,
                        1,
                        4.5,
                        4.5
                    ],
                    "texture": "#0"
                },
                "south": {
                    "uv": [
                        1,
                        1,
                        4.5,
                        4.5
                    ],
                    "texture": "#0"
                },
                "north": {
                    "uv": [
                        1,
                        1,
                        4.5,
                        4.5
                    ],
                    "texture": "#0"
                },
                "west": {
                    "uv": [
                        1,
                        1,
                        4.5,
                        4.5
                    ],
                    "texture": "#0"
                },
                "down": {
                    "uv": [
                        1,
                        1,
                        4.5,
                        4.5
                    ],
                    "texture": "#0"
                }
            }
        },
        {
            "rotation": {
                "origin": [
                    7.5,
                    2.5,
                    8.5
                ],
                "angle": 0,
                "axis": "y"
            },
            "from": [
                6,
                5.5,
                5.5
            ],
            "to": [
                10,
                10.5,
                10.5
            ],
            "faces": {
                "east": {
                    "uv": [
                        4.5,
                        1,
                        1,
                        4.5
                    ],
                    "texture": "#0"
                },
                "south": {
                    "uv": [
                        4.5,
                        1,
                        1,
                        4.5
                    ],
                    "texture": "#0"
                },
                "north": {
                    "uv": [
                        4.5,
                        1,
                        1,
                        4.5
                    ],
                    "texture": "#0"
                },
                "west": {
                    "uv": [
                        4.5,
                        1,
                        1,
                        4.5
                    ],
                    "texture": "#0"
                },
                "up": {
                    "uv": [
                        4.5,
                        1,
                        1,
                        4.5
                    ],
                    "texture": "#0"
                },
                "down": {
                    "uv": [
                        4.5,
                        1,
                        1,
                        4.5
                    ],
                    "texture": "#0"
                }
            }
        },
        {
            "rotation": {
                "origin": [
                    7.5,
                    2,
                    9
                ],
                "angle": 0,
                "axis": "y"
            },
            "from": [
                6,
                5,
                6
            ],
            "to": [
                10,
                10,
                10
            ],
            "faces": {
                "east": {
                    "uv": [
                        4.5,
                        1,
                        1,
                        4.5
                    ],
                    "texture": "#0"
                },
                "south": {
                    "uv": [
                        4.5,
                        1,
                        1,
                        4.5
                    ],
                    "texture": "#0"
                },
                "north": {
                    "uv": [
                        4.5,
                        1,
                        1,
                        4.5
                    ],
                    "texture": "#0"
                },
                "west": {
                    "uv": [
                        4.5,
                        1,
                        1,
                        4.5
                    ],
                    "texture": "#0"
                },
                "down": {
                    "uv": [
                        4.5,
                        1,
                        1,
                        4.5
                    ],
                    "texture": "#0"
                }
            }
        }
    ],
    "display": {
        "head": {
            "rotation": [
                -25,
                0,
                0
            ],
            "translation": [
                0,
                -13.25,
                0
            ],
            "scale": [
                1.5,
                1.5,
                1.5
            ]
        },
        "gui": {
            "rotation": [
                40,
                145,
                -10
            ],
            "translation": [
                1.5,
                0,
                0
            ],
            "scale": [
                0.5,
                0.5,
                0.5
            ]
        }
    },
    "credit": "© 2015-2021 MadstonMagic. All rights reserved. Made using BlockBench"
}