{
    "textures": {
        "0": "pokemon/43_oddish/leaf",
        "1": "pokemon/43_oddish/oddish",
        "2": "pokemon/43_oddish/leaf_2",
        "particle": "pokemon/43_oddish/leaf"
    },
    "elements": [
        {
            "rotation": {
                "origin": [
                    8,
                    -4.5,
                    8
                ],
                "angle": 0,
                "axis": "y"
            },
            "from": [
                6,
                -5,
                6.5
            ],
            "to": [
                10,
                0,
                10.5
            ],
            "faces": {
                "east": {
                    "uv": [
                        1,
                        1,
                        4.5,
                        4.5
                    ],
                    "texture": "#1"
                },
                "south": {
                    "uv": [
                        1,
                        1,
                        4.5,
                        4.5
                    ],
                    "texture": "#1"
                },
                "north": {
                    "uv": [
                        1,
                        1,
                        4.5,
                        4.5
                    ],
                    "texture": "#1"
                },
                "west": {
                    "uv": [
                        1,
                        1,
                        4.5,
                        4.5
                    ],
                    "texture": "#1"
                },
                "up": {
                    "uv": [
                        1,
                        1,
                        4.5,
                        4.5
                    ],
                    "texture": "#1"
                },
                "down": {
                    "uv": [
                        1,
                        1,
                        4.5,
                        4.5
                    ],
                    "texture": "#1"
                }
            }
        },
        {
            "rotation": {
                "origin": [
                    8,
                    -4.5,
                    8
                ],
                "angle": -45,
                "axis": "y"
            },
            "from": [
                8.70711,
                -6.5,
                5.5
            ],
            "to": [
                10.20711,
                -5.5,
                8
            ],
            "faces": {
                "east": {
                    "uv": [
                        1,
                        1,
                        4.5,
                        4.5
                    ],
                    "texture": "#1"
                },
                "south": {
                    "uv": [
                        1,
                        1,
                        4.5,
                        4.5
                    ],
                    "texture": "#1"
                },
                "north": {
                    "uv": [
                        1,
                        1,
                        4.5,
                        4.5
                    ],
                    "texture": "#1"
                },
                "west": {
                    "uv": [
                        1,
                        1,
                        4.5,
                        4.5
                    ],
                    "texture": "#1"
                },
                "up": {
                    "uv": [
                        1,
                        1,
                        4.5,
                        4.5
                    ],
                    "texture": "#1"
                },
                "down": {
                    "uv": [
                        1,
                        1,
                        4.5,
                        4.5
                    ],
                    "texture": "#1"
                }
            }
        },
        {
            "rotation": {
                "origin": [
                    8,
                    -4.5,
                    8
                ],
                "angle": -45,
                "axis": "y"
            },
            "from": [
                8.95711,
                -5.5,
                7
            ],
            "to": [
                9.95711,
                -4.5,
                8
            ],
            "faces": {
                "east": {
                    "uv": [
                        1,
                        1,
                        4.5,
                        4.5
                    ],
                    "texture": "#1"
                },
                "south": {
                    "uv": [
                        1,
                        1,
                        4.5,
                        4.5
                    ],
                    "texture": "#1"
                },
                "north": {
                    "uv": [
                        1,
                        1,
                        4.5,
                        4.5
                    ],
                    "texture": "#1"
                },
                "west": {
                    "uv": [
                        1,
                        1,
                        4.5,
                        4.5
                    ],
                    "texture": "#1"
                },
                "up": {
                    "uv": [
                        1,
                        1,
                        4.5,
                        4.5
                    ],
                    "texture": "#1"
                }
            }
        },
        {
            "rotation": {
                "origin": [
                    8,
                    -4.5,
                    8
                ],
                "angle": 45,
                "axis": "y"
            },
            "from": [
                6.04289,
                -5.5,
                7
            ],
            "to": [
                7.04289,
                -4.5,
                8
            ],
            "faces": {
                "east": {
                    "uv": [
                        4.5,
                        1,
                        1,
                        4.5
                    ],
                    "texture": "#1"
                },
                "south": {
                    "uv": [
                        4.5,
                        1,
                        1,
                        4.5
                    ],
                    "texture": "#1"
                },
                "north": {
                    "uv": [
                        4.5,
                        1,
                        1,
                        4.5
                    ],
                    "texture": "#1"
                },
                "west": {
                    "uv": [
                        4.5,
                        1,
                        1,
                        4.5
                    ],
                    "texture": "#1"
                },
                "up": {
                    "uv": [
                        4.5,
                        1,
                        1,
                        4.5
                    ],
                    "texture": "#1"
                }
            }
        },
        {
            "rotation": {
                "origin": [
                    8,
                    -4.5,
                    8
                ],
                "angle": 45,
                "axis": "y"
            },
            "from": [
                5.79289,
                -6.5,
                5.5
            ],
            "to": [
                7.29289,
                -5.5,
                8
            ],
            "faces": {
                "east": {
                    "uv": [
                        4.5,
                        1,
                        1,
                        4.5
                    ],
                    "texture": "#1"
                },
                "south": {
                    "uv": [
                        4.5,
                        1,
                        1,
                        4.5
                    ],
                    "texture": "#1"
                },
                "north": {
                    "uv": [
                        4.5,
                        1,
                        1,
                        4.5
                    ],
                    "texture": "#1"
                },
                "west": {
                    "uv": [
                        4.5,
                        1,
                        1,
                        4.5
                    ],
                    "texture": "#1"
                },
                "up": {
                    "uv": [
                        4.5,
                        1,
                        1,
                        4.5
                    ],
                    "texture": "#1"
                },
                "down": {
                    "uv": [
                        4.5,
                        1,
                        1,
                        4.5
                    ],
                    "texture": "#1"
                }
            }
        },
        {
            "rotation": {
                "origin": [
                    8,
                    -4.5,
                    8
                ],
                "angle": 0,
                "axis": "y"
            },
            "from": [
                5.5,
                -4.5,
                6.5
            ],
            "to": [
                10.5,
                -0.5,
                10.5
            ],
            "faces": {
                "east": {
                    "uv": [
                        1,
                        1,
                        4.5,
                        4.5
                    ],
                    "texture": "#1"
                },
                "south": {
                    "uv": [
                        1,
                        1,
                        4.5,
                        4.5
                    ],
                    "texture": "#1"
                },
                "north": {
                    "uv": [
                        1,
                        1,
                        4.5,
                        4.5
                    ],
                    "texture": "#1"
                },
                "west": {
                    "uv": [
                        1,
                        1,
                        4.5,
                        4.5
                    ],
                    "texture": "#1"
                },
                "up": {
                    "uv": [
                        1,
                        1,
                        4.5,
                        4.5
                    ],
                    "texture": "#1"
                },
                "down": {
                    "uv": [
                        1,
                        1,
                        4.5,
                        4.5
                    ],
                    "texture": "#1"
                }
            }
        },
        {
            "rotation": {
                "origin": [
                    8,
                    -4.5,
                    8
                ],
                "angle": 0,
                "axis": "y"
            },
            "from": [
                6,
                -4.5,
                6
            ],
            "to": [
                10,
                -0.5,
                11
            ],
            "faces": {
                "east": {
                    "uv": [
                        1,
                        1,
                        4.5,
                        4.5
                    ],
                    "texture": "#1"
                },
                "south": {
                    "uv": [
                        1,
                        1,
                        4.5,
                        4.5
                    ],
                    "texture": "#1"
                },
                "north": {
                    "uv": [
                        1,
                        1,
                        4.5,
                        4.5
                    ],
                    "texture": "#1"
                },
                "west": {
                    "uv": [
                        1,
                        1,
                        4.5,
                        4.5
                    ],
                    "texture": "#1"
                },
                "up": {
                    "uv": [
                        1,
                        1,
                        4.5,
                        4.5
                    ],
                    "texture": "#1"
                },
                "down": {
                    "uv": [
                        1,
                        1,
                        4.5,
                        4.5
                    ],
                    "texture": "#1"
                }
            }
        },
        {
            "rotation": {
                "origin": [
                    8,
                    -4.5,
                    8
                ],
                "angle": 0,
                "axis": "y"
            },
            "from": [
                6.5,
                -2,
                5.99219
            ],
            "to": [
                7,
                -1.5,
                6.24219
            ],
            "faces": {"north": {
                "uv": [
                    6,
                    0.5,
                    15.5,
                    10
                ],
                "texture": "#1"
            }}
        },
        {
            "rotation": {
                "origin": [
                    8,
                    -4.5,
                    8
                ],
                "angle": 0,
                "axis": "y"
            },
            "from": [
                7.625,
                -3.5,
                5.99219
            ],
            "to": [
                8.5,
                -2.5,
                6.24219
            ],
            "faces": {"north": {
                "uv": [
                    0.5,
                    6,
                    5.5,
                    10
                ],
                "texture": "#1"
            }}
        },
        {
            "rotation": {
                "origin": [
                    8,
                    0,
                    7.5
                ],
                "angle": 45,
                "axis": "x"
            },
            "from": [
                6.625,
                -0.5,
                7.49219
            ],
            "to": [
                9.5,
                7.5,
                7.49719
            ],
            "faces": {
                "south": {
                    "uv": [
                        0.25,
                        14.25,
                        15.5,
                        7.5
                    ],
                    "texture": "#0",
                    "rotation": 270
                },
                "north": {
                    "uv": [
                        0.25,
                        7.5,
                        15.5,
                        14.25
                    ],
                    "texture": "#0",
                    "rotation": 270
                }
            }
        },
        {
            "rotation": {
                "origin": [
                    6,
                    0,
                    8
                ],
                "angle": 45,
                "axis": "x"
            },
            "from": [
                3.125,
                -0.5,
                7.99219
            ],
            "to": [
                8,
                6.5,
                7.99719
            ],
            "faces": {
                "south": {
                    "uv": [
                        13,
                        0.25,
                        0.25,
                        11.75
                    ],
                    "texture": "#2"
                },
                "north": {
                    "uv": [
                        0.25,
                        0.25,
                        13,
                        11.75
                    ],
                    "texture": "#2"
                }
            }
        },
        {
            "rotation": {
                "origin": [
                    10,
                    0,
                    8
                ],
                "angle": 45,
                "axis": "x"
            },
            "from": [
                8,
                -0.5,
                7.99219
            ],
            "to": [
                12.875,
                6.5,
                7.99719
            ],
            "faces": {
                "south": {
                    "uv": [
                        0.25,
                        0.25,
                        13,
                        11.75
                    ],
                    "texture": "#2"
                },
                "north": {
                    "uv": [
                        13,
                        0.25,
                        0.25,
                        11.75
                    ],
                    "texture": "#2"
                }
            }
        },
        {
            "rotation": {
                "origin": [
                    6,
                    -0.5,
                    7.25
                ],
                "angle": 45,
                "axis": "x"
            },
            "from": [
                1.125,
                0,
                7.24219
            ],
            "to": [
                7.5,
                3.5,
                7.24719
            ],
            "faces": {
                "south": {
                    "uv": [
                        16,
                        0.25,
                        0,
                        7.25
                    ],
                    "texture": "#0"
                },
                "north": {
                    "uv": [
                        0,
                        0.25,
                        16,
                        7.25
                    ],
                    "texture": "#0"
                }
            }
        },
        {
            "rotation": {
                "origin": [
                    10,
                    -0.5,
                    7.25
                ],
                "angle": 45,
                "axis": "x"
            },
            "from": [
                8.5,
                0,
                7.24219
            ],
            "to": [
                14.875,
                3.5,
                7.24719
            ],
            "faces": {
                "south": {
                    "uv": [
                        0,
                        0.25,
                        16,
                        7.25
                    ],
                    "texture": "#0"
                },
                "north": {
                    "uv": [
                        16,
                        0.25,
                        0,
                        7.25
                    ],
                    "texture": "#0"
                }
            }
        },
        {
            "rotation": {
                "origin": [
                    8,
                    -4.5,
                    8
                ],
                "angle": 0,
                "axis": "y"
            },
            "from": [
                9,
                -2,
                5.99219
            ],
            "to": [
                9.5,
                -1.5,
                6.24219
            ],
            "faces": {"north": {
                "uv": [
                    6,
                    0.5,
                    15.5,
                    10
                ],
                "texture": "#1"
            }}
        }
    ],
    "display": {
        "head": {
            "translation": [
                0,
                -18.15,
                0
            ],
            "scale": [
                1.75,
                1.75,
                1.75
            ]
        },
        "gui": {
            "rotation": [
                30,
                135,
                0
            ],
            "translation": [
                -0.75,
                6.5,
                0
            ],
            "scale": [
                1,
                1,
                1
            ]
        }
    },
    "credit": "© 2015-2022 MadstonMagic. All rights reserved. https://madstonmagic.github.io/shop/. Made using BlockBench"
}