{
    "textures": {
        "1": "pokemon/45_vileplume/leaf",
        "2": "pokemon/45_vileplume/vileplume",
        "particle": "pokemon/45_vileplume/eye"
    },
    "elements": [
        {
            "rotation": {
                "origin": [
                    8.5,
                    2.5,
                    8
                ],
                "angle": 0,
                "axis": "y"
            },
            "from": [
                5,
                2.5,
                5.5
            ],
            "to": [
                11,
                6,
                10.5
            ],
            "faces": {
                "east": {
                    "uv": [
                        1,
                        1,
                        4.5,
                        4.5
                    ],
                    "texture": "#2"
                },
                "south": {
                    "uv": [
                        1,
                        1,
                        4.5,
                        4.5
                    ],
                    "texture": "#2"
                },
                "north": {
                    "uv": [
                        1,
                        1,
                        4.5,
                        4.5
                    ],
                    "texture": "#2"
                },
                "west": {
                    "uv": [
                        1,
                        1,
                        4.5,
                        4.5
                    ],
                    "texture": "#2"
                },
                "up": {
                    "uv": [
                        1,
                        1,
                        4.5,
                        4.5
                    ],
                    "texture": "#2"
                },
                "down": {
                    "uv": [
                        1,
                        1,
                        4.5,
                        4.5
                    ],
                    "texture": "#2"
                }
            }
        },
        {
            "rotation": {
                "origin": [
                    5,
                    5.5,
                    8
                ],
                "angle": 45,
                "axis": "z"
            },
            "from": [
                3.9375,
                5,
                7
            ],
            "to": [
                5,
                5.5,
                8
            ],
            "faces": {
                "south": {
                    "uv": [
                        1,
                        1,
                        4.5,
                        4.5
                    ],
                    "texture": "#2"
                },
                "north": {
                    "uv": [
                        1,
                        1,
                        4.5,
                        4.5
                    ],
                    "texture": "#2"
                },
                "up": {
                    "uv": [
                        1,
                        1,
                        4.5,
                        4.5
                    ],
                    "texture": "#2"
                },
                "down": {
                    "uv": [
                        1,
                        1,
                        4.5,
                        4.5
                    ],
                    "texture": "#2"
                }
            }
        },
        {
            "rotation": {
                "origin": [
                    4.41405,
                    4.92273,
                    8
                ],
                "angle": 22.5,
                "axis": "z"
            },
            "from": [
                2.41405,
                4.29773,
                6.875
            ],
            "to": [
                4.41405,
                5.04773,
                8.125
            ],
            "faces": {
                "east": {
                    "uv": [
                        1,
                        1,
                        4.5,
                        4.5
                    ],
                    "texture": "#2"
                },
                "south": {
                    "uv": [
                        1,
                        1,
                        4.5,
                        4.5
                    ],
                    "texture": "#2"
                },
                "north": {
                    "uv": [
                        1,
                        1,
                        4.5,
                        4.5
                    ],
                    "texture": "#2"
                },
                "west": {
                    "uv": [
                        1,
                        1,
                        4.5,
                        4.5
                    ],
                    "texture": "#2"
                },
                "up": {
                    "uv": [
                        1,
                        1,
                        4.5,
                        4.5
                    ],
                    "texture": "#2"
                },
                "down": {
                    "uv": [
                        1,
                        1,
                        4.5,
                        4.5
                    ],
                    "texture": "#2"
                }
            }
        },
        {
            "rotation": {
                "origin": [
                    11,
                    5.5,
                    8
                ],
                "angle": -45,
                "axis": "z"
            },
            "from": [
                11,
                5,
                7
            ],
            "to": [
                12.0625,
                5.5,
                8
            ],
            "faces": {
                "south": {
                    "uv": [
                        4.5,
                        1,
                        1,
                        4.5
                    ],
                    "texture": "#2"
                },
                "north": {
                    "uv": [
                        4.5,
                        1,
                        1,
                        4.5
                    ],
                    "texture": "#2"
                },
                "up": {
                    "uv": [
                        4.5,
                        1,
                        1,
                        4.5
                    ],
                    "texture": "#2"
                },
                "down": {
                    "uv": [
                        4.5,
                        1,
                        1,
                        4.5
                    ],
                    "texture": "#2"
                }
            }
        },
        {
            "rotation": {
                "origin": [
                    11.58595,
                    4.92273,
                    8
                ],
                "angle": -22.5,
                "axis": "z"
            },
            "from": [
                11.58595,
                4.29773,
                6.875
            ],
            "to": [
                13.58595,
                5.04773,
                8.125
            ],
            "faces": {
                "east": {
                    "uv": [
                        4.5,
                        1,
                        1,
                        4.5
                    ],
                    "texture": "#2"
                },
                "south": {
                    "uv": [
                        4.5,
                        1,
                        1,
                        4.5
                    ],
                    "texture": "#2"
                },
                "north": {
                    "uv": [
                        4.5,
                        1,
                        1,
                        4.5
                    ],
                    "texture": "#2"
                },
                "west": {
                    "uv": [
                        4.5,
                        1,
                        1,
                        4.5
                    ],
                    "texture": "#2"
                },
                "up": {
                    "uv": [
                        4.5,
                        1,
                        1,
                        4.5
                    ],
                    "texture": "#2"
                },
                "down": {
                    "uv": [
                        4.5,
                        1,
                        1,
                        4.5
                    ],
                    "texture": "#2"
                }
            }
        },
        {
            "rotation": {
                "origin": [
                    8,
                    2.5,
                    8
                ],
                "angle": 0,
                "axis": "y"
            },
            "from": [
                5.5,
                2,
                5.5
            ],
            "to": [
                10.5,
                6.5,
                10.5
            ],
            "faces": {
                "east": {
                    "uv": [
                        1,
                        1,
                        4.5,
                        4.5
                    ],
                    "texture": "#2"
                },
                "south": {
                    "uv": [
                        1,
                        1,
                        4.5,
                        4.5
                    ],
                    "texture": "#2"
                },
                "north": {
                    "uv": [
                        1,
                        1,
                        4.5,
                        4.5
                    ],
                    "texture": "#2"
                },
                "west": {
                    "uv": [
                        1,
                        1,
                        4.5,
                        4.5
                    ],
                    "texture": "#2"
                },
                "up": {
                    "uv": [
                        1,
                        1,
                        4.5,
                        4.5
                    ],
                    "texture": "#2"
                },
                "down": {
                    "uv": [
                        1,
                        1,
                        4.5,
                        4.5
                    ],
                    "texture": "#2"
                }
            }
        },
        {
            "rotation": {
                "origin": [
                    6.5,
                    0.5,
                    8
                ],
                "angle": 45,
                "axis": "y"
            },
            "from": [
                6,
                0.75,
                7.5
            ],
            "to": [
                7,
                2,
                8.5
            ],
            "faces": {
                "east": {
                    "uv": [
                        1,
                        1,
                        4.5,
                        4.5
                    ],
                    "texture": "#2"
                },
                "south": {
                    "uv": [
                        1,
                        1,
                        4.5,
                        4.5
                    ],
                    "texture": "#2"
                },
                "north": {
                    "uv": [
                        1,
                        1,
                        4.5,
                        4.5
                    ],
                    "texture": "#2"
                },
                "west": {
                    "uv": [
                        1,
                        1,
                        4.5,
                        4.5
                    ],
                    "texture": "#2"
                },
                "up": {
                    "uv": [
                        1,
                        1,
                        4.5,
                        4.5
                    ],
                    "texture": "#2"
                }
            }
        },
        {
            "rotation": {
                "origin": [
                    6.5,
                    0.5,
                    8
                ],
                "angle": 45,
                "axis": "y"
            },
            "from": [
                6,
                0,
                6.125
            ],
            "to": [
                7,
                0.75,
                8.5
            ],
            "faces": {
                "east": {
                    "uv": [
                        1,
                        1,
                        4.5,
                        4.5
                    ],
                    "texture": "#2"
                },
                "south": {
                    "uv": [
                        1,
                        1,
                        4.5,
                        4.5
                    ],
                    "texture": "#2"
                },
                "west": {
                    "uv": [
                        1,
                        1,
                        4.5,
                        4.5
                    ],
                    "texture": "#2"
                },
                "up": {
                    "uv": [
                        1,
                        1,
                        4.5,
                        4.5
                    ],
                    "texture": "#2"
                },
                "down": {
                    "uv": [
                        1,
                        1,
                        4.5,
                        4.5
                    ],
                    "texture": "#2"
                }
            }
        },
        {
            "rotation": {
                "origin": [
                    6.5,
                    0.5,
                    8
                ],
                "angle": 45,
                "axis": "y"
            },
            "from": [
                5.875,
                0,
                5.125
            ],
            "to": [
                7.125,
                0.875,
                7
            ],
            "faces": {
                "east": {
                    "uv": [
                        1,
                        1,
                        4.5,
                        4.5
                    ],
                    "texture": "#2"
                },
                "south": {
                    "uv": [
                        1,
                        1,
                        4.5,
                        4.5
                    ],
                    "texture": "#2"
                },
                "north": {
                    "uv": [
                        1,
                        1,
                        4.5,
                        4.5
                    ],
                    "texture": "#2"
                },
                "west": {
                    "uv": [
                        1,
                        1,
                        4.5,
                        4.5
                    ],
                    "texture": "#2"
                },
                "up": {
                    "uv": [
                        1,
                        1,
                        4.5,
                        4.5
                    ],
                    "texture": "#2"
                },
                "down": {
                    "uv": [
                        1,
                        1,
                        4.5,
                        4.5
                    ],
                    "texture": "#2"
                }
            }
        },
        {
            "rotation": {
                "origin": [
                    9.5,
                    0.5,
                    8
                ],
                "angle": -45,
                "axis": "y"
            },
            "from": [
                8.875,
                0,
                5.125
            ],
            "to": [
                10.125,
                0.875,
                7
            ],
            "faces": {
                "east": {
                    "uv": [
                        4.5,
                        1,
                        1,
                        4.5
                    ],
                    "texture": "#2"
                },
                "south": {
                    "uv": [
                        4.5,
                        1,
                        1,
                        4.5
                    ],
                    "texture": "#2"
                },
                "north": {
                    "uv": [
                        4.5,
                        1,
                        1,
                        4.5
                    ],
                    "texture": "#2"
                },
                "west": {
                    "uv": [
                        4.5,
                        1,
                        1,
                        4.5
                    ],
                    "texture": "#2"
                },
                "up": {
                    "uv": [
                        4.5,
                        1,
                        1,
                        4.5
                    ],
                    "texture": "#2"
                },
                "down": {
                    "uv": [
                        4.5,
                        1,
                        1,
                        4.5
                    ],
                    "texture": "#2"
                }
            }
        },
        {
            "rotation": {
                "origin": [
                    9.5,
                    0.5,
                    8
                ],
                "angle": -45,
                "axis": "y"
            },
            "from": [
                9,
                0.75,
                7.5
            ],
            "to": [
                10,
                2,
                8.5
            ],
            "faces": {
                "east": {
                    "uv": [
                        4.5,
                        1,
                        1,
                        4.5
                    ],
                    "texture": "#2"
                },
                "south": {
                    "uv": [
                        4.5,
                        1,
                        1,
                        4.5
                    ],
                    "texture": "#2"
                },
                "north": {
                    "uv": [
                        4.5,
                        1,
                        1,
                        4.5
                    ],
                    "texture": "#2"
                },
                "west": {
                    "uv": [
                        4.5,
                        1,
                        1,
                        4.5
                    ],
                    "texture": "#2"
                },
                "up": {
                    "uv": [
                        4.5,
                        1,
                        1,
                        4.5
                    ],
                    "texture": "#2"
                }
            }
        },
        {
            "rotation": {
                "origin": [
                    9.5,
                    0.5,
                    8
                ],
                "angle": -45,
                "axis": "y"
            },
            "from": [
                9,
                0,
                6.125
            ],
            "to": [
                10,
                0.75,
                8.5
            ],
            "faces": {
                "east": {
                    "uv": [
                        4.5,
                        1,
                        1,
                        4.5
                    ],
                    "texture": "#2"
                },
                "south": {
                    "uv": [
                        4.5,
                        1,
                        1,
                        4.5
                    ],
                    "texture": "#2"
                },
                "west": {
                    "uv": [
                        4.5,
                        1,
                        1,
                        4.5
                    ],
                    "texture": "#2"
                },
                "up": {
                    "uv": [
                        4.5,
                        1,
                        1,
                        4.5
                    ],
                    "texture": "#2"
                },
                "down": {
                    "uv": [
                        4.5,
                        1,
                        1,
                        4.5
                    ],
                    "texture": "#2"
                }
            }
        },
        {
            "rotation": {
                "origin": [
                    8,
                    2.75,
                    7.45313
                ],
                "angle": 0,
                "axis": "y"
            },
            "from": [
                6.75,
                6.5,
                6.20313
            ],
            "to": [
                9.25,
                9.625,
                6.82813
            ],
            "faces": {
                "east": {
                    "uv": [
                        1,
                        6,
                        4.5,
                        9.5
                    ],
                    "texture": "#2"
                },
                "south": {
                    "uv": [
                        7,
                        7,
                        10,
                        10
                    ],
                    "texture": "#2"
                },
                "north": {
                    "uv": [
                        1,
                        6,
                        4.5,
                        9.5
                    ],
                    "texture": "#2"
                },
                "west": {
                    "uv": [
                        1,
                        6,
                        4.5,
                        9.5
                    ],
                    "texture": "#2"
                },
                "up": {
                    "uv": [
                        1,
                        6,
                        4.5,
                        9.5
                    ],
                    "texture": "#2"
                }
            }
        },
        {
            "rotation": {
                "origin": [
                    8,
                    2.75,
                    8.54688
                ],
                "angle": 0,
                "axis": "y"
            },
            "from": [
                6.75,
                6.5,
                9.17188
            ],
            "to": [
                9.25,
                9.625,
                9.79688
            ],
            "faces": {
                "east": {
                    "uv": [
                        1,
                        6,
                        4.5,
                        9.5
                    ],
                    "texture": "#2"
                },
                "south": {
                    "uv": [
                        1,
                        6,
                        4.5,
                        9.5
                    ],
                    "texture": "#2"
                },
                "north": {
                    "uv": [
                        7,
                        7,
                        10,
                        10
                    ],
                    "texture": "#2"
                },
                "west": {
                    "uv": [
                        1,
                        6,
                        4.5,
                        9.5
                    ],
                    "texture": "#2"
                },
                "up": {
                    "uv": [
                        1,
                        6,
                        4.5,
                        9.5
                    ],
                    "texture": "#2"
                }
            }
        },
        {
            "rotation": {
                "origin": [
                    7.45313,
                    2.75,
                    8
                ],
                "angle": 0,
                "axis": "y"
            },
            "from": [
                6.20313,
                6.5,
                6.75
            ],
            "to": [
                6.82813,
                9.625,
                9.25
            ],
            "faces": {
                "east": {
                    "uv": [
                        7,
                        7,
                        10,
                        10
                    ],
                    "texture": "#2"
                },
                "south": {
                    "uv": [
                        1,
                        6,
                        4.5,
                        9.5
                    ],
                    "texture": "#2"
                },
                "north": {
                    "uv": [
                        1,
                        6,
                        4.5,
                        9.5
                    ],
                    "texture": "#2"
                },
                "west": {
                    "uv": [
                        1,
                        6,
                        4.5,
                        9.5
                    ],
                    "texture": "#2"
                },
                "up": {
                    "uv": [
                        1,
                        6,
                        4.5,
                        9.5
                    ],
                    "texture": "#2",
                    "rotation": 90
                }
            }
        },
        {
            "rotation": {
                "origin": [
                    7.60938,
                    2.75,
                    8.15625
                ],
                "angle": 0,
                "axis": "y"
            },
            "from": [
                7.21875,
                6.5,
                7.21875
            ],
            "to": [
                8.78125,
                9,
                8.78125
            ],
            "faces": {
                "east": {
                    "uv": [
                        1,
                        6,
                        4.5,
                        9.5
                    ],
                    "texture": "#2",
                    "rotation": 90
                },
                "south": {
                    "uv": [
                        1,
                        6,
                        4.5,
                        9.5
                    ],
                    "texture": "#2",
                    "rotation": 90
                },
                "north": {
                    "uv": [
                        1,
                        6,
                        4.5,
                        9.5
                    ],
                    "texture": "#2",
                    "rotation": 90
                },
                "west": {
                    "uv": [
                        1,
                        6,
                        4.5,
                        9.5
                    ],
                    "texture": "#2",
                    "rotation": 90
                },
                "up": {
                    "uv": [
                        1,
                        6,
                        4.5,
                        9.5
                    ],
                    "texture": "#2",
                    "rotation": 90
                }
            }
        },
        {
            "rotation": {
                "origin": [
                    8.54688,
                    2.75,
                    8
                ],
                "angle": 0,
                "axis": "y"
            },
            "from": [
                9.17188,
                6.5,
                6.75
            ],
            "to": [
                9.79688,
                9.625,
                9.25
            ],
            "faces": {
                "east": {
                    "uv": [
                        1,
                        6,
                        4.5,
                        9.5
                    ],
                    "texture": "#2"
                },
                "south": {
                    "uv": [
                        1,
                        6,
                        4.5,
                        9.5
                    ],
                    "texture": "#2"
                },
                "north": {
                    "uv": [
                        1,
                        6,
                        4.5,
                        9.5
                    ],
                    "texture": "#2"
                },
                "west": {
                    "uv": [
                        7,
                        7,
                        10,
                        10
                    ],
                    "texture": "#2"
                },
                "up": {
                    "uv": [
                        1,
                        6,
                        4.5,
                        9.5
                    ],
                    "texture": "#2",
                    "rotation": 90
                }
            }
        },
        {
            "rotation": {
                "origin": [
                    8,
                    3,
                    7.5
                ],
                "angle": 0,
                "axis": "y"
            },
            "from": [
                5.5,
                2.5,
                5
            ],
            "to": [
                10.5,
                5.5,
                11
            ],
            "faces": {
                "east": {
                    "uv": [
                        1,
                        1,
                        4.5,
                        4.5
                    ],
                    "texture": "#2"
                },
                "south": {
                    "uv": [
                        1,
                        1,
                        4.5,
                        4.5
                    ],
                    "texture": "#2"
                },
                "north": {
                    "uv": [
                        1,
                        1,
                        4.5,
                        4.5
                    ],
                    "texture": "#2"
                },
                "west": {
                    "uv": [
                        1,
                        1,
                        4.5,
                        4.5
                    ],
                    "texture": "#2"
                },
                "up": {
                    "uv": [
                        1,
                        1,
                        4.5,
                        4.5
                    ],
                    "texture": "#2"
                },
                "down": {
                    "uv": [
                        1,
                        1,
                        4.5,
                        4.5
                    ],
                    "texture": "#2"
                }
            }
        },
        {
            "rotation": {
                "origin": [
                    8,
                    3,
                    7.5
                ],
                "angle": 0,
                "axis": "y"
            },
            "from": [
                6,
                5.5,
                5
            ],
            "to": [
                10,
                8,
                8
            ],
            "faces": {
                "east": {
                    "uv": [
                        1,
                        1,
                        4.5,
                        4.5
                    ],
                    "texture": "#2"
                },
                "north": {
                    "uv": [
                        1,
                        1,
                        4.5,
                        4.5
                    ],
                    "texture": "#2"
                },
                "west": {
                    "uv": [
                        1,
                        1,
                        4.5,
                        4.5
                    ],
                    "texture": "#2"
                },
                "up": {
                    "uv": [
                        1,
                        1,
                        4.5,
                        4.5
                    ],
                    "texture": "#2"
                }
            }
        },
        {
            "rotation": {
                "origin": [
                    8.5,
                    4.5,
                    8
                ],
                "angle": 0,
                "axis": "y"
            },
            "from": [
                5.5,
                6,
                6
            ],
            "to": [
                10.5,
                8.5,
                10
            ],
            "faces": {
                "east": {
                    "uv": [
                        1,
                        1,
                        4.5,
                        4.5
                    ],
                    "texture": "#2"
                },
                "south": {
                    "uv": [
                        1,
                        1,
                        4.5,
                        4.5
                    ],
                    "texture": "#2"
                },
                "north": {
                    "uv": [
                        1,
                        1,
                        4.5,
                        4.5
                    ],
                    "texture": "#2"
                },
                "west": {
                    "uv": [
                        1,
                        1,
                        4.5,
                        4.5
                    ],
                    "texture": "#2"
                },
                "up": {
                    "uv": [
                        7,
                        7,
                        10,
                        10
                    ],
                    "texture": "#2"
                }
            }
        },
        {
            "rotation": {
                "origin": [
                    8,
                    5,
                    7.5
                ],
                "angle": 0,
                "axis": "y"
            },
            "from": [
                6,
                6,
                5.5
            ],
            "to": [
                10,
                8.5,
                10.5
            ],
            "faces": {
                "east": {
                    "uv": [
                        1,
                        1,
                        4.5,
                        4.5
                    ],
                    "texture": "#2"
                },
                "south": {
                    "uv": [
                        1,
                        1,
                        4.5,
                        4.5
                    ],
                    "texture": "#2"
                },
                "west": {
                    "uv": [
                        1,
                        1,
                        4.5,
                        4.5
                    ],
                    "texture": "#2"
                },
                "up": {
                    "uv": [
                        7,
                        7,
                        10,
                        10
                    ],
                    "texture": "#2"
                }
            }
        },
        {
            "rotation": {
                "origin": [
                    8.5,
                    5.5,
                    7.49219
                ],
                "angle": 0,
                "axis": "y"
            },
            "from": [
                6.25,
                5.5,
                4.99219
            ],
            "to": [
                7,
                6.25,
                5.11719
            ],
            "faces": {"north": {
                "uv": [
                    0.5,
                    0.5,
                    13,
                    13
                ],
                "texture": "#particle"
            }}
        },
        {
            "rotation": {
                "origin": [
                    10.5,
                    4.625,
                    7.49219
                ],
                "angle": 0,
                "axis": "y"
            },
            "from": [
                7.125,
                4.625,
                4.99219
            ],
            "to": [
                8.75,
                5,
                5.11719
            ],
            "faces": {"north": {
                "uv": [
                    13.5,
                    1,
                    15.5,
                    8.5
                ],
                "texture": "#2",
                "rotation": 90
            }}
        },
        {
            "rotation": {
                "origin": [
                    11.5,
                    5.5,
                    7.49219
                ],
                "angle": 0,
                "axis": "y"
            },
            "from": [
                9,
                5.5,
                4.99219
            ],
            "to": [
                9.75,
                6.25,
                5.11719
            ],
            "faces": {"north": {
                "uv": [
                    13,
                    0.5,
                    0.5,
                    13
                ],
                "texture": "#particle"
            }}
        },
        {
            "rotation": {
                "origin": [
                    6.75,
                    7.125,
                    8
                ],
                "angle": 0,
                "axis": "y"
            },
            "from": [
                3.625,
                7.125,
                1.125
            ],
            "to": [
                9.875,
                8.375,
                6.75
            ],
            "faces": {
                "east": {
                    "uv": [
                        7,
                        1,
                        10,
                        4
                    ],
                    "texture": "#2"
                },
                "north": {
                    "uv": [
                        7,
                        1,
                        10,
                        4
                    ],
                    "texture": "#2"
                },
                "west": {
                    "uv": [
                        7,
                        1,
                        10,
                        4
                    ],
                    "texture": "#2"
                },
                "up": {
                    "uv": [
                        7,
                        1,
                        10,
                        4
                    ],
                    "texture": "#2"
                },
                "down": {
                    "uv": [
                        7,
                        1,
                        10,
                        4
                    ],
                    "texture": "#2"
                }
            }
        },
        {
            "rotation": {
                "origin": [
                    6.75,
                    7.125,
                    8
                ],
                "angle": 0,
                "axis": "y"
            },
            "from": [
                4.25,
                7.125,
                1.75
            ],
            "to": [
                9.25,
                9,
                6.75
            ],
            "faces": {
                "east": {
                    "uv": [
                        7,
                        1,
                        10,
                        4
                    ],
                    "texture": "#2"
                },
                "south": {
                    "uv": [
                        7,
                        1,
                        10,
                        4
                    ],
                    "texture": "#2"
                },
                "north": {
                    "uv": [
                        7,
                        1,
                        10,
                        4
                    ],
                    "texture": "#2"
                },
                "west": {
                    "uv": [
                        7,
                        1,
                        10,
                        4
                    ],
                    "texture": "#2"
                },
                "up": {
                    "uv": [
                        0.25,
                        0.25,
                        14.5,
                        14.5
                    ],
                    "texture": "#1"
                }
            }
        },
        {
            "rotation": {
                "origin": [
                    7.375,
                    7.125,
                    8
                ],
                "angle": 0,
                "axis": "y"
            },
            "from": [
                4.875,
                7.125,
                9.25
            ],
            "to": [
                9.875,
                9,
                14.25
            ],
            "faces": {
                "east": {
                    "uv": [
                        10,
                        1,
                        7,
                        4
                    ],
                    "texture": "#2"
                },
                "south": {
                    "uv": [
                        10,
                        1,
                        7,
                        4
                    ],
                    "texture": "#2"
                },
                "north": {
                    "uv": [
                        10,
                        1,
                        7,
                        4
                    ],
                    "texture": "#2"
                },
                "west": {
                    "uv": [
                        10,
                        1,
                        7,
                        4
                    ],
                    "texture": "#2"
                },
                "up": {
                    "uv": [
                        0.25,
                        14.5,
                        14.5,
                        0.25
                    ],
                    "texture": "#1"
                }
            }
        },
        {
            "rotation": {
                "origin": [
                    7.375,
                    7.125,
                    8
                ],
                "angle": 0,
                "axis": "y"
            },
            "from": [
                4.25,
                7.125,
                9.25
            ],
            "to": [
                10.5,
                8.375,
                14.875
            ],
            "faces": {
                "east": {
                    "uv": [
                        10,
                        1,
                        7,
                        4
                    ],
                    "texture": "#2"
                },
                "south": {
                    "uv": [
                        10,
                        1,
                        7,
                        4
                    ],
                    "texture": "#2"
                },
                "west": {
                    "uv": [
                        10,
                        1,
                        7,
                        4
                    ],
                    "texture": "#2"
                },
                "up": {
                    "uv": [
                        7,
                        4,
                        10,
                        1
                    ],
                    "texture": "#2"
                },
                "down": {
                    "uv": [
                        7,
                        4,
                        10,
                        1
                    ],
                    "texture": "#2"
                }
            }
        },
        {
            "rotation": {
                "origin": [
                    9.25,
                    7.4375,
                    8
                ],
                "angle": 45,
                "axis": "y"
            },
            "from": [
                6.75,
                7.4375,
                9.25
            ],
            "to": [
                11.75,
                9.3125,
                14.25
            ],
            "faces": {
                "east": {
                    "uv": [
                        10,
                        1,
                        7,
                        4
                    ],
                    "texture": "#2"
                },
                "south": {
                    "uv": [
                        10,
                        1,
                        7,
                        4
                    ],
                    "texture": "#2"
                },
                "north": {
                    "uv": [
                        10,
                        1,
                        7,
                        4
                    ],
                    "texture": "#2"
                },
                "west": {
                    "uv": [
                        10,
                        1,
                        7,
                        4
                    ],
                    "texture": "#2"
                },
                "up": {
                    "uv": [
                        0.25,
                        14.5,
                        14.5,
                        0.25
                    ],
                    "texture": "#1"
                }
            }
        },
        {
            "rotation": {
                "origin": [
                    9.25,
                    7.4375,
                    8
                ],
                "angle": 45,
                "axis": "y"
            },
            "from": [
                6.125,
                7.4375,
                9.25
            ],
            "to": [
                12.375,
                8.6875,
                14.875
            ],
            "faces": {
                "east": {
                    "uv": [
                        10,
                        1,
                        7,
                        4
                    ],
                    "texture": "#2"
                },
                "south": {
                    "uv": [
                        10,
                        1,
                        7,
                        4
                    ],
                    "texture": "#2"
                },
                "west": {
                    "uv": [
                        10,
                        1,
                        7,
                        4
                    ],
                    "texture": "#2"
                },
                "up": {
                    "uv": [
                        7,
                        4,
                        10,
                        1
                    ],
                    "texture": "#2"
                },
                "down": {
                    "uv": [
                        7,
                        4,
                        10,
                        1
                    ],
                    "texture": "#2"
                }
            }
        },
        {
            "rotation": {
                "origin": [
                    7.375,
                    6.8125,
                    7.375
                ],
                "angle": 22.5,
                "axis": "y"
            },
            "from": [
                1.125,
                6.8125,
                4.875
            ],
            "to": [
                6.125,
                8.6875,
                9.875
            ],
            "faces": {
                "east": {
                    "uv": [
                        10,
                        1,
                        7,
                        4
                    ],
                    "texture": "#2"
                },
                "south": {
                    "uv": [
                        10,
                        1,
                        7,
                        4
                    ],
                    "texture": "#2"
                },
                "north": {
                    "uv": [
                        10,
                        1,
                        7,
                        4
                    ],
                    "texture": "#2"
                },
                "west": {
                    "uv": [
                        10,
                        1,
                        7,
                        4
                    ],
                    "texture": "#2"
                },
                "up": {
                    "uv": [
                        0.25,
                        14.5,
                        14.5,
                        0.25
                    ],
                    "texture": "#1",
                    "rotation": 90
                }
            }
        },
        {
            "rotation": {
                "origin": [
                    7.375,
                    6.8125,
                    7.375
                ],
                "angle": 22.5,
                "axis": "y"
            },
            "from": [
                0.5,
                6.8125,
                4.25
            ],
            "to": [
                6.125,
                8.0625,
                10.5
            ],
            "faces": {
                "east": {
                    "uv": [
                        10,
                        1,
                        7,
                        4
                    ],
                    "texture": "#2"
                },
                "south": {
                    "uv": [
                        10,
                        1,
                        7,
                        4
                    ],
                    "texture": "#2"
                },
                "north": {
                    "uv": [
                        10,
                        1,
                        7,
                        4
                    ],
                    "texture": "#2"
                },
                "west": {
                    "uv": [
                        10,
                        1,
                        7,
                        4
                    ],
                    "texture": "#2"
                },
                "up": {
                    "uv": [
                        7,
                        4,
                        10,
                        1
                    ],
                    "texture": "#2",
                    "rotation": 90
                },
                "down": {
                    "uv": [
                        7,
                        4,
                        10,
                        1
                    ],
                    "texture": "#2",
                    "rotation": 270
                }
            }
        },
        {
            "rotation": {
                "origin": [
                    8,
                    6.8125,
                    6.75
                ],
                "angle": 22.5,
                "axis": "y"
            },
            "from": [
                9.25,
                6.8125,
                4.25
            ],
            "to": [
                14.25,
                8.6875,
                9.25
            ],
            "faces": {
                "east": {
                    "uv": [
                        7,
                        1,
                        10,
                        4
                    ],
                    "texture": "#2"
                },
                "south": {
                    "uv": [
                        7,
                        1,
                        10,
                        4
                    ],
                    "texture": "#2"
                },
                "north": {
                    "uv": [
                        7,
                        1,
                        10,
                        4
                    ],
                    "texture": "#2"
                },
                "west": {
                    "uv": [
                        7,
                        1,
                        10,
                        4
                    ],
                    "texture": "#2"
                },
                "up": {
                    "uv": [
                        0.25,
                        0.25,
                        14.5,
                        14.5
                    ],
                    "texture": "#1",
                    "rotation": 90
                }
            }
        },
        {
            "rotation": {
                "origin": [
                    8,
                    6.8125,
                    6.75
                ],
                "angle": 22.5,
                "axis": "y"
            },
            "from": [
                9.25,
                6.8125,
                3.625
            ],
            "to": [
                14.875,
                8.0625,
                9.875
            ],
            "faces": {
                "east": {
                    "uv": [
                        7,
                        1,
                        10,
                        4
                    ],
                    "texture": "#2"
                },
                "south": {
                    "uv": [
                        7,
                        1,
                        10,
                        4
                    ],
                    "texture": "#2"
                },
                "north": {
                    "uv": [
                        7,
                        1,
                        10,
                        4
                    ],
                    "texture": "#2"
                },
                "west": {
                    "uv": [
                        7,
                        1,
                        10,
                        4
                    ],
                    "texture": "#2"
                },
                "up": {
                    "uv": [
                        7,
                        1,
                        10,
                        4
                    ],
                    "texture": "#2",
                    "rotation": 90
                },
                "down": {
                    "uv": [
                        7,
                        1,
                        10,
                        4
                    ],
                    "texture": "#2",
                    "rotation": 270
                }
            }
        }
    ],
    "display": {
        "head": {
            "translation": [
                0,
                -17.75,
                0
            ],
            "scale": [
                3.25,
                3.25,
                3.25
            ]
        },
        "gui": {
            "rotation": [
                30,
                135,
                0
            ],
            "translation": [
                0,
                2,
                0
            ],
            "scale": [
                1,
                1,
                1
            ]
        }
    },
    "credit": "© 2015-2021 MadstonMagic. All rights reserved. Made using BlockBench"
}