{
    "textures": {
        "0": "pokemon/72_tentacool/tentacool",
        "1": "pokemon/72_tentacool/eye",
        "particle": "pokemon/72_tentacool/tentacool"
    },
    "elements": [
        {
            "from": [
                5.5,
                6,
                6
            ],
            "to": [
                10.5,
                14.5,
                11
            ],
            "faces": {
                "east": {
                    "uv": [
                        1,
                        1,
                        4.5,
                        4.5
                    ],
                    "texture": "#0"
                },
                "south": {
                    "uv": [
                        1,
                        1,
                        4.5,
                        4.5
                    ],
                    "texture": "#0"
                },
                "north": {
                    "uv": [
                        1,
                        1,
                        4.5,
                        4.5
                    ],
                    "texture": "#0"
                },
                "west": {
                    "uv": [
                        1,
                        1,
                        4.5,
                        4.5
                    ],
                    "texture": "#0"
                },
                "up": {
                    "uv": [
                        1,
                        1,
                        4.5,
                        4.5
                    ],
                    "texture": "#0"
                },
                "down": {
                    "uv": [
                        1,
                        1,
                        4.5,
                        4.5
                    ],
                    "texture": "#0"
                }
            }
        },
        {
            "rotation": {
                "origin": [
                    7.5,
                    8.5,
                    9
                ],
                "angle": 0,
                "axis": "y"
            },
            "from": [
                5,
                13.5,
                7
            ],
            "to": [
                5.5,
                15,
                10
            ],
            "faces": {
                "east": {
                    "uv": [
                        1,
                        1,
                        4.5,
                        4.5
                    ],
                    "texture": "#0"
                },
                "south": {
                    "uv": [
                        1,
                        1,
                        4.5,
                        4.5
                    ],
                    "texture": "#0"
                },
                "north": {
                    "uv": [
                        1,
                        1,
                        4.5,
                        4.5
                    ],
                    "texture": "#0"
                },
                "west": {
                    "uv": [
                        1,
                        1,
                        4.5,
                        4.5
                    ],
                    "texture": "#0"
                },
                "up": {
                    "uv": [
                        1,
                        1,
                        4.5,
                        4.5
                    ],
                    "texture": "#0"
                },
                "down": {
                    "uv": [
                        1,
                        1,
                        4.5,
                        4.5
                    ],
                    "texture": "#0"
                }
            }
        },
        {
            "rotation": {
                "origin": [
                    5.5,
                    15,
                    9
                ],
                "angle": -22.5,
                "axis": "z"
            },
            "from": [
                5.5,
                13.5,
                7
            ],
            "to": [
                7,
                15,
                10
            ],
            "faces": {
                "east": {
                    "uv": [
                        1,
                        1,
                        4.5,
                        4.5
                    ],
                    "texture": "#0"
                },
                "south": {
                    "uv": [
                        1,
                        1,
                        4.5,
                        4.5
                    ],
                    "texture": "#0"
                },
                "north": {
                    "uv": [
                        1,
                        1,
                        4.5,
                        4.5
                    ],
                    "texture": "#0"
                },
                "west": {
                    "uv": [
                        1,
                        1,
                        4.5,
                        4.5
                    ],
                    "texture": "#0"
                },
                "up": {
                    "uv": [
                        1,
                        1,
                        4.5,
                        4.5
                    ],
                    "texture": "#0"
                },
                "down": {
                    "uv": [
                        1,
                        1,
                        4.5,
                        4.5
                    ],
                    "texture": "#0"
                }
            }
        },
        {
            "rotation": {
                "origin": [
                    10.5,
                    15,
                    9
                ],
                "angle": 22.5,
                "axis": "z"
            },
            "from": [
                9,
                13.5,
                7
            ],
            "to": [
                10.5,
                15,
                10
            ],
            "faces": {
                "east": {
                    "uv": [
                        4.5,
                        1,
                        1,
                        4.5
                    ],
                    "texture": "#0"
                },
                "south": {
                    "uv": [
                        4.5,
                        1,
                        1,
                        4.5
                    ],
                    "texture": "#0"
                },
                "north": {
                    "uv": [
                        4.5,
                        1,
                        1,
                        4.5
                    ],
                    "texture": "#0"
                },
                "west": {
                    "uv": [
                        4.5,
                        1,
                        1,
                        4.5
                    ],
                    "texture": "#0"
                },
                "up": {
                    "uv": [
                        4.5,
                        1,
                        1,
                        4.5
                    ],
                    "texture": "#0"
                },
                "down": {
                    "uv": [
                        4.5,
                        1,
                        1,
                        4.5
                    ],
                    "texture": "#0"
                }
            }
        },
        {
            "rotation": {
                "origin": [
                    8.5,
                    8.5,
                    9
                ],
                "angle": 0,
                "axis": "y"
            },
            "from": [
                10.5,
                13.5,
                7
            ],
            "to": [
                11,
                15,
                10
            ],
            "faces": {
                "east": {
                    "uv": [
                        4.5,
                        1,
                        1,
                        4.5
                    ],
                    "texture": "#0"
                },
                "south": {
                    "uv": [
                        4.5,
                        1,
                        1,
                        4.5
                    ],
                    "texture": "#0"
                },
                "north": {
                    "uv": [
                        4.5,
                        1,
                        1,
                        4.5
                    ],
                    "texture": "#0"
                },
                "west": {
                    "uv": [
                        4.5,
                        1,
                        1,
                        4.5
                    ],
                    "texture": "#0"
                },
                "up": {
                    "uv": [
                        4.5,
                        1,
                        1,
                        4.5
                    ],
                    "texture": "#0"
                },
                "down": {
                    "uv": [
                        4.5,
                        1,
                        1,
                        4.5
                    ],
                    "texture": "#0"
                }
            }
        },
        {
            "rotation": {
                "origin": [
                    8.5,
                    8,
                    8.5
                ],
                "angle": 0,
                "axis": "y"
            },
            "from": [
                10.5,
                13,
                6.5
            ],
            "to": [
                11,
                14.5,
                10.5
            ],
            "faces": {
                "east": {
                    "uv": [
                        4.5,
                        1,
                        1,
                        4.5
                    ],
                    "texture": "#0"
                },
                "south": {
                    "uv": [
                        4.5,
                        1,
                        1,
                        4.5
                    ],
                    "texture": "#0"
                },
                "north": {
                    "uv": [
                        4.5,
                        1,
                        1,
                        4.5
                    ],
                    "texture": "#0"
                },
                "west": {
                    "uv": [
                        4.5,
                        1,
                        1,
                        4.5
                    ],
                    "texture": "#0"
                },
                "up": {
                    "uv": [
                        4.5,
                        1,
                        1,
                        4.5
                    ],
                    "texture": "#0"
                },
                "down": {
                    "uv": [
                        4.5,
                        1,
                        1,
                        4.5
                    ],
                    "texture": "#0"
                }
            }
        },
        {
            "rotation": {
                "origin": [
                    7.5,
                    8,
                    8.5
                ],
                "angle": 0,
                "axis": "y"
            },
            "from": [
                5,
                13,
                6.5
            ],
            "to": [
                5.5,
                14.5,
                10.5
            ],
            "faces": {
                "east": {
                    "uv": [
                        1,
                        1,
                        4.5,
                        4.5
                    ],
                    "texture": "#0"
                },
                "south": {
                    "uv": [
                        1,
                        1,
                        4.5,
                        4.5
                    ],
                    "texture": "#0"
                },
                "north": {
                    "uv": [
                        1,
                        1,
                        4.5,
                        4.5
                    ],
                    "texture": "#0"
                },
                "west": {
                    "uv": [
                        1,
                        1,
                        4.5,
                        4.5
                    ],
                    "texture": "#0"
                },
                "up": {
                    "uv": [
                        1,
                        1,
                        4.5,
                        4.5
                    ],
                    "texture": "#0"
                },
                "down": {
                    "uv": [
                        1,
                        1,
                        4.5,
                        4.5
                    ],
                    "texture": "#0"
                }
            }
        },
        {
            "rotation": {
                "origin": [
                    6,
                    6,
                    8
                ],
                "angle": -22.5,
                "axis": "z"
            },
            "from": [
                5.625,
                0.5,
                8
            ],
            "to": [
                6.25,
                6.5,
                9
            ],
            "faces": {
                "east": {
                    "uv": [
                        0.5,
                        6.5,
                        4,
                        10
                    ],
                    "texture": "#0"
                },
                "south": {
                    "uv": [
                        0.5,
                        6.5,
                        4,
                        10
                    ],
                    "texture": "#0"
                },
                "north": {
                    "uv": [
                        0.5,
                        6.5,
                        4,
                        10
                    ],
                    "texture": "#0"
                },
                "west": {
                    "uv": [
                        0.5,
                        6.5,
                        4,
                        10
                    ],
                    "texture": "#0"
                },
                "up": {
                    "uv": [
                        0.5,
                        6.5,
                        4,
                        10
                    ],
                    "texture": "#0"
                },
                "down": {
                    "uv": [
                        0.5,
                        6.5,
                        4,
                        10
                    ],
                    "texture": "#0"
                }
            }
        },
        {
            "rotation": {
                "origin": [
                    10,
                    6,
                    8
                ],
                "angle": 22.5,
                "axis": "z"
            },
            "from": [
                9.75,
                0.5,
                8
            ],
            "to": [
                10.375,
                6.5,
                9
            ],
            "faces": {
                "east": {
                    "uv": [
                        4,
                        6.5,
                        0.5,
                        10
                    ],
                    "texture": "#0"
                },
                "south": {
                    "uv": [
                        4,
                        6.5,
                        0.5,
                        10
                    ],
                    "texture": "#0"
                },
                "north": {
                    "uv": [
                        4,
                        6.5,
                        0.5,
                        10
                    ],
                    "texture": "#0"
                },
                "west": {
                    "uv": [
                        4,
                        6.5,
                        0.5,
                        10
                    ],
                    "texture": "#0"
                },
                "up": {
                    "uv": [
                        4,
                        6.5,
                        0.5,
                        10
                    ],
                    "texture": "#0"
                },
                "down": {
                    "uv": [
                        4,
                        6.5,
                        0.5,
                        10
                    ],
                    "texture": "#0"
                }
            }
        },
        {
            "rotation": {
                "origin": [
                    3.625,
                    0.75,
                    8
                ],
                "angle": -45,
                "axis": "z"
            },
            "from": [
                3.25,
                -1.25,
                8
            ],
            "to": [
                3.875,
                1.25,
                9
            ],
            "faces": {
                "east": {
                    "uv": [
                        0.5,
                        6.5,
                        4,
                        10
                    ],
                    "texture": "#0"
                },
                "south": {
                    "uv": [
                        0.5,
                        6.5,
                        4,
                        10
                    ],
                    "texture": "#0"
                },
                "north": {
                    "uv": [
                        0.5,
                        6.5,
                        4,
                        10
                    ],
                    "texture": "#0"
                },
                "west": {
                    "uv": [
                        0.5,
                        6.5,
                        4,
                        10
                    ],
                    "texture": "#0"
                },
                "up": {
                    "uv": [
                        0.5,
                        6.5,
                        4,
                        10
                    ],
                    "texture": "#0"
                },
                "down": {
                    "uv": [
                        0.5,
                        6.5,
                        4,
                        10
                    ],
                    "texture": "#0"
                }
            }
        },
        {
            "rotation": {
                "origin": [
                    12.375,
                    0.75,
                    8
                ],
                "angle": 45,
                "axis": "z"
            },
            "from": [
                12.125,
                -1.25,
                8
            ],
            "to": [
                12.75,
                1.25,
                9
            ],
            "faces": {
                "east": {
                    "uv": [
                        4,
                        6.5,
                        0.5,
                        10
                    ],
                    "texture": "#0"
                },
                "south": {
                    "uv": [
                        4,
                        6.5,
                        0.5,
                        10
                    ],
                    "texture": "#0"
                },
                "north": {
                    "uv": [
                        4,
                        6.5,
                        0.5,
                        10
                    ],
                    "texture": "#0"
                },
                "west": {
                    "uv": [
                        4,
                        6.5,
                        0.5,
                        10
                    ],
                    "texture": "#0"
                },
                "up": {
                    "uv": [
                        4,
                        6.5,
                        0.5,
                        10
                    ],
                    "texture": "#0"
                },
                "down": {
                    "uv": [
                        4,
                        6.5,
                        0.5,
                        10
                    ],
                    "texture": "#0"
                }
            }
        },
        {
            "rotation": {
                "origin": [
                    2,
                    -0.625,
                    8
                ],
                "angle": 22.5,
                "axis": "z"
            },
            "from": [
                0,
                -0.875,
                7.625
            ],
            "to": [
                2.5,
                -0.375,
                9.375
            ],
            "faces": {
                "east": {
                    "uv": [
                        0.5,
                        6.5,
                        4,
                        10
                    ],
                    "texture": "#0",
                    "rotation": 90
                },
                "south": {
                    "uv": [
                        0.5,
                        6.5,
                        4,
                        10
                    ],
                    "texture": "#0",
                    "rotation": 90
                },
                "north": {
                    "uv": [
                        0.5,
                        6.5,
                        4,
                        10
                    ],
                    "texture": "#0",
                    "rotation": 270
                },
                "west": {
                    "uv": [
                        0.5,
                        6.5,
                        4,
                        10
                    ],
                    "texture": "#0",
                    "rotation": 90
                },
                "up": {
                    "uv": [
                        0.5,
                        6.5,
                        4,
                        10
                    ],
                    "texture": "#0",
                    "rotation": 90
                },
                "down": {
                    "uv": [
                        0.5,
                        6.5,
                        4,
                        10
                    ],
                    "texture": "#0",
                    "rotation": 90
                }
            }
        },
        {
            "rotation": {
                "origin": [
                    14,
                    -0.625,
                    8
                ],
                "angle": -22.5,
                "axis": "z"
            },
            "from": [
                13.5,
                -0.875,
                7.625
            ],
            "to": [
                16,
                -0.375,
                9.375
            ],
            "faces": {
                "east": {
                    "uv": [
                        0.5,
                        10,
                        4,
                        6.5
                    ],
                    "texture": "#0",
                    "rotation": 90
                },
                "south": {
                    "uv": [
                        0.5,
                        10,
                        4,
                        6.5
                    ],
                    "texture": "#0",
                    "rotation": 90
                },
                "north": {
                    "uv": [
                        0.5,
                        10,
                        4,
                        6.5
                    ],
                    "texture": "#0",
                    "rotation": 270
                },
                "west": {
                    "uv": [
                        0.5,
                        10,
                        4,
                        6.5
                    ],
                    "texture": "#0",
                    "rotation": 90
                },
                "up": {
                    "uv": [
                        0.5,
                        10,
                        4,
                        6.5
                    ],
                    "texture": "#0",
                    "rotation": 90
                },
                "down": {
                    "uv": [
                        0.5,
                        10,
                        4,
                        6.5
                    ],
                    "texture": "#0",
                    "rotation": 90
                }
            }
        },
        {
            "from": [
                5.5,
                6.5,
                5.5
            ],
            "to": [
                10.5,
                14,
                11.5
            ],
            "faces": {
                "east": {
                    "uv": [
                        1,
                        1,
                        4.5,
                        4.5
                    ],
                    "texture": "#0"
                },
                "south": {
                    "uv": [
                        1,
                        1,
                        4.5,
                        4.5
                    ],
                    "texture": "#0"
                },
                "north": {
                    "uv": [
                        1,
                        1,
                        4.5,
                        4.5
                    ],
                    "texture": "#0"
                },
                "west": {
                    "uv": [
                        1,
                        1,
                        4.5,
                        4.5
                    ],
                    "texture": "#0"
                },
                "up": {
                    "uv": [
                        1,
                        1,
                        4.5,
                        4.5
                    ],
                    "texture": "#0"
                },
                "down": {
                    "uv": [
                        1,
                        1,
                        4.5,
                        4.5
                    ],
                    "texture": "#0"
                }
            }
        },
        {
            "rotation": {
                "origin": [
                    6,
                    9.5,
                    8
                ],
                "angle": 0,
                "axis": "y"
            },
            "from": [
                7.25,
                11,
                5.25
            ],
            "to": [
                8.75,
                13,
                5.75
            ],
            "faces": {
                "east": {
                    "uv": [
                        6.5,
                        1,
                        10,
                        4.5
                    ],
                    "texture": "#0"
                },
                "south": {
                    "uv": [
                        6.5,
                        1,
                        10,
                        4.5
                    ],
                    "texture": "#0"
                },
                "north": {
                    "uv": [
                        6.5,
                        1,
                        10,
                        4.5
                    ],
                    "texture": "#0"
                },
                "west": {
                    "uv": [
                        6.5,
                        1,
                        10,
                        4.5
                    ],
                    "texture": "#0"
                },
                "up": {
                    "uv": [
                        6.5,
                        1,
                        10,
                        4.5
                    ],
                    "texture": "#0"
                },
                "down": {
                    "uv": [
                        6.5,
                        1,
                        10,
                        4.5
                    ],
                    "texture": "#0"
                }
            }
        },
        {
            "rotation": {
                "origin": [
                    6,
                    9.25,
                    7.75
                ],
                "angle": 0,
                "axis": "y"
            },
            "from": [
                7.25,
                11.25,
                5
            ],
            "to": [
                8.75,
                12.75,
                5.5
            ],
            "faces": {
                "east": {
                    "uv": [
                        6.5,
                        1,
                        10,
                        4.5
                    ],
                    "texture": "#0"
                },
                "south": {
                    "uv": [
                        6.5,
                        1,
                        10,
                        4.5
                    ],
                    "texture": "#0"
                },
                "north": {
                    "uv": [
                        6.5,
                        1,
                        10,
                        4.5
                    ],
                    "texture": "#0"
                },
                "west": {
                    "uv": [
                        6.5,
                        1,
                        10,
                        4.5
                    ],
                    "texture": "#0"
                },
                "up": {
                    "uv": [
                        6.5,
                        1,
                        10,
                        4.5
                    ],
                    "texture": "#0"
                },
                "down": {
                    "uv": [
                        6.5,
                        1,
                        10,
                        4.5
                    ],
                    "texture": "#0"
                }
            }
        },
        {
            "rotation": {
                "origin": [
                    6.25,
                    9.25,
                    8
                ],
                "angle": 0,
                "axis": "y"
            },
            "from": [
                7,
                11.25,
                5.25
            ],
            "to": [
                9,
                12.75,
                5.75
            ],
            "faces": {
                "east": {
                    "uv": [
                        6.5,
                        1,
                        10,
                        4.5
                    ],
                    "texture": "#0"
                },
                "south": {
                    "uv": [
                        6.5,
                        1,
                        10,
                        4.5
                    ],
                    "texture": "#0"
                },
                "north": {
                    "uv": [
                        6.5,
                        1,
                        10,
                        4.5
                    ],
                    "texture": "#0"
                },
                "west": {
                    "uv": [
                        6.5,
                        1,
                        10,
                        4.5
                    ],
                    "texture": "#0"
                },
                "up": {
                    "uv": [
                        6.5,
                        1,
                        10,
                        4.5
                    ],
                    "texture": "#0"
                },
                "down": {
                    "uv": [
                        6.5,
                        1,
                        10,
                        4.5
                    ],
                    "texture": "#0"
                }
            }
        },
        {
            "rotation": {
                "origin": [
                    8,
                    8,
                    8.5
                ],
                "angle": 0,
                "axis": "y"
            },
            "from": [
                5.5,
                6.5,
                5
            ],
            "to": [
                10.5,
                7,
                6
            ],
            "faces": {
                "east": {
                    "uv": [
                        1,
                        1,
                        4.5,
                        4.5
                    ],
                    "texture": "#0"
                },
                "south": {
                    "uv": [
                        1,
                        1,
                        4.5,
                        4.5
                    ],
                    "texture": "#0"
                },
                "north": {
                    "uv": [
                        1,
                        1,
                        4.5,
                        4.5
                    ],
                    "texture": "#0"
                },
                "west": {
                    "uv": [
                        1,
                        1,
                        4.5,
                        4.5
                    ],
                    "texture": "#0"
                },
                "up": {
                    "uv": [
                        1,
                        1,
                        4.5,
                        4.5
                    ],
                    "texture": "#0"
                },
                "down": {
                    "uv": [
                        1,
                        1,
                        4.5,
                        4.5
                    ],
                    "texture": "#0"
                }
            }
        },
        {
            "rotation": {
                "origin": [
                    5.5,
                    7,
                    5
                ],
                "angle": 22.5,
                "axis": "x"
            },
            "from": [
                5.5,
                7,
                5
            ],
            "to": [
                10.5,
                8.5,
                6
            ],
            "faces": {
                "east": {
                    "uv": [
                        1,
                        1,
                        4.5,
                        4.5
                    ],
                    "texture": "#0"
                },
                "south": {
                    "uv": [
                        1,
                        1,
                        4.5,
                        4.5
                    ],
                    "texture": "#0"
                },
                "north": {
                    "uv": [
                        1,
                        1,
                        4.5,
                        4.5
                    ],
                    "texture": "#0"
                },
                "west": {
                    "uv": [
                        1,
                        1,
                        4.5,
                        4.5
                    ],
                    "texture": "#0"
                },
                "up": {
                    "uv": [
                        1,
                        1,
                        4.5,
                        4.5
                    ],
                    "texture": "#0"
                },
                "down": {
                    "uv": [
                        1,
                        1,
                        4.5,
                        4.5
                    ],
                    "texture": "#0"
                }
            }
        },
        {
            "rotation": {
                "origin": [
                    5.5,
                    7.00781,
                    5
                ],
                "angle": 22.5,
                "axis": "x"
            },
            "from": [
                5.5,
                7.00781,
                5
            ],
            "to": [
                7.5,
                7.88281,
                6
            ],
            "faces": {
                "east": {
                    "uv": [
                        3.75,
                        8,
                        7.25,
                        11.5
                    ],
                    "texture": "#1"
                },
                "south": {
                    "uv": [
                        3.75,
                        8,
                        7.25,
                        11.5
                    ],
                    "texture": "#1"
                },
                "north": {
                    "uv": [
                        0.25,
                        0.5,
                        15.75,
                        6.75
                    ],
                    "texture": "#1"
                },
                "west": {
                    "uv": [
                        3.75,
                        8,
                        7.25,
                        11.5
                    ],
                    "texture": "#1"
                },
                "up": {
                    "uv": [
                        3.75,
                        8,
                        7.25,
                        11.5
                    ],
                    "texture": "#1"
                },
                "down": {
                    "uv": [
                        3.75,
                        8,
                        7.25,
                        11.5
                    ],
                    "texture": "#1"
                }
            }
        },
        {
            "rotation": {
                "origin": [
                    10.5,
                    7.00781,
                    5
                ],
                "angle": 22.5,
                "axis": "x"
            },
            "from": [
                8.5,
                7.00781,
                5
            ],
            "to": [
                10.5,
                7.88281,
                6
            ],
            "faces": {
                "east": {
                    "uv": [
                        7.25,
                        8,
                        3.75,
                        11.5
                    ],
                    "texture": "#1"
                },
                "south": {
                    "uv": [
                        7.25,
                        8,
                        3.75,
                        11.5
                    ],
                    "texture": "#1"
                },
                "north": {
                    "uv": [
                        15.75,
                        0.5,
                        0.25,
                        6.75
                    ],
                    "texture": "#1"
                },
                "west": {
                    "uv": [
                        7.25,
                        8,
                        3.75,
                        11.5
                    ],
                    "texture": "#1"
                },
                "up": {
                    "uv": [
                        7.25,
                        8,
                        3.75,
                        11.5
                    ],
                    "texture": "#1"
                },
                "down": {
                    "uv": [
                        7.25,
                        8,
                        3.75,
                        11.5
                    ],
                    "texture": "#1"
                }
            }
        },
        {
            "rotation": {
                "origin": [
                    5,
                    9.25,
                    5
                ],
                "angle": 45,
                "axis": "x"
            },
            "from": [
                7,
                9.25,
                5
            ],
            "to": [
                9,
                12.25,
                6
            ],
            "faces": {
                "east": {
                    "uv": [
                        1,
                        1,
                        4.5,
                        4.5
                    ],
                    "texture": "#0"
                },
                "south": {
                    "uv": [
                        1,
                        1,
                        4.5,
                        4.5
                    ],
                    "texture": "#0"
                },
                "north": {
                    "uv": [
                        1,
                        1,
                        4.5,
                        4.5
                    ],
                    "texture": "#0"
                },
                "west": {
                    "uv": [
                        1,
                        1,
                        4.5,
                        4.5
                    ],
                    "texture": "#0"
                },
                "up": {
                    "uv": [
                        1,
                        1,
                        4.5,
                        4.5
                    ],
                    "texture": "#0"
                },
                "down": {
                    "uv": [
                        1,
                        1,
                        4.5,
                        4.5
                    ],
                    "texture": "#0"
                }
            }
        },
        {
            "rotation": {
                "origin": [
                    6.5,
                    7,
                    8.5
                ],
                "angle": 0,
                "axis": "y"
            },
            "from": [
                7.5,
                5,
                5
            ],
            "to": [
                8.5,
                6.5,
                6
            ],
            "faces": {
                "east": {
                    "uv": [
                        1,
                        1,
                        4.5,
                        4.5
                    ],
                    "texture": "#0"
                },
                "south": {
                    "uv": [
                        1,
                        1,
                        4.5,
                        4.5
                    ],
                    "texture": "#0"
                },
                "north": {
                    "uv": [
                        1,
                        1,
                        4.5,
                        4.5
                    ],
                    "texture": "#0"
                },
                "west": {
                    "uv": [
                        1,
                        1,
                        4.5,
                        4.5
                    ],
                    "texture": "#0"
                },
                "up": {
                    "uv": [
                        1,
                        1,
                        4.5,
                        4.5
                    ],
                    "texture": "#0"
                },
                "down": {
                    "uv": [
                        1,
                        1,
                        4.5,
                        4.5
                    ],
                    "texture": "#0"
                }
            }
        },
        {
            "rotation": {
                "origin": [
                    7.5,
                    7,
                    8.5
                ],
                "angle": 0,
                "axis": "y"
            },
            "from": [
                6.5,
                6,
                5
            ],
            "to": [
                9.5,
                6.5,
                6
            ],
            "faces": {
                "east": {
                    "uv": [
                        1,
                        1,
                        4.5,
                        4.5
                    ],
                    "texture": "#0"
                },
                "south": {
                    "uv": [
                        1,
                        1,
                        4.5,
                        4.5
                    ],
                    "texture": "#0"
                },
                "north": {
                    "uv": [
                        1,
                        1,
                        4.5,
                        4.5
                    ],
                    "texture": "#0"
                },
                "west": {
                    "uv": [
                        1,
                        1,
                        4.5,
                        4.5
                    ],
                    "texture": "#0"
                },
                "up": {
                    "uv": [
                        1,
                        1,
                        4.5,
                        4.5
                    ],
                    "texture": "#0"
                },
                "down": {
                    "uv": [
                        1,
                        1,
                        4.5,
                        4.5
                    ],
                    "texture": "#0"
                }
            }
        },
        {
            "rotation": {
                "origin": [
                    7.5,
                    5,
                    4.5
                ],
                "angle": -45,
                "axis": "z"
            },
            "from": [
                5.875,
                5,
                5
            ],
            "to": [
                7.5,
                5.75,
                6
            ],
            "faces": {
                "east": {
                    "uv": [
                        1,
                        1,
                        4.5,
                        4.5
                    ],
                    "texture": "#0"
                },
                "south": {
                    "uv": [
                        1,
                        1,
                        4.5,
                        4.5
                    ],
                    "texture": "#0"
                },
                "north": {
                    "uv": [
                        1,
                        1,
                        4.5,
                        4.5
                    ],
                    "texture": "#0"
                },
                "west": {
                    "uv": [
                        1,
                        1,
                        4.5,
                        4.5
                    ],
                    "texture": "#0"
                },
                "up": {
                    "uv": [
                        1,
                        1,
                        4.5,
                        4.5
                    ],
                    "texture": "#0"
                },
                "down": {
                    "uv": [
                        1,
                        1,
                        4.5,
                        4.5
                    ],
                    "texture": "#0"
                }
            }
        },
        {
            "rotation": {
                "origin": [
                    6.625,
                    6,
                    4.5
                ],
                "angle": -22.5,
                "axis": "z"
            },
            "from": [
                5,
                6,
                5
            ],
            "to": [
                6.625,
                6.5,
                6
            ],
            "faces": {
                "east": {
                    "uv": [
                        1,
                        1,
                        4.5,
                        4.5
                    ],
                    "texture": "#0"
                },
                "south": {
                    "uv": [
                        1,
                        1,
                        4.5,
                        4.5
                    ],
                    "texture": "#0"
                },
                "north": {
                    "uv": [
                        1,
                        1,
                        4.5,
                        4.5
                    ],
                    "texture": "#0"
                },
                "west": {
                    "uv": [
                        1,
                        1,
                        4.5,
                        4.5
                    ],
                    "texture": "#0"
                },
                "up": {
                    "uv": [
                        1,
                        1,
                        4.5,
                        4.5
                    ],
                    "texture": "#0"
                },
                "down": {
                    "uv": [
                        1,
                        1,
                        4.5,
                        4.5
                    ],
                    "texture": "#0"
                }
            }
        },
        {
            "rotation": {
                "origin": [
                    9.375,
                    6,
                    4.5
                ],
                "angle": 22.5,
                "axis": "z"
            },
            "from": [
                9.375,
                6,
                5
            ],
            "to": [
                11,
                6.5,
                6
            ],
            "faces": {
                "east": {
                    "uv": [
                        4.5,
                        1,
                        1,
                        4.5
                    ],
                    "texture": "#0"
                },
                "south": {
                    "uv": [
                        4.5,
                        1,
                        1,
                        4.5
                    ],
                    "texture": "#0"
                },
                "north": {
                    "uv": [
                        4.5,
                        1,
                        1,
                        4.5
                    ],
                    "texture": "#0"
                },
                "west": {
                    "uv": [
                        4.5,
                        1,
                        1,
                        4.5
                    ],
                    "texture": "#0"
                },
                "up": {
                    "uv": [
                        4.5,
                        1,
                        1,
                        4.5
                    ],
                    "texture": "#0"
                },
                "down": {
                    "uv": [
                        4.5,
                        1,
                        1,
                        4.5
                    ],
                    "texture": "#0"
                }
            }
        },
        {
            "rotation": {
                "origin": [
                    8.5,
                    5,
                    4.5
                ],
                "angle": 45,
                "axis": "z"
            },
            "from": [
                8.5,
                5,
                5
            ],
            "to": [
                10.125,
                5.75,
                6
            ],
            "faces": {
                "east": {
                    "uv": [
                        4.5,
                        1,
                        1,
                        4.5
                    ],
                    "texture": "#0"
                },
                "south": {
                    "uv": [
                        4.5,
                        1,
                        1,
                        4.5
                    ],
                    "texture": "#0"
                },
                "north": {
                    "uv": [
                        4.5,
                        1,
                        1,
                        4.5
                    ],
                    "texture": "#0"
                },
                "west": {
                    "uv": [
                        4.5,
                        1,
                        1,
                        4.5
                    ],
                    "texture": "#0"
                },
                "up": {
                    "uv": [
                        4.5,
                        1,
                        1,
                        4.5
                    ],
                    "texture": "#0"
                },
                "down": {
                    "uv": [
                        4.5,
                        1,
                        1,
                        4.5
                    ],
                    "texture": "#0"
                }
            }
        },
        {
            "rotation": {
                "origin": [
                    7,
                    7.75,
                    4.5
                ],
                "angle": -45,
                "axis": "z"
            },
            "from": [
                7,
                7.75,
                5
            ],
            "to": [
                8.41406,
                9.16406,
                6
            ],
            "faces": {
                "east": {
                    "uv": [
                        1,
                        1,
                        4.5,
                        4.5
                    ],
                    "texture": "#0",
                    "rotation": 90
                },
                "south": {
                    "uv": [
                        1,
                        1,
                        4.5,
                        4.5
                    ],
                    "texture": "#0",
                    "rotation": 90
                },
                "north": {
                    "uv": [
                        1,
                        1,
                        4.5,
                        4.5
                    ],
                    "texture": "#0",
                    "rotation": 270
                },
                "west": {
                    "uv": [
                        1,
                        1,
                        4.5,
                        4.5
                    ],
                    "texture": "#0",
                    "rotation": 90
                },
                "up": {
                    "uv": [
                        1,
                        1,
                        4.5,
                        4.5
                    ],
                    "texture": "#0",
                    "rotation": 90
                },
                "down": {
                    "uv": [
                        1,
                        1,
                        4.5,
                        4.5
                    ],
                    "texture": "#0",
                    "rotation": 90
                }
            }
        },
        {
            "rotation": {
                "origin": [
                    6,
                    7.625,
                    4.5
                ],
                "angle": 0,
                "axis": "z"
            },
            "from": [
                7,
                7.75,
                5
            ],
            "to": [
                9,
                9.25,
                6
            ],
            "faces": {
                "east": {
                    "uv": [
                        1,
                        1,
                        4.5,
                        4.5
                    ],
                    "texture": "#0",
                    "rotation": 90
                },
                "south": {
                    "uv": [
                        1,
                        1,
                        4.5,
                        4.5
                    ],
                    "texture": "#0",
                    "rotation": 90
                },
                "north": {
                    "uv": [
                        1,
                        1,
                        4.5,
                        4.5
                    ],
                    "texture": "#0",
                    "rotation": 270
                },
                "west": {
                    "uv": [
                        1,
                        1,
                        4.5,
                        4.5
                    ],
                    "texture": "#0",
                    "rotation": 90
                },
                "up": {
                    "uv": [
                        1,
                        1,
                        4.5,
                        4.5
                    ],
                    "texture": "#0",
                    "rotation": 90
                },
                "down": {
                    "uv": [
                        1,
                        1,
                        4.5,
                        4.5
                    ],
                    "texture": "#0",
                    "rotation": 90
                }
            }
        },
        {
            "from": [
                5,
                6.5,
                6
            ],
            "to": [
                11,
                14,
                11
            ],
            "faces": {
                "east": {
                    "uv": [
                        1,
                        1,
                        4.5,
                        4.5
                    ],
                    "texture": "#0"
                },
                "south": {
                    "uv": [
                        1,
                        1,
                        4.5,
                        4.5
                    ],
                    "texture": "#0"
                },
                "north": {
                    "uv": [
                        1,
                        1,
                        4.5,
                        4.5
                    ],
                    "texture": "#0"
                },
                "west": {
                    "uv": [
                        1,
                        1,
                        4.5,
                        4.5
                    ],
                    "texture": "#0"
                },
                "up": {
                    "uv": [
                        1,
                        1,
                        4.5,
                        4.5
                    ],
                    "texture": "#0"
                },
                "down": {
                    "uv": [
                        1,
                        1,
                        4.5,
                        4.5
                    ],
                    "texture": "#0"
                }
            }
        },
        {
            "from": [
                4.5,
                9.5,
                7
            ],
            "to": [
                5,
                14.5,
                10
            ],
            "faces": {
                "east": {
                    "uv": [
                        6.5,
                        1,
                        10,
                        4.5
                    ],
                    "texture": "#0"
                },
                "south": {
                    "uv": [
                        6.5,
                        1,
                        10,
                        4.5
                    ],
                    "texture": "#0"
                },
                "north": {
                    "uv": [
                        6.5,
                        1,
                        10,
                        4.5
                    ],
                    "texture": "#0"
                },
                "west": {
                    "uv": [
                        6.5,
                        1,
                        10,
                        4.5
                    ],
                    "texture": "#0"
                },
                "up": {
                    "uv": [
                        6.5,
                        1,
                        10,
                        4.5
                    ],
                    "texture": "#0"
                },
                "down": {
                    "uv": [
                        6.5,
                        1,
                        10,
                        4.5
                    ],
                    "texture": "#0"
                }
            }
        },
        {
            "from": [
                11,
                9.5,
                7
            ],
            "to": [
                11.5,
                14.5,
                10
            ],
            "faces": {
                "east": {
                    "uv": [
                        10,
                        1,
                        6.5,
                        4.5
                    ],
                    "texture": "#0"
                },
                "south": {
                    "uv": [
                        10,
                        1,
                        6.5,
                        4.5
                    ],
                    "texture": "#0"
                },
                "north": {
                    "uv": [
                        10,
                        1,
                        6.5,
                        4.5
                    ],
                    "texture": "#0"
                },
                "west": {
                    "uv": [
                        10,
                        1,
                        6.5,
                        4.5
                    ],
                    "texture": "#0"
                },
                "up": {
                    "uv": [
                        10,
                        1,
                        6.5,
                        4.5
                    ],
                    "texture": "#0"
                },
                "down": {
                    "uv": [
                        10,
                        1,
                        6.5,
                        4.5
                    ],
                    "texture": "#0"
                }
            }
        },
        {
            "rotation": {
                "origin": [
                    7.5,
                    7.5,
                    8
                ],
                "angle": 0,
                "axis": "y"
            },
            "from": [
                4,
                10,
                7
            ],
            "to": [
                6,
                14,
                10
            ],
            "faces": {
                "east": {
                    "uv": [
                        6.5,
                        1,
                        10,
                        4.5
                    ],
                    "texture": "#0"
                },
                "south": {
                    "uv": [
                        6.5,
                        1,
                        10,
                        4.5
                    ],
                    "texture": "#0"
                },
                "north": {
                    "uv": [
                        6.5,
                        1,
                        10,
                        4.5
                    ],
                    "texture": "#0"
                },
                "west": {
                    "uv": [
                        6.5,
                        1,
                        10,
                        4.5
                    ],
                    "texture": "#0"
                },
                "up": {
                    "uv": [
                        6.5,
                        1,
                        10,
                        4.5
                    ],
                    "texture": "#0"
                },
                "down": {
                    "uv": [
                        6.5,
                        1,
                        10,
                        4.5
                    ],
                    "texture": "#0"
                }
            }
        },
        {
            "rotation": {
                "origin": [
                    8.5,
                    7.5,
                    8
                ],
                "angle": 0,
                "axis": "y"
            },
            "from": [
                10,
                10,
                7
            ],
            "to": [
                12,
                14,
                10
            ],
            "faces": {
                "east": {
                    "uv": [
                        10,
                        1,
                        6.5,
                        4.5
                    ],
                    "texture": "#0"
                },
                "south": {
                    "uv": [
                        10,
                        1,
                        6.5,
                        4.5
                    ],
                    "texture": "#0"
                },
                "north": {
                    "uv": [
                        10,
                        1,
                        6.5,
                        4.5
                    ],
                    "texture": "#0"
                },
                "west": {
                    "uv": [
                        10,
                        1,
                        6.5,
                        4.5
                    ],
                    "texture": "#0"
                },
                "up": {
                    "uv": [
                        10,
                        1,
                        6.5,
                        4.5
                    ],
                    "texture": "#0"
                },
                "down": {
                    "uv": [
                        10,
                        1,
                        6.5,
                        4.5
                    ],
                    "texture": "#0"
                }
            }
        },
        {
            "rotation": {
                "origin": [
                    8,
                    7.5,
                    7.5
                ],
                "angle": 0,
                "axis": "y"
            },
            "from": [
                4.5,
                10,
                6.5
            ],
            "to": [
                5,
                14,
                10.5
            ],
            "faces": {
                "east": {
                    "uv": [
                        6.5,
                        1,
                        10,
                        4.5
                    ],
                    "texture": "#0"
                },
                "south": {
                    "uv": [
                        6.5,
                        1,
                        10,
                        4.5
                    ],
                    "texture": "#0"
                },
                "north": {
                    "uv": [
                        6.5,
                        1,
                        10,
                        4.5
                    ],
                    "texture": "#0"
                },
                "west": {
                    "uv": [
                        6.5,
                        1,
                        10,
                        4.5
                    ],
                    "texture": "#0"
                },
                "up": {
                    "uv": [
                        6.5,
                        1,
                        10,
                        4.5
                    ],
                    "texture": "#0"
                },
                "down": {
                    "uv": [
                        6.5,
                        1,
                        10,
                        4.5
                    ],
                    "texture": "#0"
                }
            }
        },
        {
            "rotation": {
                "origin": [
                    8,
                    7.5,
                    7.5
                ],
                "angle": 0,
                "axis": "y"
            },
            "from": [
                11,
                10,
                6.5
            ],
            "to": [
                11.5,
                14,
                10.5
            ],
            "faces": {
                "east": {
                    "uv": [
                        10,
                        1,
                        6.5,
                        4.5
                    ],
                    "texture": "#0"
                },
                "south": {
                    "uv": [
                        10,
                        1,
                        6.5,
                        4.5
                    ],
                    "texture": "#0"
                },
                "north": {
                    "uv": [
                        10,
                        1,
                        6.5,
                        4.5
                    ],
                    "texture": "#0"
                },
                "west": {
                    "uv": [
                        10,
                        1,
                        6.5,
                        4.5
                    ],
                    "texture": "#0"
                },
                "up": {
                    "uv": [
                        10,
                        1,
                        6.5,
                        4.5
                    ],
                    "texture": "#0"
                },
                "down": {
                    "uv": [
                        10,
                        1,
                        6.5,
                        4.5
                    ],
                    "texture": "#0"
                }
            }
        },
        {
            "rotation": {
                "origin": [
                    5.5,
                    7,
                    8
                ],
                "angle": 45,
                "axis": "z"
            },
            "from": [
                2.5,
                6,
                6
            ],
            "to": [
                5.5,
                7,
                11
            ],
            "faces": {
                "east": {
                    "uv": [
                        1,
                        1,
                        4.5,
                        4.5
                    ],
                    "texture": "#0"
                },
                "south": {
                    "uv": [
                        1,
                        1,
                        4.5,
                        4.5
                    ],
                    "texture": "#0"
                },
                "north": {
                    "uv": [
                        1,
                        1,
                        4.5,
                        4.5
                    ],
                    "texture": "#0"
                },
                "west": {
                    "uv": [
                        1,
                        1,
                        4.5,
                        4.5
                    ],
                    "texture": "#0"
                },
                "up": {
                    "uv": [
                        1,
                        1,
                        4.5,
                        4.5
                    ],
                    "texture": "#0"
                },
                "down": {
                    "uv": [
                        6.5,
                        6.5,
                        10,
                        10
                    ],
                    "texture": "#0"
                }
            }
        },
        {
            "rotation": {
                "origin": [
                    10.5,
                    7,
                    8
                ],
                "angle": -45,
                "axis": "z"
            },
            "from": [
                10.5,
                6,
                6
            ],
            "to": [
                13.5,
                7,
                11
            ],
            "faces": {
                "east": {
                    "uv": [
                        4.5,
                        1,
                        1,
                        4.5
                    ],
                    "texture": "#0"
                },
                "south": {
                    "uv": [
                        4.5,
                        1,
                        1,
                        4.5
                    ],
                    "texture": "#0"
                },
                "north": {
                    "uv": [
                        4.5,
                        1,
                        1,
                        4.5
                    ],
                    "texture": "#0"
                },
                "west": {
                    "uv": [
                        4.5,
                        1,
                        1,
                        4.5
                    ],
                    "texture": "#0"
                },
                "up": {
                    "uv": [
                        4.5,
                        1,
                        1,
                        4.5
                    ],
                    "texture": "#0"
                },
                "down": {
                    "uv": [
                        10,
                        6.5,
                        6.5,
                        10
                    ],
                    "texture": "#0"
                }
            }
        },
        {
            "rotation": {
                "origin": [
                    8,
                    7,
                    11
                ],
                "angle": 45,
                "axis": "x"
            },
            "from": [
                5,
                6,
                11
            ],
            "to": [
                11,
                7,
                14
            ],
            "faces": {
                "east": {
                    "uv": [
                        4.5,
                        1,
                        1,
                        4.5
                    ],
                    "texture": "#0"
                },
                "south": {
                    "uv": [
                        4.5,
                        1,
                        1,
                        4.5
                    ],
                    "texture": "#0"
                },
                "north": {
                    "uv": [
                        4.5,
                        1,
                        1,
                        4.5
                    ],
                    "texture": "#0"
                },
                "west": {
                    "uv": [
                        4.5,
                        1,
                        1,
                        4.5
                    ],
                    "texture": "#0"
                },
                "up": {
                    "uv": [
                        4.5,
                        1,
                        1,
                        4.5
                    ],
                    "texture": "#0",
                    "rotation": 90
                },
                "down": {
                    "uv": [
                        10,
                        6.5,
                        6.5,
                        10
                    ],
                    "texture": "#0",
                    "rotation": 270
                }
            }
        }
    ],
    "display": {
        "head": {
            "translation": [
                0,
                -24.75,
                0
            ],
            "scale": [
                1.5,
                1.5,
                1.5
            ]
        },
        "gui": {
            "rotation": [
                30,
                135,
                0
            ],
            "translation": [
                0,
                1.5,
                0
            ],
            "scale": [
                0.7,
                0.7,
                0.7
            ]
        }
    },
    "credit": "Made by MadstonMagic, using Cubik Pro & Blockbench"
}