{
    "textures": {
        "0": "pokemon/79_slowpoke/eye",
        "1": "pokemon/79_slowpoke/slowpoke",
        "particle": "pokemon/79_slowpoke/eye"
    },
    "elements": [
        {
            "rotation": {
                "origin": [
                    8,
                    -1,
                    0
                ],
                "angle": 0,
                "axis": "y"
            },
            "from": [
                6,
                0,
                0.5
            ],
            "to": [
                10,
                4,
                4
            ],
            "faces": {
                "east": {
                    "uv": [
                        1,
                        1,
                        4,
                        4
                    ],
                    "texture": "#1"
                },
                "north": {
                    "uv": [
                        1,
                        1,
                        4,
                        4
                    ],
                    "texture": "#1"
                },
                "west": {
                    "uv": [
                        1,
                        1,
                        4,
                        4
                    ],
                    "texture": "#1"
                },
                "up": {
                    "uv": [
                        1,
                        1,
                        4,
                        4
                    ],
                    "texture": "#1"
                },
                "down": {
                    "uv": [
                        1,
                        1,
                        4,
                        4
                    ],
                    "texture": "#1"
                }
            }
        },
        {
            "rotation": {
                "origin": [
                    8,
                    -1,
                    0
                ],
                "angle": 0,
                "axis": "y"
            },
            "from": [
                6,
                0.5,
                0
            ],
            "to": [
                10,
                3.5,
                4.5
            ],
            "faces": {
                "east": {
                    "uv": [
                        1,
                        1,
                        4,
                        4
                    ],
                    "texture": "#1"
                },
                "north": {
                    "uv": [
                        1,
                        1,
                        4,
                        4
                    ],
                    "texture": "#1"
                },
                "west": {
                    "uv": [
                        1,
                        1,
                        4,
                        4
                    ],
                    "texture": "#1"
                },
                "up": {
                    "uv": [
                        1,
                        1,
                        4,
                        4
                    ],
                    "texture": "#1"
                },
                "down": {
                    "uv": [
                        1,
                        1,
                        4,
                        4
                    ],
                    "texture": "#1"
                }
            }
        },
        {
            "rotation": {
                "origin": [
                    8,
                    -1,
                    0
                ],
                "angle": 0,
                "axis": "y"
            },
            "from": [
                5.875,
                2.25,
                -1
            ],
            "to": [
                10.125,
                2.625,
                0.5
            ],
            "faces": {
                "east": {
                    "uv": [
                        7,
                        1,
                        10,
                        4
                    ],
                    "texture": "#1"
                },
                "north": {
                    "uv": [
                        7,
                        1,
                        10,
                        4
                    ],
                    "texture": "#1"
                },
                "west": {
                    "uv": [
                        7,
                        1,
                        10,
                        4
                    ],
                    "texture": "#1"
                },
                "up": {
                    "uv": [
                        7,
                        1,
                        10,
                        4
                    ],
                    "texture": "#1"
                }
            }
        },
        {
            "rotation": {
                "origin": [
                    8,
                    -1,
                    0
                ],
                "angle": 0,
                "axis": "y"
            },
            "from": [
                5.5,
                1.75,
                -1
            ],
            "to": [
                10.5,
                2.25,
                0.5
            ],
            "faces": {
                "east": {
                    "uv": [
                        7,
                        1,
                        10,
                        4
                    ],
                    "texture": "#1"
                },
                "north": {
                    "uv": [
                        7,
                        1,
                        10,
                        4
                    ],
                    "texture": "#1"
                },
                "west": {
                    "uv": [
                        7,
                        1,
                        10,
                        4
                    ],
                    "texture": "#1"
                },
                "up": {
                    "uv": [
                        7,
                        1,
                        10,
                        4
                    ],
                    "texture": "#1"
                },
                "down": {
                    "uv": [
                        7,
                        1,
                        10,
                        4
                    ],
                    "texture": "#1"
                }
            }
        },
        {
            "rotation": {
                "origin": [
                    8,
                    -1,
                    0
                ],
                "angle": 0,
                "axis": "y"
            },
            "from": [
                7.25,
                2,
                -1.00781
            ],
            "to": [
                8.75,
                2.375,
                -0.50781
            ],
            "faces": {"north": {
                "uv": [
                    0.25,
                    13.25,
                    7,
                    15.75
                ],
                "texture": "#0"
            }}
        },
        {
            "rotation": {
                "origin": [
                    8,
                    -1,
                    0
                ],
                "angle": 0,
                "axis": "y"
            },
            "from": [
                5.5,
                2.5,
                -0.00781
            ],
            "to": [
                7,
                3.875,
                0.49219
            ],
            "faces": {"north": {
                "uv": [
                    0.25,
                    0.25,
                    11,
                    11
                ],
                "texture": "#0"
            }}
        },
        {
            "rotation": {
                "origin": [
                    8,
                    -1,
                    0
                ],
                "angle": 0,
                "axis": "y"
            },
            "from": [
                6.5,
                1.25,
                -1
            ],
            "to": [
                7,
                1.75,
                -1
            ],
            "faces": {
                "south": {
                    "uv": [
                        13,
                        0.25,
                        15.75,
                        4.75
                    ],
                    "texture": "#0"
                },
                "north": {
                    "uv": [
                        13,
                        0.25,
                        15.75,
                        4.75
                    ],
                    "texture": "#0"
                }
            }
        },
        {
            "rotation": {
                "origin": [
                    8,
                    -1,
                    0
                ],
                "angle": 0,
                "axis": "y"
            },
            "from": [
                9,
                1.25,
                -1
            ],
            "to": [
                9.5,
                1.75,
                -1
            ],
            "faces": {
                "south": {
                    "uv": [
                        15.75,
                        0.25,
                        13,
                        4.75
                    ],
                    "texture": "#0"
                },
                "north": {
                    "uv": [
                        15.75,
                        0.25,
                        13,
                        4.75
                    ],
                    "texture": "#0"
                }
            }
        },
        {
            "rotation": {
                "origin": [
                    7.5,
                    -1,
                    0
                ],
                "angle": 0,
                "axis": "y"
            },
            "from": [
                5.875,
                0.75,
                -0.625
            ],
            "to": [
                10.125,
                1.0625,
                0
            ],
            "faces": {
                "east": {
                    "uv": [
                        7,
                        1,
                        10,
                        4
                    ],
                    "texture": "#1"
                },
                "south": {
                    "uv": [
                        7,
                        1,
                        10,
                        4
                    ],
                    "texture": "#1"
                },
                "north": {
                    "uv": [
                        7,
                        1,
                        10,
                        4
                    ],
                    "texture": "#1"
                },
                "west": {
                    "uv": [
                        7,
                        1,
                        10,
                        4
                    ],
                    "texture": "#1"
                },
                "up": {
                    "uv": [
                        7,
                        1,
                        10,
                        4
                    ],
                    "texture": "#1"
                },
                "down": {
                    "uv": [
                        7,
                        1,
                        10,
                        4
                    ],
                    "texture": "#1"
                }
            }
        },
        {
            "rotation": {
                "origin": [
                    8,
                    -1,
                    0
                ],
                "angle": 0,
                "axis": "y"
            },
            "from": [
                6.875,
                0.875,
                -0.75
            ],
            "to": [
                9.125,
                1.1875,
                0
            ],
            "faces": {
                "east": {
                    "uv": [
                        14.5,
                        0.5,
                        15.5,
                        1.5
                    ],
                    "texture": "#1"
                },
                "north": {
                    "uv": [
                        14.5,
                        0.5,
                        15.5,
                        1.5
                    ],
                    "texture": "#1"
                },
                "west": {
                    "uv": [
                        14.5,
                        0.5,
                        15.5,
                        1.5
                    ],
                    "texture": "#1"
                },
                "up": {
                    "uv": [
                        14.5,
                        0.5,
                        15.5,
                        1.5
                    ],
                    "texture": "#1"
                },
                "down": {
                    "uv": [
                        14.5,
                        0.5,
                        15.5,
                        1.5
                    ],
                    "texture": "#1"
                }
            }
        },
        {
            "rotation": {
                "origin": [
                    7.59986,
                    -0.0253,
                    0
                ],
                "angle": -22.5,
                "axis": "z"
            },
            "from": [
                9.09986,
                1.7247,
                -0.625
            ],
            "to": [
                9.59986,
                2.7247,
                0
            ],
            "faces": {
                "east": {
                    "uv": [
                        10,
                        1,
                        7,
                        4
                    ],
                    "texture": "#1"
                },
                "south": {
                    "uv": [
                        10,
                        1,
                        7,
                        4
                    ],
                    "texture": "#1"
                },
                "north": {
                    "uv": [
                        10,
                        1,
                        7,
                        4
                    ],
                    "texture": "#1"
                },
                "west": {
                    "uv": [
                        10,
                        1,
                        7,
                        4
                    ],
                    "texture": "#1"
                }
            }
        },
        {
            "rotation": {
                "origin": [
                    8.40014,
                    -0.0253,
                    0
                ],
                "angle": 22.5,
                "axis": "z"
            },
            "from": [
                6.40014,
                1.7247,
                -0.625
            ],
            "to": [
                6.90014,
                2.7247,
                0
            ],
            "faces": {
                "east": {
                    "uv": [
                        7,
                        1,
                        10,
                        4
                    ],
                    "texture": "#1"
                },
                "south": {
                    "uv": [
                        7,
                        1,
                        10,
                        4
                    ],
                    "texture": "#1"
                },
                "north": {
                    "uv": [
                        7,
                        1,
                        10,
                        4
                    ],
                    "texture": "#1"
                },
                "west": {
                    "uv": [
                        7,
                        1,
                        10,
                        4
                    ],
                    "texture": "#1"
                }
            }
        },
        {
            "rotation": {
                "origin": [
                    8,
                    -1,
                    0
                ],
                "angle": 0,
                "axis": "y"
            },
            "from": [
                6,
                1.0625,
                -0.0625
            ],
            "to": [
                10,
                1.75,
                0
            ],
            "faces": {"north": {
                "uv": [
                    11.5,
                    0.5,
                    12.5,
                    1.5
                ],
                "texture": "#1"
            }}
        },
        {
            "rotation": {
                "origin": [
                    7.5,
                    -1,
                    0
                ],
                "angle": 0,
                "axis": "y"
            },
            "from": [
                6.125,
                0.5,
                -0.625
            ],
            "to": [
                9.875,
                0.75,
                0
            ],
            "faces": {
                "east": {
                    "uv": [
                        7,
                        1,
                        10,
                        4
                    ],
                    "texture": "#1"
                },
                "north": {
                    "uv": [
                        7,
                        1,
                        10,
                        4
                    ],
                    "texture": "#1"
                },
                "west": {
                    "uv": [
                        7,
                        1,
                        10,
                        4
                    ],
                    "texture": "#1"
                },
                "down": {
                    "uv": [
                        7,
                        1,
                        10,
                        4
                    ],
                    "texture": "#1"
                }
            }
        },
        {
            "rotation": {
                "origin": [
                    8,
                    -1,
                    0
                ],
                "angle": 0,
                "axis": "y"
            },
            "from": [
                5.5,
                0.5,
                0.5
            ],
            "to": [
                10.5,
                3.5,
                4
            ],
            "faces": {
                "east": {
                    "uv": [
                        1,
                        1,
                        4,
                        4
                    ],
                    "texture": "#1"
                },
                "north": {
                    "uv": [
                        1,
                        1,
                        4,
                        4
                    ],
                    "texture": "#1"
                },
                "west": {
                    "uv": [
                        1,
                        1,
                        4,
                        4
                    ],
                    "texture": "#1"
                },
                "up": {
                    "uv": [
                        1,
                        1,
                        4,
                        4
                    ],
                    "texture": "#1"
                },
                "down": {
                    "uv": [
                        1,
                        1,
                        4,
                        4
                    ],
                    "texture": "#1"
                }
            }
        },
        {
            "rotation": {
                "origin": [
                    8,
                    -1,
                    3.5
                ],
                "angle": 0,
                "axis": "y"
            },
            "from": [
                5,
                0.5,
                3.5
            ],
            "to": [
                11,
                4,
                12
            ],
            "faces": {
                "east": {
                    "uv": [
                        1,
                        1,
                        4,
                        4
                    ],
                    "texture": "#1"
                },
                "south": {
                    "uv": [
                        1,
                        1,
                        4,
                        4
                    ],
                    "texture": "#1"
                },
                "north": {
                    "uv": [
                        1,
                        1,
                        4,
                        4
                    ],
                    "texture": "#1"
                },
                "west": {
                    "uv": [
                        1,
                        1,
                        4,
                        4
                    ],
                    "texture": "#1"
                },
                "up": {
                    "uv": [
                        1,
                        1,
                        4,
                        4
                    ],
                    "texture": "#1"
                },
                "down": {
                    "uv": [
                        1,
                        1,
                        4,
                        4
                    ],
                    "texture": "#1"
                }
            }
        },
        {
            "rotation": {
                "origin": [
                    8,
                    -1,
                    13
                ],
                "angle": 22.5,
                "axis": "x"
            },
            "from": [
                6.5,
                0,
                8
            ],
            "to": [
                9.5,
                7.5,
                11.5
            ],
            "faces": {
                "east": {
                    "uv": [
                        1,
                        1,
                        4,
                        4
                    ],
                    "texture": "#1",
                    "rotation": 90
                },
                "south": {
                    "uv": [
                        1,
                        1,
                        4,
                        4
                    ],
                    "texture": "#1"
                },
                "north": {
                    "uv": [
                        1,
                        1,
                        4,
                        4
                    ],
                    "texture": "#1",
                    "rotation": 180
                },
                "west": {
                    "uv": [
                        1,
                        1,
                        4,
                        4
                    ],
                    "texture": "#1",
                    "rotation": 270
                },
                "up": {
                    "uv": [
                        1,
                        1,
                        4,
                        4
                    ],
                    "texture": "#1"
                },
                "down": {
                    "uv": [
                        1,
                        1,
                        4,
                        4
                    ],
                    "texture": "#1",
                    "rotation": 180
                }
            }
        },
        {
            "rotation": {
                "origin": [
                    8,
                    7.07715,
                    17.38549
                ],
                "angle": -22.5,
                "axis": "x"
            },
            "from": [
                7,
                8.57715,
                12.38549
            ],
            "to": [
                9,
                13.57715,
                14.88549
            ],
            "faces": {
                "east": {
                    "uv": [
                        6,
                        6,
                        10,
                        9
                    ],
                    "texture": "#1",
                    "rotation": 270
                },
                "south": {
                    "uv": [
                        6,
                        6,
                        10,
                        9
                    ],
                    "texture": "#1",
                    "rotation": 270
                },
                "north": {
                    "uv": [
                        6,
                        6,
                        10,
                        9
                    ],
                    "texture": "#1",
                    "rotation": 270
                },
                "west": {
                    "uv": [
                        6,
                        6,
                        10,
                        9
                    ],
                    "texture": "#1",
                    "rotation": 270
                },
                "up": {
                    "uv": [
                        1,
                        1,
                        4,
                        4
                    ],
                    "texture": "#1"
                }
            }
        },
        {
            "rotation": {
                "origin": [
                    8,
                    14.23633,
                    14.93088
                ],
                "angle": 22.5,
                "axis": "x"
            },
            "from": [
                7.25,
                9.61133,
                9.43088
            ],
            "to": [
                8.75,
                11.23633,
                13.43088
            ],
            "faces": {
                "east": {
                    "uv": [
                        9.5,
                        6,
                        13,
                        9
                    ],
                    "texture": "#1"
                },
                "north": {
                    "uv": [
                        12,
                        6,
                        13,
                        9
                    ],
                    "texture": "#1",
                    "rotation": 270
                },
                "west": {
                    "uv": [
                        9.5,
                        6,
                        13,
                        9
                    ],
                    "texture": "#1",
                    "rotation": 180
                },
                "up": {
                    "uv": [
                        9.5,
                        6,
                        13,
                        9
                    ],
                    "texture": "#1",
                    "rotation": 270
                },
                "down": {
                    "uv": [
                        9.5,
                        6,
                        13,
                        9
                    ],
                    "texture": "#1",
                    "rotation": 90
                }
            }
        },
        {
            "rotation": {
                "origin": [
                    8,
                    -1,
                    3.5
                ],
                "angle": 0,
                "axis": "y"
            },
            "from": [
                5,
                0,
                4
            ],
            "to": [
                11,
                4.5,
                11.5
            ],
            "faces": {
                "east": {
                    "uv": [
                        1,
                        1,
                        4,
                        4
                    ],
                    "texture": "#1"
                },
                "south": {
                    "uv": [
                        1,
                        1,
                        4,
                        4
                    ],
                    "texture": "#1"
                },
                "north": {
                    "uv": [
                        1,
                        1,
                        4,
                        4
                    ],
                    "texture": "#1"
                },
                "west": {
                    "uv": [
                        1,
                        1,
                        4,
                        4
                    ],
                    "texture": "#1"
                },
                "up": {
                    "uv": [
                        1,
                        1,
                        4,
                        4
                    ],
                    "texture": "#1"
                },
                "down": {
                    "uv": [
                        1,
                        1,
                        4,
                        4
                    ],
                    "texture": "#1"
                }
            }
        },
        {
            "rotation": {
                "origin": [
                    8,
                    -1,
                    3.5
                ],
                "angle": 0,
                "axis": "y"
            },
            "from": [
                4.5,
                0.5,
                4
            ],
            "to": [
                11.5,
                4,
                11.5
            ],
            "faces": {
                "east": {
                    "uv": [
                        1,
                        1,
                        4,
                        4
                    ],
                    "texture": "#1"
                },
                "south": {
                    "uv": [
                        1,
                        1,
                        4,
                        4
                    ],
                    "texture": "#1"
                },
                "north": {
                    "uv": [
                        1,
                        1,
                        4,
                        4
                    ],
                    "texture": "#1"
                },
                "west": {
                    "uv": [
                        1,
                        1,
                        4,
                        4
                    ],
                    "texture": "#1"
                },
                "up": {
                    "uv": [
                        1,
                        1,
                        4,
                        4
                    ],
                    "texture": "#1"
                },
                "down": {
                    "uv": [
                        1,
                        1,
                        4,
                        4
                    ],
                    "texture": "#1"
                }
            }
        },
        {
            "rotation": {
                "origin": [
                    4.5,
                    0.5,
                    6.5
                ],
                "angle": -45,
                "axis": "y"
            },
            "from": [
                1.5,
                0,
                4
            ],
            "to": [
                5,
                2,
                6.5
            ],
            "faces": {
                "east": {
                    "uv": [
                        1,
                        1,
                        4,
                        4
                    ],
                    "texture": "#1"
                },
                "south": {
                    "uv": [
                        1,
                        1,
                        4,
                        4
                    ],
                    "texture": "#1"
                },
                "north": {
                    "uv": [
                        1,
                        1,
                        4,
                        4
                    ],
                    "texture": "#1"
                },
                "west": {
                    "uv": [
                        1,
                        1,
                        4,
                        4
                    ],
                    "texture": "#1"
                },
                "up": {
                    "uv": [
                        1,
                        1,
                        4,
                        4
                    ],
                    "texture": "#1"
                },
                "down": {
                    "uv": [
                        1,
                        1,
                        4,
                        4
                    ],
                    "texture": "#1"
                }
            }
        },
        {
            "rotation": {
                "origin": [
                    4.5,
                    0.5,
                    6.5
                ],
                "angle": -45,
                "axis": "y"
            },
            "from": [
                0,
                0,
                4.25
            ],
            "to": [
                1.5,
                1.5,
                6.25
            ],
            "faces": {
                "south": {
                    "uv": [
                        1,
                        1,
                        4,
                        4
                    ],
                    "texture": "#1"
                },
                "north": {
                    "uv": [
                        1,
                        1,
                        4,
                        4
                    ],
                    "texture": "#1"
                },
                "west": {
                    "uv": [
                        1,
                        1,
                        4,
                        4
                    ],
                    "texture": "#1"
                },
                "up": {
                    "uv": [
                        1,
                        1,
                        4,
                        4
                    ],
                    "texture": "#1"
                },
                "down": {
                    "uv": [
                        1,
                        1,
                        4,
                        4
                    ],
                    "texture": "#1"
                }
            }
        },
        {
            "rotation": {
                "origin": [
                    4.5,
                    0.5,
                    6.5
                ],
                "angle": -45,
                "axis": "y"
            },
            "from": [
                -1,
                0,
                4.75
            ],
            "to": [
                0,
                0.5,
                5.75
            ],
            "faces": {
                "south": {
                    "uv": [
                        1.5,
                        6.5,
                        4.5,
                        9.5
                    ],
                    "texture": "#1"
                },
                "north": {
                    "uv": [
                        1.5,
                        6.5,
                        4.5,
                        9.5
                    ],
                    "texture": "#1"
                },
                "west": {
                    "uv": [
                        1.5,
                        6.5,
                        4.5,
                        9.5
                    ],
                    "texture": "#1"
                },
                "up": {
                    "uv": [
                        1.5,
                        6.5,
                        4.5,
                        9.5
                    ],
                    "texture": "#1"
                },
                "down": {
                    "uv": [
                        1.5,
                        6.5,
                        4.5,
                        9.5
                    ],
                    "texture": "#1"
                }
            }
        },
        {
            "rotation": {
                "origin": [
                    11.5,
                    0.5,
                    6.5
                ],
                "angle": 45,
                "axis": "y"
            },
            "from": [
                16,
                0,
                4.75
            ],
            "to": [
                17,
                0.5,
                5.75
            ],
            "faces": {
                "east": {
                    "uv": [
                        4.5,
                        6.5,
                        1.5,
                        9.5
                    ],
                    "texture": "#1"
                },
                "south": {
                    "uv": [
                        4.5,
                        6.5,
                        1.5,
                        9.5
                    ],
                    "texture": "#1"
                },
                "north": {
                    "uv": [
                        4.5,
                        6.5,
                        1.5,
                        9.5
                    ],
                    "texture": "#1"
                },
                "up": {
                    "uv": [
                        4.5,
                        6.5,
                        1.5,
                        9.5
                    ],
                    "texture": "#1"
                },
                "down": {
                    "uv": [
                        4.5,
                        6.5,
                        1.5,
                        9.5
                    ],
                    "texture": "#1"
                }
            }
        },
        {
            "rotation": {
                "origin": [
                    11.5,
                    0.5,
                    6.5
                ],
                "angle": 45,
                "axis": "y"
            },
            "from": [
                14.5,
                0,
                4.25
            ],
            "to": [
                16,
                1.5,
                6.25
            ],
            "faces": {
                "east": {
                    "uv": [
                        4,
                        1,
                        1,
                        4
                    ],
                    "texture": "#1"
                },
                "south": {
                    "uv": [
                        4,
                        1,
                        1,
                        4
                    ],
                    "texture": "#1"
                },
                "north": {
                    "uv": [
                        4,
                        1,
                        1,
                        4
                    ],
                    "texture": "#1"
                },
                "up": {
                    "uv": [
                        4,
                        1,
                        1,
                        4
                    ],
                    "texture": "#1"
                },
                "down": {
                    "uv": [
                        4,
                        1,
                        1,
                        4
                    ],
                    "texture": "#1"
                }
            }
        },
        {
            "rotation": {
                "origin": [
                    11.5,
                    0.5,
                    6.5
                ],
                "angle": 45,
                "axis": "y"
            },
            "from": [
                11,
                0,
                4
            ],
            "to": [
                14.5,
                2,
                6.5
            ],
            "faces": {
                "east": {
                    "uv": [
                        4,
                        1,
                        1,
                        4
                    ],
                    "texture": "#1"
                },
                "south": {
                    "uv": [
                        4,
                        1,
                        1,
                        4
                    ],
                    "texture": "#1"
                },
                "north": {
                    "uv": [
                        4,
                        1,
                        1,
                        4
                    ],
                    "texture": "#1"
                },
                "west": {
                    "uv": [
                        4,
                        1,
                        1,
                        4
                    ],
                    "texture": "#1"
                },
                "up": {
                    "uv": [
                        4,
                        1,
                        1,
                        4
                    ],
                    "texture": "#1"
                },
                "down": {
                    "uv": [
                        4,
                        1,
                        1,
                        4
                    ],
                    "texture": "#1"
                }
            }
        },
        {
            "rotation": {
                "origin": [
                    5,
                    0.5,
                    11
                ],
                "angle": -22.5,
                "axis": "y"
            },
            "from": [
                2,
                0,
                8.5
            ],
            "to": [
                5.5,
                2,
                11
            ],
            "faces": {
                "south": {
                    "uv": [
                        1,
                        1,
                        4,
                        4
                    ],
                    "texture": "#1"
                },
                "north": {
                    "uv": [
                        1,
                        1,
                        4,
                        4
                    ],
                    "texture": "#1"
                },
                "west": {
                    "uv": [
                        1,
                        1,
                        4,
                        4
                    ],
                    "texture": "#1"
                },
                "up": {
                    "uv": [
                        1,
                        1,
                        4,
                        4
                    ],
                    "texture": "#1"
                },
                "down": {
                    "uv": [
                        1,
                        1,
                        4,
                        4
                    ],
                    "texture": "#1"
                }
            }
        },
        {
            "rotation": {
                "origin": [
                    5,
                    0.5,
                    11
                ],
                "angle": -22.5,
                "axis": "y"
            },
            "from": [
                0.5,
                0,
                8.75
            ],
            "to": [
                2,
                1.5,
                10.75
            ],
            "faces": {
                "south": {
                    "uv": [
                        1,
                        1,
                        4,
                        4
                    ],
                    "texture": "#1"
                },
                "north": {
                    "uv": [
                        1,
                        1,
                        4,
                        4
                    ],
                    "texture": "#1"
                },
                "west": {
                    "uv": [
                        1,
                        1,
                        4,
                        4
                    ],
                    "texture": "#1"
                },
                "up": {
                    "uv": [
                        1,
                        1,
                        4,
                        4
                    ],
                    "texture": "#1"
                },
                "down": {
                    "uv": [
                        1,
                        1,
                        4,
                        4
                    ],
                    "texture": "#1"
                }
            }
        },
        {
            "rotation": {
                "origin": [
                    5,
                    0.5,
                    11
                ],
                "angle": -22.5,
                "axis": "y"
            },
            "from": [
                -0.5,
                0,
                9.25
            ],
            "to": [
                0.5,
                0.5,
                10.25
            ],
            "faces": {
                "south": {
                    "uv": [
                        1.5,
                        6.5,
                        4.5,
                        9.5
                    ],
                    "texture": "#1"
                },
                "north": {
                    "uv": [
                        1.5,
                        6.5,
                        4.5,
                        9.5
                    ],
                    "texture": "#1"
                },
                "west": {
                    "uv": [
                        1.5,
                        6.5,
                        4.5,
                        9.5
                    ],
                    "texture": "#1"
                },
                "up": {
                    "uv": [
                        1.5,
                        6.5,
                        4.5,
                        9.5
                    ],
                    "texture": "#1"
                },
                "down": {
                    "uv": [
                        1.5,
                        6.5,
                        4.5,
                        9.5
                    ],
                    "texture": "#1"
                }
            }
        },
        {
            "rotation": {
                "origin": [
                    11,
                    0.5,
                    11
                ],
                "angle": 22.5,
                "axis": "y"
            },
            "from": [
                10.5,
                0,
                8.5
            ],
            "to": [
                14,
                2,
                11
            ],
            "faces": {
                "east": {
                    "uv": [
                        4,
                        1,
                        1,
                        4
                    ],
                    "texture": "#1"
                },
                "south": {
                    "uv": [
                        4,
                        1,
                        1,
                        4
                    ],
                    "texture": "#1"
                },
                "north": {
                    "uv": [
                        4,
                        1,
                        1,
                        4
                    ],
                    "texture": "#1"
                },
                "up": {
                    "uv": [
                        4,
                        1,
                        1,
                        4
                    ],
                    "texture": "#1"
                },
                "down": {
                    "uv": [
                        4,
                        1,
                        1,
                        4
                    ],
                    "texture": "#1"
                }
            }
        },
        {
            "rotation": {
                "origin": [
                    11,
                    0.5,
                    11
                ],
                "angle": 22.5,
                "axis": "y"
            },
            "from": [
                15.5,
                0,
                9.25
            ],
            "to": [
                16.5,
                0.5,
                10.25
            ],
            "faces": {
                "east": {
                    "uv": [
                        4.5,
                        6.5,
                        1.5,
                        9.5
                    ],
                    "texture": "#1"
                },
                "south": {
                    "uv": [
                        4.5,
                        6.5,
                        1.5,
                        9.5
                    ],
                    "texture": "#1"
                },
                "north": {
                    "uv": [
                        4.5,
                        6.5,
                        1.5,
                        9.5
                    ],
                    "texture": "#1"
                },
                "up": {
                    "uv": [
                        4.5,
                        6.5,
                        1.5,
                        9.5
                    ],
                    "texture": "#1"
                },
                "down": {
                    "uv": [
                        4.5,
                        6.5,
                        1.5,
                        9.5
                    ],
                    "texture": "#1"
                }
            }
        },
        {
            "rotation": {
                "origin": [
                    11,
                    0.5,
                    11
                ],
                "angle": 22.5,
                "axis": "y"
            },
            "from": [
                14,
                0,
                8.75
            ],
            "to": [
                15.5,
                1.5,
                10.75
            ],
            "faces": {
                "east": {
                    "uv": [
                        4,
                        1,
                        1,
                        4
                    ],
                    "texture": "#1"
                },
                "south": {
                    "uv": [
                        4,
                        1,
                        1,
                        4
                    ],
                    "texture": "#1"
                },
                "north": {
                    "uv": [
                        4,
                        1,
                        1,
                        4
                    ],
                    "texture": "#1"
                },
                "up": {
                    "uv": [
                        4,
                        1,
                        1,
                        4
                    ],
                    "texture": "#1"
                },
                "down": {
                    "uv": [
                        4,
                        1,
                        1,
                        4
                    ],
                    "texture": "#1"
                }
            }
        },
        {
            "rotation": {
                "origin": [
                    8,
                    -1,
                    0
                ],
                "angle": 0,
                "axis": "y"
            },
            "from": [
                5.5,
                2.25,
                0
            ],
            "to": [
                7,
                4,
                1.5
            ],
            "faces": {
                "east": {
                    "uv": [
                        1,
                        1,
                        4,
                        4
                    ],
                    "texture": "#1"
                },
                "north": {
                    "uv": [
                        1,
                        1,
                        4,
                        4
                    ],
                    "texture": "#1"
                },
                "west": {
                    "uv": [
                        1,
                        1,
                        4,
                        4
                    ],
                    "texture": "#1"
                },
                "up": {
                    "uv": [
                        1,
                        1,
                        4,
                        4
                    ],
                    "texture": "#1"
                }
            }
        },
        {
            "rotation": {
                "origin": [
                    8,
                    -1,
                    0
                ],
                "angle": 0,
                "axis": "y"
            },
            "from": [
                5,
                3.5,
                1.5
            ],
            "to": [
                6.5,
                5,
                2.5
            ],
            "faces": {
                "east": {
                    "uv": [
                        1,
                        1,
                        4,
                        4
                    ],
                    "texture": "#1"
                },
                "south": {
                    "uv": [
                        1,
                        1,
                        4,
                        4
                    ],
                    "texture": "#1"
                },
                "north": {
                    "uv": [
                        1,
                        1,
                        4,
                        4
                    ],
                    "texture": "#1"
                },
                "west": {
                    "uv": [
                        1,
                        1,
                        4,
                        4
                    ],
                    "texture": "#1"
                },
                "up": {
                    "uv": [
                        1,
                        1,
                        4,
                        4
                    ],
                    "texture": "#1"
                },
                "down": {
                    "uv": [
                        1,
                        1,
                        4,
                        4
                    ],
                    "texture": "#1"
                }
            }
        },
        {
            "rotation": {
                "origin": [
                    8,
                    -1,
                    0
                ],
                "angle": 0,
                "axis": "y"
            },
            "from": [
                9.5,
                3.5,
                1.5
            ],
            "to": [
                11,
                5,
                2.5
            ],
            "faces": {
                "east": {
                    "uv": [
                        4,
                        1,
                        1,
                        4
                    ],
                    "texture": "#1"
                },
                "south": {
                    "uv": [
                        4,
                        1,
                        1,
                        4
                    ],
                    "texture": "#1"
                },
                "north": {
                    "uv": [
                        4,
                        1,
                        1,
                        4
                    ],
                    "texture": "#1"
                },
                "west": {
                    "uv": [
                        4,
                        1,
                        1,
                        4
                    ],
                    "texture": "#1"
                },
                "up": {
                    "uv": [
                        4,
                        1,
                        1,
                        4
                    ],
                    "texture": "#1"
                },
                "down": {
                    "uv": [
                        4,
                        1,
                        1,
                        4
                    ],
                    "texture": "#1"
                }
            }
        },
        {
            "rotation": {
                "origin": [
                    8,
                    -1,
                    0
                ],
                "angle": 0,
                "axis": "y"
            },
            "from": [
                9,
                2.5,
                -0.00781
            ],
            "to": [
                10.5,
                3.875,
                0.49219
            ],
            "faces": {"north": {
                "uv": [
                    11,
                    0.25,
                    0.25,
                    11
                ],
                "texture": "#0"
            }}
        },
        {
            "rotation": {
                "origin": [
                    8,
                    -1,
                    0
                ],
                "angle": 0,
                "axis": "y"
            },
            "from": [
                9,
                2.5,
                0
            ],
            "to": [
                10.5,
                4,
                1.5
            ],
            "faces": {
                "east": {
                    "uv": [
                        4,
                        1,
                        1,
                        4
                    ],
                    "texture": "#1"
                },
                "north": {
                    "uv": [
                        4,
                        1,
                        1,
                        4
                    ],
                    "texture": "#1"
                },
                "west": {
                    "uv": [
                        4,
                        1,
                        1,
                        4
                    ],
                    "texture": "#1"
                },
                "up": {
                    "uv": [
                        4,
                        1,
                        1,
                        4
                    ],
                    "texture": "#1"
                },
                "down": {
                    "uv": [
                        4,
                        1,
                        1,
                        4
                    ],
                    "texture": "#1"
                }
            }
        }
    ],
    "display": {
        "head": {
            "translation": [
                0,
                -27.25,
                0
            ],
            "scale": [
                2,
                2,
                2
            ]
        },
        "gui": {
            "rotation": [
                30,
                135,
                0
            ],
            "translation": [
                1,
                2,
                0
            ],
            "scale": [
                0.75,
                0.75,
                0.75
            ]
        }
    },
    "credit": "© 2015-2021 MadstonMagic. All rights reserved. Made using BlockBench"
}