{
    "textures": {
        "0": "pokemon/92_gastly/gastly",
        "1": "pokemon/92_gastly/eye",
        "2": "pokemon/92_gastly/cloud",
        "3": "pokemon/92_gastly/eye_back",
        "particle": "pokemon/92_gastly/gastly"
    },
    "elements": [
        {
            "rotation": {
                "origin": [
                    13,
                    12.5,
                    13
                ],
                "angle": 0,
                "axis": "y"
            },
            "from": [
                5,
                3.5,
                5
            ],
            "to": [
                11,
                11.5,
                11
            ],
            "faces": {
                "east": {
                    "uv": [
                        1,
                        1.5,
                        4.5,
                        5
                    ],
                    "texture": "#0"
                },
                "south": {
                    "uv": [
                        1,
                        1.5,
                        4.5,
                        5
                    ],
                    "texture": "#0"
                },
                "north": {
                    "uv": [
                        1,
                        1.5,
                        4.5,
                        5
                    ],
                    "texture": "#0"
                },
                "west": {
                    "uv": [
                        1,
                        1.5,
                        4.5,
                        5
                    ],
                    "texture": "#0"
                },
                "up": {
                    "uv": [
                        1,
                        1.5,
                        4.5,
                        5
                    ],
                    "texture": "#0"
                },
                "down": {
                    "uv": [
                        1,
                        1.5,
                        4.5,
                        5
                    ],
                    "texture": "#0"
                }
            }
        },
        {
            "rotation": {
                "origin": [
                    13,
                    11.5,
                    12
                ],
                "angle": 0,
                "axis": "y"
            },
            "from": [
                5,
                4.5,
                4
            ],
            "to": [
                11,
                10.5,
                12
            ],
            "faces": {
                "east": {
                    "uv": [
                        1,
                        1.5,
                        4.5,
                        5
                    ],
                    "texture": "#0"
                },
                "south": {
                    "uv": [
                        1,
                        1.5,
                        4.5,
                        5
                    ],
                    "texture": "#0"
                },
                "north": {
                    "uv": [
                        1,
                        1.5,
                        4.5,
                        5
                    ],
                    "texture": "#0"
                },
                "west": {
                    "uv": [
                        1,
                        1.5,
                        4.5,
                        5
                    ],
                    "texture": "#0"
                },
                "up": {
                    "uv": [
                        1,
                        1.5,
                        4.5,
                        5
                    ],
                    "texture": "#0"
                },
                "down": {
                    "uv": [
                        1,
                        1.5,
                        4.5,
                        5
                    ],
                    "texture": "#0"
                }
            }
        },
        {
            "rotation": {
                "origin": [
                    9.5,
                    12,
                    11.99219
                ],
                "angle": 0,
                "axis": "y"
            },
            "from": [
                5,
                6.5,
                3.99219
            ],
            "to": [
                7,
                10.5,
                3.99719
            ],
            "faces": {
                "east": {
                    "uv": [
                        1,
                        1.5,
                        2.75,
                        2.75
                    ],
                    "texture": "#1"
                },
                "south": {
                    "uv": [
                        5,
                        0.25,
                        0.25,
                        13.25
                    ],
                    "texture": "#3"
                },
                "north": {
                    "uv": [
                        0.25,
                        0.25,
                        5,
                        13.25
                    ],
                    "texture": "#1"
                },
                "west": {
                    "uv": [
                        1,
                        1.5,
                        2.75,
                        2.75
                    ],
                    "texture": "#1"
                },
                "up": {
                    "uv": [
                        1,
                        1.5,
                        2.75,
                        2.75
                    ],
                    "texture": "#1"
                },
                "down": {
                    "uv": [
                        1,
                        1.5,
                        2.75,
                        2.75
                    ],
                    "texture": "#1"
                }
            }
        },
        {
            "rotation": {
                "origin": [
                    11,
                    9.5,
                    14.99219
                ],
                "angle": 0,
                "axis": "y"
            },
            "from": [
                -2,
                0,
                7.5
            ],
            "to": [
                18.5,
                16,
                7.505
            ],
            "faces": {
                "east": {
                    "uv": [
                        14.25,
                        15.125,
                        14.563,
                        15.625
                    ],
                    "texture": "#2"
                },
                "south": {
                    "uv": [
                        15.938,
                        0.063,
                        0.063,
                        12.438
                    ],
                    "texture": "#2"
                },
                "north": {
                    "uv": [
                        0.063,
                        0.063,
                        15.938,
                        12.438
                    ],
                    "texture": "#2"
                },
                "west": {
                    "uv": [
                        14.25,
                        15.125,
                        14.563,
                        15.625
                    ],
                    "texture": "#2"
                },
                "up": {
                    "uv": [
                        14.25,
                        15.125,
                        14.563,
                        15.625
                    ],
                    "texture": "#2"
                },
                "down": {
                    "uv": [
                        14.25,
                        15.125,
                        14.563,
                        15.625
                    ],
                    "texture": "#2"
                }
            }
        },
        {
            "rotation": {
                "origin": [
                    6.5,
                    12,
                    11.99219
                ],
                "angle": 0,
                "axis": "y"
            },
            "from": [
                9,
                6.5,
                3.99219
            ],
            "to": [
                11,
                10.5,
                3.99719
            ],
            "faces": {
                "east": {
                    "uv": [
                        2.75,
                        1.5,
                        1,
                        2.75
                    ],
                    "texture": "#1"
                },
                "south": {
                    "uv": [
                        0.25,
                        0.25,
                        5,
                        13.25
                    ],
                    "texture": "#3"
                },
                "north": {
                    "uv": [
                        5,
                        0.25,
                        0.25,
                        13.25
                    ],
                    "texture": "#1"
                },
                "west": {
                    "uv": [
                        2.75,
                        1.5,
                        1,
                        2.75
                    ],
                    "texture": "#1"
                },
                "up": {
                    "uv": [
                        2.75,
                        1.5,
                        1,
                        2.75
                    ],
                    "texture": "#1"
                },
                "down": {
                    "uv": [
                        2.75,
                        1.5,
                        1,
                        2.75
                    ],
                    "texture": "#1"
                }
            }
        },
        {
            "rotation": {
                "origin": [
                    5,
                    9.5,
                    3.99219
                ],
                "angle": 45,
                "axis": "y"
            },
            "from": [
                1.5,
                6.5,
                3.99219
            ],
            "to": [
                5,
                10.5,
                3.99719
            ],
            "faces": {
                "east": {
                    "uv": [
                        1,
                        1.5,
                        2.75,
                        2.75
                    ],
                    "texture": "#1"
                },
                "south": {
                    "uv": [
                        15.75,
                        0.25,
                        5,
                        13.25
                    ],
                    "texture": "#3"
                },
                "north": {
                    "uv": [
                        5,
                        0.25,
                        15.75,
                        13.25
                    ],
                    "texture": "#1"
                },
                "west": {
                    "uv": [
                        1,
                        1.5,
                        2.75,
                        2.75
                    ],
                    "texture": "#1"
                },
                "up": {
                    "uv": [
                        1,
                        1.5,
                        2.75,
                        2.75
                    ],
                    "texture": "#1"
                },
                "down": {
                    "uv": [
                        1,
                        1.5,
                        2.75,
                        2.75
                    ],
                    "texture": "#1"
                }
            }
        },
        {
            "rotation": {
                "origin": [
                    11,
                    9.5,
                    3.99219
                ],
                "angle": -45,
                "axis": "y"
            },
            "from": [
                11,
                6.5,
                3.99219
            ],
            "to": [
                14.5,
                10.5,
                3.99719
            ],
            "faces": {
                "east": {
                    "uv": [
                        2.75,
                        1.5,
                        1,
                        2.75
                    ],
                    "texture": "#1"
                },
                "south": {
                    "uv": [
                        5,
                        0.25,
                        15.75,
                        13.25
                    ],
                    "texture": "#3"
                },
                "north": {
                    "uv": [
                        15.75,
                        0.25,
                        5,
                        13.25
                    ],
                    "texture": "#1"
                },
                "west": {
                    "uv": [
                        2.75,
                        1.5,
                        1,
                        2.75
                    ],
                    "texture": "#1"
                },
                "up": {
                    "uv": [
                        2.75,
                        1.5,
                        1,
                        2.75
                    ],
                    "texture": "#1"
                },
                "down": {
                    "uv": [
                        2.75,
                        1.5,
                        1,
                        2.75
                    ],
                    "texture": "#1"
                }
            }
        },
        {
            "rotation": {
                "origin": [
                    13,
                    8,
                    11.99219
                ],
                "angle": 0,
                "axis": "y"
            },
            "from": [
                6,
                5.375,
                3.99219
            ],
            "to": [
                10,
                6.5,
                4.49719
            ],
            "faces": {
                "east": {
                    "uv": [
                        7,
                        14,
                        6,
                        15
                    ],
                    "texture": "#0"
                },
                "south": {
                    "uv": [
                        7,
                        14,
                        6,
                        15
                    ],
                    "texture": "#0"
                },
                "north": {
                    "uv": [
                        7.5,
                        0.5,
                        11.5,
                        12.5
                    ],
                    "texture": "#0",
                    "rotation": 90
                },
                "west": {
                    "uv": [
                        7,
                        14,
                        6,
                        15
                    ],
                    "texture": "#0"
                },
                "up": {
                    "uv": [
                        7,
                        14,
                        6,
                        15
                    ],
                    "texture": "#0"
                },
                "down": {
                    "uv": [
                        7,
                        14,
                        6,
                        15
                    ],
                    "texture": "#0"
                }
            }
        },
        {
            "rotation": {
                "origin": [
                    7,
                    8,
                    3.99219
                ],
                "angle": -22.5,
                "axis": "z"
            },
            "from": [
                7,
                6.875,
                3.99219
            ],
            "to": [
                7.125,
                8,
                4.49719
            ],
            "faces": {
                "east": {
                    "uv": [
                        6,
                        14,
                        7,
                        15
                    ],
                    "texture": "#0"
                },
                "south": {
                    "uv": [
                        6,
                        14,
                        7,
                        15
                    ],
                    "texture": "#0"
                },
                "north": {
                    "uv": [
                        15.5,
                        0.5,
                        12,
                        13
                    ],
                    "texture": "#0"
                },
                "west": {
                    "uv": [
                        6,
                        14,
                        7,
                        15
                    ],
                    "texture": "#0"
                },
                "up": {
                    "uv": [
                        6,
                        14,
                        7,
                        15
                    ],
                    "texture": "#0"
                },
                "down": {
                    "uv": [
                        6,
                        14,
                        7,
                        15
                    ],
                    "texture": "#0"
                }
            }
        },
        {
            "rotation": {
                "origin": [
                    9,
                    8,
                    3.99219
                ],
                "angle": 22.5,
                "axis": "z"
            },
            "from": [
                8.875,
                6.875,
                3.99219
            ],
            "to": [
                9,
                8,
                4.49719
            ],
            "faces": {
                "east": {
                    "uv": [
                        7,
                        14,
                        6,
                        15
                    ],
                    "texture": "#0"
                },
                "south": {
                    "uv": [
                        7,
                        14,
                        6,
                        15
                    ],
                    "texture": "#0"
                },
                "north": {
                    "uv": [
                        12,
                        0.5,
                        15.5,
                        13
                    ],
                    "texture": "#0"
                },
                "west": {
                    "uv": [
                        7,
                        14,
                        6,
                        15
                    ],
                    "texture": "#0"
                },
                "up": {
                    "uv": [
                        7,
                        14,
                        6,
                        15
                    ],
                    "texture": "#0"
                },
                "down": {
                    "uv": [
                        7,
                        14,
                        6,
                        15
                    ],
                    "texture": "#0"
                }
            }
        },
        {
            "rotation": {
                "origin": [
                    6.75,
                    9.125,
                    3.99219
                ],
                "angle": 45,
                "axis": "z"
            },
            "from": [
                6.75,
                8.25,
                3.99219
            ],
            "to": [
                6.875,
                9.375,
                4.49719
            ],
            "faces": {
                "east": {
                    "uv": [
                        6,
                        14,
                        7,
                        15
                    ],
                    "texture": "#0"
                },
                "south": {
                    "uv": [
                        6,
                        14,
                        7,
                        15
                    ],
                    "texture": "#0"
                },
                "north": {
                    "uv": [
                        15.5,
                        0.5,
                        12,
                        13
                    ],
                    "texture": "#0"
                },
                "west": {
                    "uv": [
                        6,
                        14,
                        7,
                        15
                    ],
                    "texture": "#0"
                },
                "up": {
                    "uv": [
                        6,
                        14,
                        7,
                        15
                    ],
                    "texture": "#0"
                },
                "down": {
                    "uv": [
                        6,
                        14,
                        7,
                        15
                    ],
                    "texture": "#0"
                }
            }
        },
        {
            "rotation": {
                "origin": [
                    9.25,
                    9.125,
                    3.99219
                ],
                "angle": -45,
                "axis": "z"
            },
            "from": [
                9.125,
                8.25,
                3.99219
            ],
            "to": [
                9.25,
                9.375,
                4.49719
            ],
            "faces": {
                "east": {
                    "uv": [
                        7,
                        14,
                        6,
                        15
                    ],
                    "texture": "#0"
                },
                "south": {
                    "uv": [
                        7,
                        14,
                        6,
                        15
                    ],
                    "texture": "#0"
                },
                "north": {
                    "uv": [
                        12,
                        0.5,
                        15.5,
                        13
                    ],
                    "texture": "#0"
                },
                "west": {
                    "uv": [
                        7,
                        14,
                        6,
                        15
                    ],
                    "texture": "#0"
                },
                "up": {
                    "uv": [
                        7,
                        14,
                        6,
                        15
                    ],
                    "texture": "#0"
                },
                "down": {
                    "uv": [
                        7,
                        14,
                        6,
                        15
                    ],
                    "texture": "#0"
                }
            }
        },
        {
            "rotation": {
                "origin": [
                    3.98438,
                    8.125,
                    6.49219
                ],
                "angle": 22.5,
                "axis": "x"
            },
            "from": [
                3.98438,
                6.5,
                6.36719
            ],
            "to": [
                4.48938,
                9,
                6.61719
            ],
            "faces": {
                "east": {
                    "uv": [
                        6,
                        14,
                        7,
                        15
                    ],
                    "texture": "#0",
                    "rotation": 180
                },
                "south": {
                    "uv": [
                        6,
                        14,
                        7,
                        15
                    ],
                    "texture": "#0",
                    "rotation": 180
                },
                "north": {
                    "uv": [
                        6,
                        14,
                        7,
                        15
                    ],
                    "texture": "#0",
                    "rotation": 180
                },
                "west": {
                    "uv": [
                        15.5,
                        0.5,
                        12,
                        13
                    ],
                    "texture": "#0",
                    "rotation": 180
                },
                "up": {
                    "uv": [
                        6,
                        14,
                        7,
                        15
                    ],
                    "texture": "#0",
                    "rotation": 90
                },
                "down": {
                    "uv": [
                        6,
                        14,
                        7,
                        15
                    ],
                    "texture": "#0",
                    "rotation": 270
                }
            }
        },
        {
            "rotation": {
                "origin": [
                    12.01563,
                    8.125,
                    6.49219
                ],
                "angle": 22.5,
                "axis": "x"
            },
            "from": [
                11.51063,
                6.5,
                6.36719
            ],
            "to": [
                12.01563,
                9,
                6.61719
            ],
            "faces": {
                "east": {
                    "uv": [
                        12,
                        0.5,
                        15.5,
                        13
                    ],
                    "texture": "#0",
                    "rotation": 180
                },
                "south": {
                    "uv": [
                        7,
                        14,
                        6,
                        15
                    ],
                    "texture": "#0",
                    "rotation": 180
                },
                "north": {
                    "uv": [
                        7,
                        14,
                        6,
                        15
                    ],
                    "texture": "#0",
                    "rotation": 180
                },
                "west": {
                    "uv": [
                        7,
                        14,
                        6,
                        15
                    ],
                    "texture": "#0",
                    "rotation": 180
                },
                "up": {
                    "uv": [
                        6,
                        15,
                        7,
                        14
                    ],
                    "texture": "#0",
                    "rotation": 90
                },
                "down": {
                    "uv": [
                        6,
                        15,
                        7,
                        14
                    ],
                    "texture": "#0",
                    "rotation": 270
                }
            }
        },
        {
            "rotation": {
                "origin": [
                    6.5,
                    6.25,
                    3.98438
                ],
                "angle": -22.5,
                "axis": "z"
            },
            "from": [
                6,
                5.25,
                3.98438
            ],
            "to": [
                6.5,
                6.25,
                4.48938
            ],
            "faces": {
                "east": {
                    "uv": [
                        7,
                        14,
                        6,
                        15
                    ],
                    "texture": "#0"
                },
                "south": {
                    "uv": [
                        7,
                        14,
                        6,
                        15
                    ],
                    "texture": "#0"
                },
                "north": {
                    "uv": [
                        0.5,
                        7,
                        6,
                        13
                    ],
                    "texture": "#0"
                },
                "west": {
                    "uv": [
                        7,
                        14,
                        6,
                        15
                    ],
                    "texture": "#0"
                },
                "up": {
                    "uv": [
                        7,
                        14,
                        6,
                        15
                    ],
                    "texture": "#0"
                },
                "down": {
                    "uv": [
                        7,
                        14,
                        6,
                        15
                    ],
                    "texture": "#0"
                }
            }
        },
        {
            "rotation": {
                "origin": [
                    9.5,
                    6.25,
                    3.98438
                ],
                "angle": 22.5,
                "axis": "z"
            },
            "from": [
                9.5,
                5.25,
                3.98438
            ],
            "to": [
                10,
                6.25,
                4.48938
            ],
            "faces": {
                "east": {
                    "uv": [
                        6,
                        14,
                        7,
                        15
                    ],
                    "texture": "#0"
                },
                "south": {
                    "uv": [
                        6,
                        14,
                        7,
                        15
                    ],
                    "texture": "#0"
                },
                "north": {
                    "uv": [
                        6,
                        7,
                        0.5,
                        13
                    ],
                    "texture": "#0"
                },
                "west": {
                    "uv": [
                        6,
                        14,
                        7,
                        15
                    ],
                    "texture": "#0"
                },
                "up": {
                    "uv": [
                        6,
                        14,
                        7,
                        15
                    ],
                    "texture": "#0"
                },
                "down": {
                    "uv": [
                        6,
                        14,
                        7,
                        15
                    ],
                    "texture": "#0"
                }
            }
        },
        {
            "rotation": {
                "origin": [
                    14,
                    11.5,
                    12
                ],
                "angle": 0,
                "axis": "y"
            },
            "from": [
                4,
                4.5,
                5
            ],
            "to": [
                12,
                10.5,
                11
            ],
            "faces": {
                "east": {
                    "uv": [
                        1,
                        1.5,
                        4.5,
                        5
                    ],
                    "texture": "#0"
                },
                "south": {
                    "uv": [
                        1,
                        1.5,
                        4.5,
                        5
                    ],
                    "texture": "#0"
                },
                "north": {
                    "uv": [
                        1,
                        1.5,
                        4.5,
                        5
                    ],
                    "texture": "#0"
                },
                "west": {
                    "uv": [
                        1,
                        1.5,
                        4.5,
                        5
                    ],
                    "texture": "#0"
                },
                "up": {
                    "uv": [
                        1,
                        1.5,
                        4.5,
                        5
                    ],
                    "texture": "#0"
                },
                "down": {
                    "uv": [
                        1,
                        1.5,
                        4.5,
                        5
                    ],
                    "texture": "#0"
                }
            }
        }
    ],
    "display": {
        "head": {
            "translation": [
                0,
                -18.5,
                0
            ],
            "scale": [
                2,
                2,
                2
            ]
        },
        "gui": {
            "rotation": [
                30,
                145,
                0
            ],
            "translation": [
                0.5,
                0.5,
                0
            ],
            "scale": [
                0.8,
                0.8,
                0.8
            ]
        }
    },
    "credit": "Made by MadstonMagic, using Cubik Pro & Blockbench"
}