{
    "textures": {
        "0": "pokemon/94_gengar/gengar",
        "1": "pokemon/94_gengar/eye",
        "2": "pokemon/94_gengar/mouth",
        "3": "pokemon/94_gengar/hair_top",
        "4": "pokemon/94_gengar/ear",
        "particle": "pokemon/94_gengar/gengar"
    },
    "elements": [
        {
            "rotation": {
                "origin": [
                    8,
                    7,
                    8
                ],
                "angle": 0,
                "axis": "y"
            },
            "from": [
                3,
                3,
                4
            ],
            "to": [
                13,
                13,
                10
            ],
            "faces": {
                "east": {
                    "uv": [
                        1.5,
                        1.5,
                        6,
                        6.5
                    ],
                    "texture": "#0"
                },
                "south": {
                    "uv": [
                        1.5,
                        1.5,
                        6,
                        6.5
                    ],
                    "texture": "#0"
                },
                "north": {
                    "uv": [
                        1.5,
                        1.5,
                        6,
                        6.5
                    ],
                    "texture": "#0"
                },
                "west": {
                    "uv": [
                        1.5,
                        1.5,
                        6,
                        6.5
                    ],
                    "texture": "#0"
                },
                "up": {
                    "uv": [
                        1.5,
                        1.5,
                        6,
                        6.5
                    ],
                    "texture": "#0"
                },
                "down": {
                    "uv": [
                        1.5,
                        1.5,
                        6,
                        6.5
                    ],
                    "texture": "#0"
                }
            }
        },
        {
            "rotation": {
                "origin": [
                    8,
                    7,
                    8
                ],
                "angle": 0,
                "axis": "y"
            },
            "from": [
                -2,
                10.5,
                5.5
            ],
            "to": [
                9,
                16.5,
                5.505
            ],
            "faces": {
                "east": {
                    "uv": [
                        1.5,
                        1.5,
                        4.25,
                        3.5
                    ],
                    "texture": "#4"
                },
                "south": {
                    "uv": [
                        15.5,
                        0.25,
                        0.25,
                        14
                    ],
                    "texture": "#4"
                },
                "north": {
                    "uv": [
                        0.25,
                        0.25,
                        15.5,
                        14
                    ],
                    "texture": "#4"
                },
                "west": {
                    "uv": [
                        1.5,
                        1.5,
                        4.25,
                        3.5
                    ],
                    "texture": "#4"
                },
                "up": {
                    "uv": [
                        1.5,
                        1.5,
                        4.25,
                        3.5
                    ],
                    "texture": "#4"
                },
                "down": {
                    "uv": [
                        1.5,
                        1.5,
                        4.25,
                        3.5
                    ],
                    "texture": "#4"
                }
            }
        },
        {
            "rotation": {
                "origin": [
                    8,
                    7,
                    8
                ],
                "angle": 0,
                "axis": "y"
            },
            "from": [
                5.5,
                13,
                8
            ],
            "to": [
                11,
                16,
                8.005
            ],
            "faces": {
                "east": {
                    "uv": [
                        9,
                        12,
                        11.75,
                        14
                    ],
                    "texture": "#3"
                },
                "south": {
                    "uv": [
                        15.5,
                        0.25,
                        0.25,
                        8.75
                    ],
                    "texture": "#3"
                },
                "north": {
                    "uv": [
                        0.25,
                        0.25,
                        15.5,
                        8.75
                    ],
                    "texture": "#3"
                },
                "west": {
                    "uv": [
                        9,
                        12,
                        11.75,
                        14
                    ],
                    "texture": "#3"
                },
                "up": {
                    "uv": [
                        9,
                        12,
                        11.75,
                        14
                    ],
                    "texture": "#3"
                },
                "down": {
                    "uv": [
                        9,
                        12,
                        11.75,
                        14
                    ],
                    "texture": "#3"
                }
            }
        },
        {
            "rotation": {
                "origin": [
                    8,
                    7,
                    8
                ],
                "angle": 0,
                "axis": "y"
            },
            "from": [
                4.5,
                13,
                8
            ],
            "to": [
                7,
                15,
                8.005
            ],
            "faces": {
                "east": {
                    "uv": [
                        9,
                        12,
                        11.75,
                        14
                    ],
                    "texture": "#3"
                },
                "south": {
                    "uv": [
                        5.75,
                        11,
                        1.25,
                        15.5
                    ],
                    "texture": "#3"
                },
                "north": {
                    "uv": [
                        1.25,
                        11,
                        5.75,
                        15.5
                    ],
                    "texture": "#3"
                },
                "west": {
                    "uv": [
                        9,
                        12,
                        11.75,
                        14
                    ],
                    "texture": "#3"
                },
                "up": {
                    "uv": [
                        9,
                        12,
                        11.75,
                        14
                    ],
                    "texture": "#3"
                },
                "down": {
                    "uv": [
                        9,
                        12,
                        11.75,
                        14
                    ],
                    "texture": "#3"
                }
            }
        },
        {
            "rotation": {
                "origin": [
                    8,
                    7,
                    8
                ],
                "angle": 0,
                "axis": "y"
            },
            "from": [
                7,
                10.5,
                5.5
            ],
            "to": [
                18,
                16.5,
                5.505
            ],
            "faces": {
                "east": {
                    "uv": [
                        4.25,
                        1.5,
                        1.5,
                        3.5
                    ],
                    "texture": "#4"
                },
                "south": {
                    "uv": [
                        0.25,
                        0.25,
                        15.5,
                        14
                    ],
                    "texture": "#4"
                },
                "north": {
                    "uv": [
                        15.5,
                        0.25,
                        0.25,
                        14
                    ],
                    "texture": "#4"
                },
                "west": {
                    "uv": [
                        4.25,
                        1.5,
                        1.5,
                        3.5
                    ],
                    "texture": "#4"
                },
                "up": {
                    "uv": [
                        4.25,
                        1.5,
                        1.5,
                        3.5
                    ],
                    "texture": "#4"
                },
                "down": {
                    "uv": [
                        4.25,
                        1.5,
                        1.5,
                        3.5
                    ],
                    "texture": "#4"
                }
            }
        },
        {
            "rotation": {
                "origin": [
                    8,
                    7,
                    8
                ],
                "angle": 0,
                "axis": "y"
            },
            "from": [
                2,
                3,
                4
            ],
            "to": [
                14,
                12,
                10
            ],
            "faces": {
                "east": {
                    "uv": [
                        1.5,
                        1.5,
                        6,
                        6.5
                    ],
                    "texture": "#0"
                },
                "south": {
                    "uv": [
                        1.5,
                        1.5,
                        6,
                        6.5
                    ],
                    "texture": "#0"
                },
                "north": {
                    "uv": [
                        1.5,
                        1.5,
                        6,
                        6.5
                    ],
                    "texture": "#0"
                },
                "west": {
                    "uv": [
                        1.5,
                        1.5,
                        6,
                        6.5
                    ],
                    "texture": "#0"
                },
                "up": {
                    "uv": [
                        1.5,
                        1.5,
                        6,
                        6.5
                    ],
                    "texture": "#0"
                },
                "down": {
                    "uv": [
                        1.5,
                        1.5,
                        6,
                        6.5
                    ],
                    "texture": "#0"
                }
            }
        },
        {
            "rotation": {
                "origin": [
                    6.5,
                    0.5,
                    8
                ],
                "angle": 0,
                "axis": "y"
            },
            "from": [
                1.5,
                -1,
                5.5
            ],
            "to": [
                5,
                3,
                8.5
            ],
            "faces": {
                "east": {
                    "uv": [
                        1.5,
                        1.5,
                        6,
                        6.5
                    ],
                    "texture": "#0"
                },
                "south": {
                    "uv": [
                        1.5,
                        1.5,
                        6,
                        6.5
                    ],
                    "texture": "#0"
                },
                "north": {
                    "uv": [
                        1.5,
                        1.5,
                        6,
                        6.5
                    ],
                    "texture": "#0"
                },
                "west": {
                    "uv": [
                        1.5,
                        1.5,
                        6,
                        6.5
                    ],
                    "texture": "#0"
                },
                "up": {
                    "uv": [
                        1.5,
                        1.5,
                        6,
                        6.5
                    ],
                    "texture": "#0"
                },
                "down": {
                    "uv": [
                        1.5,
                        1.5,
                        6,
                        6.5
                    ],
                    "texture": "#0"
                }
            }
        },
        {
            "rotation": {
                "origin": [
                    9.5,
                    0.5,
                    8
                ],
                "angle": 0,
                "axis": "y"
            },
            "from": [
                11,
                -1,
                5.5
            ],
            "to": [
                14.5,
                3,
                8.5
            ],
            "faces": {
                "east": {
                    "uv": [
                        6,
                        1.5,
                        1.5,
                        6.5
                    ],
                    "texture": "#0"
                },
                "south": {
                    "uv": [
                        6,
                        1.5,
                        1.5,
                        6.5
                    ],
                    "texture": "#0"
                },
                "north": {
                    "uv": [
                        6,
                        1.5,
                        1.5,
                        6.5
                    ],
                    "texture": "#0"
                },
                "west": {
                    "uv": [
                        6,
                        1.5,
                        1.5,
                        6.5
                    ],
                    "texture": "#0"
                },
                "up": {
                    "uv": [
                        6,
                        1.5,
                        1.5,
                        6.5
                    ],
                    "texture": "#0"
                },
                "down": {
                    "uv": [
                        6,
                        1.5,
                        1.5,
                        6.5
                    ],
                    "texture": "#0"
                }
            }
        },
        {
            "rotation": {
                "origin": [
                    6.5,
                    0.5,
                    8
                ],
                "angle": 0,
                "axis": "y"
            },
            "from": [
                2,
                -1,
                5
            ],
            "to": [
                4.5,
                3,
                9
            ],
            "faces": {
                "east": {
                    "uv": [
                        1.5,
                        1.5,
                        6,
                        6.5
                    ],
                    "texture": "#0"
                },
                "south": {
                    "uv": [
                        1.5,
                        1.5,
                        6,
                        6.5
                    ],
                    "texture": "#0"
                },
                "north": {
                    "uv": [
                        1.5,
                        1.5,
                        6,
                        6.5
                    ],
                    "texture": "#0"
                },
                "west": {
                    "uv": [
                        1.5,
                        1.5,
                        6,
                        6.5
                    ],
                    "texture": "#0"
                },
                "up": {
                    "uv": [
                        1.5,
                        1.5,
                        6,
                        6.5
                    ],
                    "texture": "#0"
                },
                "down": {
                    "uv": [
                        1.5,
                        1.5,
                        6,
                        6.5
                    ],
                    "texture": "#0"
                }
            }
        },
        {
            "rotation": {
                "origin": [
                    9.5,
                    0.5,
                    8
                ],
                "angle": 0,
                "axis": "y"
            },
            "from": [
                11.5,
                -1,
                5
            ],
            "to": [
                14,
                3,
                9
            ],
            "faces": {
                "east": {
                    "uv": [
                        6,
                        1.5,
                        1.5,
                        6.5
                    ],
                    "texture": "#0"
                },
                "south": {
                    "uv": [
                        6,
                        1.5,
                        1.5,
                        6.5
                    ],
                    "texture": "#0"
                },
                "north": {
                    "uv": [
                        6,
                        1.5,
                        1.5,
                        6.5
                    ],
                    "texture": "#0"
                },
                "west": {
                    "uv": [
                        6,
                        1.5,
                        1.5,
                        6.5
                    ],
                    "texture": "#0"
                },
                "up": {
                    "uv": [
                        6,
                        1.5,
                        1.5,
                        6.5
                    ],
                    "texture": "#0"
                },
                "down": {
                    "uv": [
                        6,
                        1.5,
                        1.5,
                        6.5
                    ],
                    "texture": "#0"
                }
            }
        },
        {
            "rotation": {
                "origin": [
                    2.75,
                    -2,
                    6.5
                ],
                "angle": 45,
                "axis": "y"
            },
            "from": [
                1.5,
                -2,
                4
            ],
            "to": [
                4,
                -1,
                8
            ],
            "faces": {
                "east": {
                    "uv": [
                        1.5,
                        1.5,
                        6,
                        6.5
                    ],
                    "texture": "#0"
                },
                "south": {
                    "uv": [
                        1.5,
                        1.5,
                        6,
                        6.5
                    ],
                    "texture": "#0"
                },
                "north": {
                    "uv": [
                        1.5,
                        1.5,
                        6,
                        6.5
                    ],
                    "texture": "#0"
                },
                "west": {
                    "uv": [
                        1.5,
                        1.5,
                        6,
                        6.5
                    ],
                    "texture": "#0"
                },
                "up": {
                    "uv": [
                        1.5,
                        1.5,
                        6,
                        6.5
                    ],
                    "texture": "#0"
                },
                "down": {
                    "uv": [
                        1.5,
                        1.5,
                        6,
                        6.5
                    ],
                    "texture": "#0"
                }
            }
        },
        {
            "rotation": {
                "origin": [
                    13.25,
                    -2,
                    6.5
                ],
                "angle": -45,
                "axis": "y"
            },
            "from": [
                12,
                -2,
                4
            ],
            "to": [
                14.5,
                -1,
                8
            ],
            "faces": {
                "east": {
                    "uv": [
                        6,
                        1.5,
                        1.5,
                        6.5
                    ],
                    "texture": "#0"
                },
                "south": {
                    "uv": [
                        6,
                        1.5,
                        1.5,
                        6.5
                    ],
                    "texture": "#0"
                },
                "north": {
                    "uv": [
                        6,
                        1.5,
                        1.5,
                        6.5
                    ],
                    "texture": "#0"
                },
                "west": {
                    "uv": [
                        6,
                        1.5,
                        1.5,
                        6.5
                    ],
                    "texture": "#0"
                },
                "up": {
                    "uv": [
                        6,
                        1.5,
                        1.5,
                        6.5
                    ],
                    "texture": "#0"
                },
                "down": {
                    "uv": [
                        6,
                        1.5,
                        1.5,
                        6.5
                    ],
                    "texture": "#0"
                }
            }
        },
        {
            "rotation": {
                "origin": [
                    2.75,
                    -2,
                    6.5
                ],
                "angle": 45,
                "axis": "y"
            },
            "from": [
                2.5,
                -2,
                3.5
            ],
            "to": [
                3,
                -1,
                5
            ],
            "faces": {
                "east": {
                    "uv": [
                        1.5,
                        1.5,
                        6,
                        6.5
                    ],
                    "texture": "#0"
                },
                "south": {
                    "uv": [
                        1.5,
                        1.5,
                        6,
                        6.5
                    ],
                    "texture": "#0"
                },
                "north": {
                    "uv": [
                        1.5,
                        1.5,
                        6,
                        6.5
                    ],
                    "texture": "#0"
                },
                "west": {
                    "uv": [
                        1.5,
                        1.5,
                        6,
                        6.5
                    ],
                    "texture": "#0"
                },
                "up": {
                    "uv": [
                        1.5,
                        1.5,
                        6,
                        6.5
                    ],
                    "texture": "#0"
                },
                "down": {
                    "uv": [
                        1.5,
                        1.5,
                        6,
                        6.5
                    ],
                    "texture": "#0"
                }
            }
        },
        {
            "rotation": {
                "origin": [
                    13.25,
                    -2,
                    6.5
                ],
                "angle": -45,
                "axis": "y"
            },
            "from": [
                13,
                -2,
                3.5
            ],
            "to": [
                13.5,
                -1,
                5
            ],
            "faces": {
                "east": {
                    "uv": [
                        6,
                        1.5,
                        1.5,
                        6.5
                    ],
                    "texture": "#0"
                },
                "south": {
                    "uv": [
                        6,
                        1.5,
                        1.5,
                        6.5
                    ],
                    "texture": "#0"
                },
                "north": {
                    "uv": [
                        6,
                        1.5,
                        1.5,
                        6.5
                    ],
                    "texture": "#0"
                },
                "west": {
                    "uv": [
                        6,
                        1.5,
                        1.5,
                        6.5
                    ],
                    "texture": "#0"
                },
                "up": {
                    "uv": [
                        6,
                        1.5,
                        1.5,
                        6.5
                    ],
                    "texture": "#0"
                },
                "down": {
                    "uv": [
                        6,
                        1.5,
                        1.5,
                        6.5
                    ],
                    "texture": "#0"
                }
            }
        },
        {
            "rotation": {
                "origin": [
                    2.75,
                    -2,
                    6.5
                ],
                "angle": -22.5,
                "axis": "y"
            },
            "from": [
                -0.53805,
                -2,
                6.19814
            ],
            "to": [
                0.96195,
                -1,
                6.69814
            ],
            "faces": {
                "east": {
                    "uv": [
                        1.5,
                        1.5,
                        6,
                        6.5
                    ],
                    "texture": "#0"
                },
                "south": {
                    "uv": [
                        1.5,
                        1.5,
                        6,
                        6.5
                    ],
                    "texture": "#0"
                },
                "north": {
                    "uv": [
                        1.5,
                        1.5,
                        6,
                        6.5
                    ],
                    "texture": "#0"
                },
                "west": {
                    "uv": [
                        1.5,
                        1.5,
                        6,
                        6.5
                    ],
                    "texture": "#0"
                },
                "up": {
                    "uv": [
                        1.5,
                        1.5,
                        6,
                        6.5
                    ],
                    "texture": "#0",
                    "rotation": 270
                },
                "down": {
                    "uv": [
                        1.5,
                        1.5,
                        6,
                        6.5
                    ],
                    "texture": "#0",
                    "rotation": 90
                }
            }
        },
        {
            "rotation": {
                "origin": [
                    13.25,
                    -2,
                    6.5
                ],
                "angle": 22.5,
                "axis": "y"
            },
            "from": [
                15.03805,
                -2,
                6.19814
            ],
            "to": [
                16.53805,
                -1,
                6.69814
            ],
            "faces": {
                "east": {
                    "uv": [
                        6,
                        1.5,
                        1.5,
                        6.5
                    ],
                    "texture": "#0"
                },
                "south": {
                    "uv": [
                        6,
                        1.5,
                        1.5,
                        6.5
                    ],
                    "texture": "#0"
                },
                "north": {
                    "uv": [
                        6,
                        1.5,
                        1.5,
                        6.5
                    ],
                    "texture": "#0"
                },
                "west": {
                    "uv": [
                        6,
                        1.5,
                        1.5,
                        6.5
                    ],
                    "texture": "#0"
                },
                "up": {
                    "uv": [
                        1.5,
                        6.5,
                        6,
                        1.5
                    ],
                    "texture": "#0",
                    "rotation": 270
                },
                "down": {
                    "uv": [
                        1.5,
                        6.5,
                        6,
                        1.5
                    ],
                    "texture": "#0",
                    "rotation": 90
                }
            }
        },
        {
            "rotation": {
                "origin": [
                    2.75,
                    -2,
                    6.5
                ],
                "angle": 22.5,
                "axis": "y"
            },
            "from": [
                2.44814,
                -2,
                3.21195
            ],
            "to": [
                2.94814,
                -1,
                4.71195
            ],
            "faces": {
                "east": {
                    "uv": [
                        6,
                        1.5,
                        1.5,
                        6.5
                    ],
                    "texture": "#0"
                },
                "south": {
                    "uv": [
                        6,
                        1.5,
                        1.5,
                        6.5
                    ],
                    "texture": "#0"
                },
                "north": {
                    "uv": [
                        6,
                        1.5,
                        1.5,
                        6.5
                    ],
                    "texture": "#0"
                },
                "west": {
                    "uv": [
                        6,
                        1.5,
                        1.5,
                        6.5
                    ],
                    "texture": "#0"
                },
                "up": {
                    "uv": [
                        6,
                        1.5,
                        1.5,
                        6.5
                    ],
                    "texture": "#0"
                },
                "down": {
                    "uv": [
                        6,
                        1.5,
                        1.5,
                        6.5
                    ],
                    "texture": "#0"
                }
            }
        },
        {
            "rotation": {
                "origin": [
                    13.25,
                    -2,
                    6.5
                ],
                "angle": -22.5,
                "axis": "y"
            },
            "from": [
                13.05186,
                -2,
                3.21195
            ],
            "to": [
                13.55186,
                -1,
                4.71195
            ],
            "faces": {
                "east": {
                    "uv": [
                        1.5,
                        1.5,
                        6,
                        6.5
                    ],
                    "texture": "#0"
                },
                "south": {
                    "uv": [
                        1.5,
                        1.5,
                        6,
                        6.5
                    ],
                    "texture": "#0"
                },
                "north": {
                    "uv": [
                        1.5,
                        1.5,
                        6,
                        6.5
                    ],
                    "texture": "#0"
                },
                "west": {
                    "uv": [
                        1.5,
                        1.5,
                        6,
                        6.5
                    ],
                    "texture": "#0"
                },
                "up": {
                    "uv": [
                        1.5,
                        1.5,
                        6,
                        6.5
                    ],
                    "texture": "#0"
                },
                "down": {
                    "uv": [
                        1.5,
                        1.5,
                        6,
                        6.5
                    ],
                    "texture": "#0"
                }
            }
        },
        {
            "rotation": {
                "origin": [
                    2.75,
                    -2,
                    6.5
                ],
                "angle": 45,
                "axis": "y"
            },
            "from": [
                2,
                -2,
                6
            ],
            "to": [
                3.5,
                -1,
                8.5
            ],
            "faces": {
                "east": {
                    "uv": [
                        1.5,
                        1.5,
                        6,
                        6.5
                    ],
                    "texture": "#0"
                },
                "south": {
                    "uv": [
                        1.5,
                        1.5,
                        6,
                        6.5
                    ],
                    "texture": "#0"
                },
                "north": {
                    "uv": [
                        1.5,
                        1.5,
                        6,
                        6.5
                    ],
                    "texture": "#0"
                },
                "west": {
                    "uv": [
                        1.5,
                        1.5,
                        6,
                        6.5
                    ],
                    "texture": "#0"
                },
                "up": {
                    "uv": [
                        1.5,
                        1.5,
                        6,
                        6.5
                    ],
                    "texture": "#0"
                },
                "down": {
                    "uv": [
                        1.5,
                        1.5,
                        6,
                        6.5
                    ],
                    "texture": "#0"
                }
            }
        },
        {
            "rotation": {
                "origin": [
                    13.25,
                    -2,
                    6.5
                ],
                "angle": -45,
                "axis": "y"
            },
            "from": [
                12.5,
                -2,
                6
            ],
            "to": [
                14,
                -1,
                8.5
            ],
            "faces": {
                "east": {
                    "uv": [
                        6,
                        1.5,
                        1.5,
                        6.5
                    ],
                    "texture": "#0"
                },
                "south": {
                    "uv": [
                        6,
                        1.5,
                        1.5,
                        6.5
                    ],
                    "texture": "#0"
                },
                "north": {
                    "uv": [
                        6,
                        1.5,
                        1.5,
                        6.5
                    ],
                    "texture": "#0"
                },
                "west": {
                    "uv": [
                        6,
                        1.5,
                        1.5,
                        6.5
                    ],
                    "texture": "#0"
                },
                "up": {
                    "uv": [
                        6,
                        1.5,
                        1.5,
                        6.5
                    ],
                    "texture": "#0"
                },
                "down": {
                    "uv": [
                        6,
                        1.5,
                        1.5,
                        6.5
                    ],
                    "texture": "#0"
                }
            }
        },
        {
            "rotation": {
                "origin": [
                    7,
                    5,
                    8
                ],
                "angle": 0,
                "axis": "y"
            },
            "from": [
                3,
                1,
                4
            ],
            "to": [
                13,
                3,
                10
            ],
            "faces": {
                "east": {
                    "uv": [
                        1.5,
                        1.5,
                        6,
                        6.5
                    ],
                    "texture": "#0"
                },
                "south": {
                    "uv": [
                        1.5,
                        1.5,
                        6,
                        6.5
                    ],
                    "texture": "#0"
                },
                "north": {
                    "uv": [
                        1.5,
                        1.5,
                        6,
                        6.5
                    ],
                    "texture": "#0"
                },
                "west": {
                    "uv": [
                        1.5,
                        1.5,
                        6,
                        6.5
                    ],
                    "texture": "#0"
                },
                "up": {
                    "uv": [
                        1.5,
                        1.5,
                        6,
                        6.5
                    ],
                    "texture": "#0"
                },
                "down": {
                    "uv": [
                        1.5,
                        1.5,
                        6,
                        6.5
                    ],
                    "texture": "#0"
                }
            }
        },
        {
            "rotation": {
                "origin": [
                    6,
                    4,
                    8
                ],
                "angle": 0,
                "axis": "y"
            },
            "from": [
                4,
                0,
                4
            ],
            "to": [
                12,
                2,
                10
            ],
            "faces": {
                "east": {
                    "uv": [
                        1.5,
                        1.5,
                        6,
                        6.5
                    ],
                    "texture": "#0"
                },
                "south": {
                    "uv": [
                        1.5,
                        1.5,
                        6,
                        6.5
                    ],
                    "texture": "#0"
                },
                "north": {
                    "uv": [
                        1.5,
                        1.5,
                        6,
                        6.5
                    ],
                    "texture": "#0"
                },
                "west": {
                    "uv": [
                        1.5,
                        1.5,
                        6,
                        6.5
                    ],
                    "texture": "#0"
                },
                "up": {
                    "uv": [
                        1.5,
                        1.5,
                        6,
                        6.5
                    ],
                    "texture": "#0"
                },
                "down": {
                    "uv": [
                        1.5,
                        1.5,
                        6,
                        6.5
                    ],
                    "texture": "#0"
                }
            }
        },
        {
            "rotation": {
                "origin": [
                    2.5,
                    4.5,
                    7
                ],
                "angle": -22.5,
                "axis": "z"
            },
            "from": [
                -3,
                5.375,
                5.5
            ],
            "to": [
                2,
                7.5,
                7.75
            ],
            "faces": {
                "east": {
                    "uv": [
                        1.5,
                        1.5,
                        6,
                        6.5
                    ],
                    "texture": "#0"
                },
                "south": {
                    "uv": [
                        1.5,
                        1.5,
                        6,
                        6.5
                    ],
                    "texture": "#0"
                },
                "north": {
                    "uv": [
                        1.5,
                        1.5,
                        6,
                        6.5
                    ],
                    "texture": "#0"
                },
                "west": {
                    "uv": [
                        1.5,
                        1.5,
                        6,
                        6.5
                    ],
                    "texture": "#0"
                },
                "up": {
                    "uv": [
                        1.5,
                        1.5,
                        6,
                        6.5
                    ],
                    "texture": "#0"
                },
                "down": {
                    "uv": [
                        1.5,
                        1.5,
                        6,
                        6.5
                    ],
                    "texture": "#0"
                }
            }
        },
        {
            "rotation": {
                "origin": [
                    13.5,
                    4.5,
                    7
                ],
                "angle": 22.5,
                "axis": "z"
            },
            "from": [
                14,
                5.375,
                5.5
            ],
            "to": [
                19,
                7.5,
                7.75
            ],
            "faces": {
                "east": {
                    "uv": [
                        6,
                        1.5,
                        1.5,
                        6.5
                    ],
                    "texture": "#0"
                },
                "south": {
                    "uv": [
                        6,
                        1.5,
                        1.5,
                        6.5
                    ],
                    "texture": "#0"
                },
                "north": {
                    "uv": [
                        6,
                        1.5,
                        1.5,
                        6.5
                    ],
                    "texture": "#0"
                },
                "west": {
                    "uv": [
                        6,
                        1.5,
                        1.5,
                        6.5
                    ],
                    "texture": "#0"
                },
                "up": {
                    "uv": [
                        6,
                        1.5,
                        1.5,
                        6.5
                    ],
                    "texture": "#0"
                },
                "down": {
                    "uv": [
                        6,
                        1.5,
                        1.5,
                        6.5
                    ],
                    "texture": "#0"
                }
            }
        },
        {
            "rotation": {
                "origin": [
                    5.5,
                    5.5,
                    7
                ],
                "angle": 0,
                "axis": "z"
            },
            "from": [
                -0.125,
                6.625,
                5.5
            ],
            "to": [
                5.5,
                8.5,
                7.75
            ],
            "faces": {
                "east": {
                    "uv": [
                        1.5,
                        1.5,
                        6,
                        6.5
                    ],
                    "texture": "#0"
                },
                "south": {
                    "uv": [
                        1.5,
                        1.5,
                        6,
                        6.5
                    ],
                    "texture": "#0"
                },
                "north": {
                    "uv": [
                        1.5,
                        1.5,
                        6,
                        6.5
                    ],
                    "texture": "#0"
                },
                "west": {
                    "uv": [
                        1.5,
                        1.5,
                        6,
                        6.5
                    ],
                    "texture": "#0"
                },
                "up": {
                    "uv": [
                        1.5,
                        1.5,
                        6,
                        6.5
                    ],
                    "texture": "#0"
                },
                "down": {
                    "uv": [
                        1.5,
                        1.5,
                        6,
                        6.5
                    ],
                    "texture": "#0"
                }
            }
        },
        {
            "rotation": {
                "origin": [
                    10.5,
                    5.5,
                    7
                ],
                "angle": 0,
                "axis": "z"
            },
            "from": [
                10.5,
                6.625,
                5.5
            ],
            "to": [
                16.125,
                8.5,
                7.75
            ],
            "faces": {
                "east": {
                    "uv": [
                        6,
                        1.5,
                        1.5,
                        6.5
                    ],
                    "texture": "#0"
                },
                "south": {
                    "uv": [
                        6,
                        1.5,
                        1.5,
                        6.5
                    ],
                    "texture": "#0"
                },
                "north": {
                    "uv": [
                        6,
                        1.5,
                        1.5,
                        6.5
                    ],
                    "texture": "#0"
                },
                "west": {
                    "uv": [
                        6,
                        1.5,
                        1.5,
                        6.5
                    ],
                    "texture": "#0"
                },
                "up": {
                    "uv": [
                        6,
                        1.5,
                        1.5,
                        6.5
                    ],
                    "texture": "#0"
                },
                "down": {
                    "uv": [
                        6,
                        1.5,
                        1.5,
                        6.5
                    ],
                    "texture": "#0"
                }
            }
        },
        {
            "rotation": {
                "origin": [
                    -1.75,
                    7.375,
                    6.25
                ],
                "angle": 0,
                "axis": "z"
            },
            "from": [
                -2.78388,
                7.06598,
                6.25
            ],
            "to": [
                -1.53388,
                7.72223,
                7
            ],
            "faces": {
                "east": {
                    "uv": [
                        1.5,
                        1.5,
                        6,
                        6.5
                    ],
                    "texture": "#0"
                },
                "south": {
                    "uv": [
                        1.5,
                        1.5,
                        6,
                        6.5
                    ],
                    "texture": "#0"
                },
                "north": {
                    "uv": [
                        1.5,
                        1.5,
                        6,
                        6.5
                    ],
                    "texture": "#0"
                },
                "west": {
                    "uv": [
                        1.5,
                        1.5,
                        6,
                        6.5
                    ],
                    "texture": "#0"
                },
                "up": {
                    "uv": [
                        1.5,
                        1.5,
                        6,
                        6.5
                    ],
                    "texture": "#0"
                },
                "down": {
                    "uv": [
                        1.5,
                        1.5,
                        6,
                        6.5
                    ],
                    "texture": "#0"
                }
            }
        },
        {
            "rotation": {
                "origin": [
                    17.75,
                    7.375,
                    6.25
                ],
                "angle": 0,
                "axis": "z"
            },
            "from": [
                17.53388,
                7.06598,
                6.25
            ],
            "to": [
                18.78388,
                7.72223,
                7
            ],
            "faces": {
                "east": {
                    "uv": [
                        6,
                        1.5,
                        1.5,
                        6.5
                    ],
                    "texture": "#0"
                },
                "south": {
                    "uv": [
                        6,
                        1.5,
                        1.5,
                        6.5
                    ],
                    "texture": "#0"
                },
                "north": {
                    "uv": [
                        6,
                        1.5,
                        1.5,
                        6.5
                    ],
                    "texture": "#0"
                },
                "west": {
                    "uv": [
                        6,
                        1.5,
                        1.5,
                        6.5
                    ],
                    "texture": "#0"
                },
                "up": {
                    "uv": [
                        6,
                        1.5,
                        1.5,
                        6.5
                    ],
                    "texture": "#0"
                },
                "down": {
                    "uv": [
                        6,
                        1.5,
                        1.5,
                        6.5
                    ],
                    "texture": "#0"
                }
            }
        },
        {
            "rotation": {
                "origin": [
                    -1.625,
                    8.5,
                    5.5
                ],
                "angle": -22.5,
                "axis": "z"
            },
            "from": [
                -2.625,
                8.5,
                5.5
            ],
            "to": [
                -1.125,
                9.15625,
                6.125
            ],
            "faces": {
                "east": {
                    "uv": [
                        1.5,
                        1.5,
                        6,
                        6.5
                    ],
                    "texture": "#0"
                },
                "south": {
                    "uv": [
                        1.5,
                        1.5,
                        6,
                        6.5
                    ],
                    "texture": "#0"
                },
                "north": {
                    "uv": [
                        1.5,
                        1.5,
                        6,
                        6.5
                    ],
                    "texture": "#0"
                },
                "west": {
                    "uv": [
                        1.5,
                        1.5,
                        6,
                        6.5
                    ],
                    "texture": "#0"
                },
                "up": {
                    "uv": [
                        1.5,
                        1.5,
                        6,
                        6.5
                    ],
                    "texture": "#0"
                },
                "down": {
                    "uv": [
                        1.5,
                        1.5,
                        6,
                        6.5
                    ],
                    "texture": "#0"
                }
            }
        },
        {
            "rotation": {
                "origin": [
                    17.625,
                    8.5,
                    5.5
                ],
                "angle": 22.5,
                "axis": "z"
            },
            "from": [
                17.125,
                8.5,
                5.5
            ],
            "to": [
                18.625,
                9.15625,
                6.125
            ],
            "faces": {
                "east": {
                    "uv": [
                        6,
                        1.5,
                        1.5,
                        6.5
                    ],
                    "texture": "#0"
                },
                "south": {
                    "uv": [
                        6,
                        1.5,
                        1.5,
                        6.5
                    ],
                    "texture": "#0"
                },
                "north": {
                    "uv": [
                        6,
                        1.5,
                        1.5,
                        6.5
                    ],
                    "texture": "#0"
                },
                "west": {
                    "uv": [
                        6,
                        1.5,
                        1.5,
                        6.5
                    ],
                    "texture": "#0"
                },
                "up": {
                    "uv": [
                        6,
                        1.5,
                        1.5,
                        6.5
                    ],
                    "texture": "#0"
                },
                "down": {
                    "uv": [
                        6,
                        1.5,
                        1.5,
                        6.5
                    ],
                    "texture": "#0"
                }
            }
        },
        {
            "rotation": {
                "origin": [
                    -1.625,
                    8.5,
                    5.5
                ],
                "angle": -22.5,
                "axis": "z"
            },
            "from": [
                -2.625,
                8.5,
                7.125
            ],
            "to": [
                -1.125,
                9.15625,
                7.75
            ],
            "faces": {
                "east": {
                    "uv": [
                        1.5,
                        1.5,
                        6,
                        6.5
                    ],
                    "texture": "#0"
                },
                "south": {
                    "uv": [
                        1.5,
                        1.5,
                        6,
                        6.5
                    ],
                    "texture": "#0"
                },
                "north": {
                    "uv": [
                        1.5,
                        1.5,
                        6,
                        6.5
                    ],
                    "texture": "#0"
                },
                "west": {
                    "uv": [
                        1.5,
                        1.5,
                        6,
                        6.5
                    ],
                    "texture": "#0"
                },
                "up": {
                    "uv": [
                        1.5,
                        1.5,
                        6,
                        6.5
                    ],
                    "texture": "#0"
                },
                "down": {
                    "uv": [
                        1.5,
                        1.5,
                        6,
                        6.5
                    ],
                    "texture": "#0"
                }
            }
        },
        {
            "rotation": {
                "origin": [
                    17.625,
                    8.5,
                    5.5
                ],
                "angle": 22.5,
                "axis": "z"
            },
            "from": [
                17.125,
                8.5,
                7.125
            ],
            "to": [
                18.625,
                9.15625,
                7.75
            ],
            "faces": {
                "east": {
                    "uv": [
                        6,
                        1.5,
                        1.5,
                        6.5
                    ],
                    "texture": "#0"
                },
                "south": {
                    "uv": [
                        6,
                        1.5,
                        1.5,
                        6.5
                    ],
                    "texture": "#0"
                },
                "north": {
                    "uv": [
                        6,
                        1.5,
                        1.5,
                        6.5
                    ],
                    "texture": "#0"
                },
                "west": {
                    "uv": [
                        6,
                        1.5,
                        1.5,
                        6.5
                    ],
                    "texture": "#0"
                },
                "up": {
                    "uv": [
                        6,
                        1.5,
                        1.5,
                        6.5
                    ],
                    "texture": "#0"
                },
                "down": {
                    "uv": [
                        6,
                        1.5,
                        1.5,
                        6.5
                    ],
                    "texture": "#0"
                }
            }
        },
        {
            "rotation": {
                "origin": [
                    8,
                    7,
                    8
                ],
                "angle": 0,
                "axis": "y"
            },
            "from": [
                3,
                3,
                3
            ],
            "to": [
                13,
                12,
                11
            ],
            "faces": {
                "east": {
                    "uv": [
                        1.5,
                        1.5,
                        6,
                        6.5
                    ],
                    "texture": "#0"
                },
                "south": {
                    "uv": [
                        1.5,
                        1.5,
                        6,
                        6.5
                    ],
                    "texture": "#0"
                },
                "north": {
                    "uv": [
                        1.5,
                        1.5,
                        6,
                        6.5
                    ],
                    "texture": "#0"
                },
                "west": {
                    "uv": [
                        1.5,
                        1.5,
                        6,
                        6.5
                    ],
                    "texture": "#0"
                },
                "up": {
                    "uv": [
                        1.5,
                        1.5,
                        6,
                        6.5
                    ],
                    "texture": "#0"
                },
                "down": {
                    "uv": [
                        1.5,
                        1.5,
                        6,
                        6.5
                    ],
                    "texture": "#0"
                }
            }
        },
        {
            "rotation": {
                "origin": [
                    7,
                    5,
                    8
                ],
                "angle": 0,
                "axis": "y"
            },
            "from": [
                4,
                1,
                3
            ],
            "to": [
                12,
                3,
                11
            ],
            "faces": {
                "east": {
                    "uv": [
                        1.5,
                        1.5,
                        6,
                        6.5
                    ],
                    "texture": "#0"
                },
                "south": {
                    "uv": [
                        1.5,
                        1.5,
                        6,
                        6.5
                    ],
                    "texture": "#0"
                },
                "north": {
                    "uv": [
                        1.5,
                        1.5,
                        6,
                        6.5
                    ],
                    "texture": "#0"
                },
                "west": {
                    "uv": [
                        1.5,
                        1.5,
                        6,
                        6.5
                    ],
                    "texture": "#0"
                },
                "up": {
                    "uv": [
                        1.5,
                        1.5,
                        6,
                        6.5
                    ],
                    "texture": "#0"
                },
                "down": {
                    "uv": [
                        1.5,
                        1.5,
                        6,
                        6.5
                    ],
                    "texture": "#0"
                }
            }
        },
        {
            "rotation": {
                "origin": [
                    7,
                    0,
                    10
                ],
                "angle": -22.5,
                "axis": "x"
            },
            "from": [
                6.5,
                0,
                10
            ],
            "to": [
                9.5,
                3,
                13.5
            ],
            "faces": {
                "east": {
                    "uv": [
                        1.5,
                        1.5,
                        6,
                        6.5
                    ],
                    "texture": "#0"
                },
                "south": {
                    "uv": [
                        1.5,
                        1.5,
                        6,
                        6.5
                    ],
                    "texture": "#0"
                },
                "north": {
                    "uv": [
                        1.5,
                        1.5,
                        6,
                        6.5
                    ],
                    "texture": "#0"
                },
                "west": {
                    "uv": [
                        1.5,
                        1.5,
                        6,
                        6.5
                    ],
                    "texture": "#0"
                },
                "up": {
                    "uv": [
                        1.5,
                        1.5,
                        6,
                        6.5
                    ],
                    "texture": "#0"
                },
                "down": {
                    "uv": [
                        1.5,
                        1.5,
                        6,
                        6.5
                    ],
                    "texture": "#0"
                }
            }
        },
        {
            "rotation": {
                "origin": [
                    7,
                    0.5,
                    11.5
                ],
                "angle": 45,
                "axis": "x"
            },
            "from": [
                7,
                2,
                9.5
            ],
            "to": [
                9,
                5,
                12
            ],
            "faces": {
                "east": {
                    "uv": [
                        1.5,
                        1.5,
                        6,
                        6.5
                    ],
                    "texture": "#0",
                    "rotation": 90
                },
                "south": {
                    "uv": [
                        1.5,
                        1.5,
                        6,
                        6.5
                    ],
                    "texture": "#0"
                },
                "north": {
                    "uv": [
                        1.5,
                        1.5,
                        6,
                        6.5
                    ],
                    "texture": "#0",
                    "rotation": 180
                },
                "west": {
                    "uv": [
                        1.5,
                        1.5,
                        6,
                        6.5
                    ],
                    "texture": "#0",
                    "rotation": 270
                },
                "up": {
                    "uv": [
                        1.5,
                        1.5,
                        6,
                        6.5
                    ],
                    "texture": "#0"
                },
                "down": {
                    "uv": [
                        1.5,
                        1.5,
                        6,
                        6.5
                    ],
                    "texture": "#0",
                    "rotation": 180
                }
            }
        },
        {
            "rotation": {
                "origin": [
                    7,
                    1.5,
                    13.5
                ],
                "angle": 22.5,
                "axis": "x"
            },
            "from": [
                7.5,
                3.5,
                12
            ],
            "to": [
                8.5,
                6,
                14
            ],
            "faces": {
                "east": {
                    "uv": [
                        1.5,
                        1.5,
                        6,
                        6.5
                    ],
                    "texture": "#0",
                    "rotation": 90
                },
                "south": {
                    "uv": [
                        1.5,
                        1.5,
                        6,
                        6.5
                    ],
                    "texture": "#0"
                },
                "north": {
                    "uv": [
                        1.5,
                        1.5,
                        6,
                        6.5
                    ],
                    "texture": "#0",
                    "rotation": 180
                },
                "west": {
                    "uv": [
                        1.5,
                        1.5,
                        6,
                        6.5
                    ],
                    "texture": "#0",
                    "rotation": 270
                },
                "up": {
                    "uv": [
                        1.5,
                        1.5,
                        6,
                        6.5
                    ],
                    "texture": "#0"
                },
                "down": {
                    "uv": [
                        1.5,
                        1.5,
                        6,
                        6.5
                    ],
                    "texture": "#0",
                    "rotation": 180
                }
            }
        },
        {
            "rotation": {
                "origin": [
                    8.5,
                    7,
                    8
                ],
                "angle": 0,
                "axis": "y"
            },
            "from": [
                4.5,
                7,
                2.99219
            ],
            "to": [
                7,
                10,
                3.11719
            ],
            "faces": {
                "east": {
                    "uv": [
                        1.5,
                        1.5,
                        3.75,
                        4
                    ],
                    "texture": "#1"
                },
                "south": {
                    "uv": [
                        1.5,
                        1.5,
                        3.75,
                        4
                    ],
                    "texture": "#1"
                },
                "north": {
                    "uv": [
                        0.25,
                        0.5,
                        15.75,
                        14.5
                    ],
                    "texture": "#1"
                },
                "west": {
                    "uv": [
                        1.5,
                        1.5,
                        3.75,
                        4
                    ],
                    "texture": "#1"
                },
                "up": {
                    "uv": [
                        1.5,
                        1.5,
                        3.75,
                        4
                    ],
                    "texture": "#1"
                },
                "down": {
                    "uv": [
                        1.5,
                        1.5,
                        3.75,
                        4
                    ],
                    "texture": "#1"
                }
            }
        },
        {
            "rotation": {
                "origin": [
                    8,
                    7,
                    8
                ],
                "angle": 0,
                "axis": "y"
            },
            "from": [
                4,
                3.5,
                2.99219
            ],
            "to": [
                12,
                6.5,
                3.11719
            ],
            "faces": {
                "east": {
                    "uv": [
                        8.75,
                        12.5,
                        11,
                        15
                    ],
                    "texture": "#2"
                },
                "south": {
                    "uv": [
                        8.75,
                        12.5,
                        11,
                        15
                    ],
                    "texture": "#2"
                },
                "north": {
                    "uv": [
                        0.25,
                        0.25,
                        15.5,
                        6.75
                    ],
                    "texture": "#2"
                },
                "west": {
                    "uv": [
                        8.75,
                        12.5,
                        11,
                        15
                    ],
                    "texture": "#2"
                },
                "up": {
                    "uv": [
                        8.75,
                        12.5,
                        11,
                        15
                    ],
                    "texture": "#2"
                },
                "down": {
                    "uv": [
                        8.75,
                        12.5,
                        11,
                        15
                    ],
                    "texture": "#2"
                }
            }
        },
        {
            "rotation": {
                "origin": [
                    7.5,
                    7,
                    8
                ],
                "angle": 0,
                "axis": "y"
            },
            "from": [
                9,
                7,
                2.99219
            ],
            "to": [
                11.5,
                10,
                3.11719
            ],
            "faces": {
                "east": {
                    "uv": [
                        3.75,
                        1.5,
                        1.5,
                        4
                    ],
                    "texture": "#1"
                },
                "south": {
                    "uv": [
                        3.75,
                        1.5,
                        1.5,
                        4
                    ],
                    "texture": "#1"
                },
                "north": {
                    "uv": [
                        15.75,
                        0.5,
                        0.25,
                        14.5
                    ],
                    "texture": "#1"
                },
                "west": {
                    "uv": [
                        3.75,
                        1.5,
                        1.5,
                        4
                    ],
                    "texture": "#1"
                },
                "up": {
                    "uv": [
                        3.75,
                        1.5,
                        1.5,
                        4
                    ],
                    "texture": "#1"
                },
                "down": {
                    "uv": [
                        3.75,
                        1.5,
                        1.5,
                        4
                    ],
                    "texture": "#1"
                }
            }
        }
    ],
    "display": {
        "head": {
            "translation": [
                0,
                -18.75,
                0
            ],
            "scale": [
                2.5,
                2.5,
                2.5
            ]
        },
        "gui": {
            "rotation": [
                30,
                135,
                0
            ],
            "translation": [
                0.75,
                1.25,
                0
            ],
            "scale": [
                0.65,
                0.65,
                0.65
            ]
        }
    },
    "credit": "Made by MadstonMagic, using Cubik Pro & Blockbench"
}