{
    "textures": {
        "0": "pokemon/96_drowzee/drowzee",
        "1": "pokemon/96_drowzee/eye"
    },
    "elements": [
        {
            "rotation": {
                "origin": [
                    8,
                    11.5,
                    8
                ],
                "angle": 0,
                "axis": "y"
            },
            "from": [
                6,
                14.5,
                6
            ],
            "to": [
                10,
                15.5,
                11
            ],
            "faces": {
                "east": {
                    "uv": [
                        0.5,
                        0.5,
                        4.5,
                        4.5
                    ],
                    "texture": "#0"
                },
                "south": {
                    "uv": [
                        0.5,
                        0.5,
                        4.5,
                        4.5
                    ],
                    "texture": "#0"
                },
                "north": {
                    "uv": [
                        0.5,
                        0.5,
                        4.5,
                        4.5
                    ],
                    "texture": "#0"
                },
                "west": {
                    "uv": [
                        0.5,
                        0.5,
                        4.5,
                        4.5
                    ],
                    "texture": "#0"
                },
                "up": {
                    "uv": [
                        0.5,
                        0.5,
                        4.5,
                        4.5
                    ],
                    "texture": "#0"
                }
            }
        },
        {
            "rotation": {
                "origin": [
                    8,
                    11.5,
                    8
                ],
                "angle": 0,
                "axis": "y"
            },
            "from": [
                6,
                12.5,
                8
            ],
            "to": [
                10,
                14.5,
                11
            ],
            "faces": {
                "east": {
                    "uv": [
                        0.5,
                        0.5,
                        4.5,
                        4.5
                    ],
                    "texture": "#0"
                },
                "south": {
                    "uv": [
                        0.5,
                        0.5,
                        4.5,
                        4.5
                    ],
                    "texture": "#0"
                },
                "north": {
                    "uv": [
                        10.5,
                        0.5,
                        12.5,
                        2.5
                    ],
                    "texture": "#0"
                },
                "west": {
                    "uv": [
                        0.5,
                        0.5,
                        4.5,
                        4.5
                    ],
                    "texture": "#0"
                }
            }
        },
        {
            "rotation": {
                "origin": [
                    8,
                    9.5,
                    8
                ],
                "angle": 0,
                "axis": "y"
            },
            "from": [
                6,
                12,
                6
            ],
            "to": [
                10,
                12.5,
                11
            ],
            "faces": {
                "east": {
                    "uv": [
                        0.5,
                        0.5,
                        4.5,
                        4.5
                    ],
                    "texture": "#0"
                },
                "south": {
                    "uv": [
                        0.5,
                        0.5,
                        4.5,
                        4.5
                    ],
                    "texture": "#0"
                },
                "north": {
                    "uv": [
                        0.5,
                        0.5,
                        4.5,
                        4.5
                    ],
                    "texture": "#0"
                },
                "west": {
                    "uv": [
                        0.5,
                        0.5,
                        4.5,
                        4.5
                    ],
                    "texture": "#0"
                },
                "up": {
                    "uv": [
                        10.5,
                        0.5,
                        12.5,
                        2.5
                    ],
                    "texture": "#0"
                },
                "down": {
                    "uv": [
                        0.5,
                        0.5,
                        4.5,
                        4.5
                    ],
                    "texture": "#0"
                }
            }
        },
        {
            "rotation": {
                "origin": [
                    8,
                    13.19971,
                    9.53701
                ],
                "angle": 22.5,
                "axis": "x"
            },
            "from": [
                9.5,
                11.19971,
                6.53701
            ],
            "to": [
                10,
                12.69971,
                7.03701
            ],
            "faces": {
                "east": {
                    "uv": [
                        0.5,
                        0.5,
                        4.5,
                        4.5
                    ],
                    "texture": "#0",
                    "rotation": 90
                },
                "north": {
                    "uv": [
                        0.5,
                        0.5,
                        4.5,
                        4.5
                    ],
                    "texture": "#0",
                    "rotation": 180
                },
                "west": {
                    "uv": [
                        10.5,
                        0.5,
                        12.5,
                        2.5
                    ],
                    "texture": "#0"
                }
            }
        },
        {
            "rotation": {
                "origin": [
                    8,
                    13.19971,
                    9.53701
                ],
                "angle": 22.5,
                "axis": "x"
            },
            "from": [
                6,
                11.19971,
                6.53701
            ],
            "to": [
                6.5,
                12.69971,
                7.03701
            ],
            "faces": {
                "east": {
                    "uv": [
                        10.5,
                        0.5,
                        12.5,
                        2.5
                    ],
                    "texture": "#0"
                },
                "north": {
                    "uv": [
                        4.5,
                        0.5,
                        0.5,
                        4.5
                    ],
                    "texture": "#0",
                    "rotation": 180
                },
                "west": {
                    "uv": [
                        0.5,
                        4.5,
                        4.5,
                        0.5
                    ],
                    "texture": "#0",
                    "rotation": 90
                }
            }
        },
        {
            "rotation": {
                "origin": [
                    8,
                    16.97487,
                    7.76777
                ],
                "angle": -45,
                "axis": "x"
            },
            "from": [
                6,
                14.97487,
                4.76777
            ],
            "to": [
                6.5,
                16.47487,
                5.26777
            ],
            "faces": {
                "east": {
                    "uv": [
                        10.5,
                        0.5,
                        12.5,
                        2.5
                    ],
                    "texture": "#0"
                },
                "north": {
                    "uv": [
                        4.5,
                        0.5,
                        0.5,
                        4.5
                    ],
                    "texture": "#0",
                    "rotation": 180
                },
                "west": {
                    "uv": [
                        0.5,
                        4.5,
                        4.5,
                        0.5
                    ],
                    "texture": "#0",
                    "rotation": 90
                }
            }
        },
        {
            "rotation": {
                "origin": [
                    8,
                    16.97487,
                    7.76777
                ],
                "angle": -45,
                "axis": "x"
            },
            "from": [
                9.5,
                14.97487,
                4.76777
            ],
            "to": [
                10,
                16.47487,
                5.26777
            ],
            "faces": {
                "east": {
                    "uv": [
                        0.5,
                        0.5,
                        4.5,
                        4.5
                    ],
                    "texture": "#0",
                    "rotation": 90
                },
                "north": {
                    "uv": [
                        0.5,
                        0.5,
                        4.5,
                        4.5
                    ],
                    "texture": "#0",
                    "rotation": 180
                },
                "west": {
                    "uv": [
                        10.5,
                        0.5,
                        12.5,
                        2.5
                    ],
                    "texture": "#0"
                }
            }
        },
        {
            "rotation": {
                "origin": [
                    8.25,
                    10.49373,
                    8.99581
                ],
                "angle": -22.5,
                "axis": "x"
            },
            "from": [
                6.75,
                12.61873,
                7.87081
            ],
            "to": [
                9.25,
                13.49373,
                9.49581
            ],
            "faces": {
                "east": {
                    "uv": [
                        13.5,
                        0.5,
                        15.5,
                        2.5
                    ],
                    "texture": "#0"
                },
                "north": {
                    "uv": [
                        13.5,
                        0.5,
                        15.5,
                        2.5
                    ],
                    "texture": "#0"
                },
                "west": {
                    "uv": [
                        13.5,
                        0.5,
                        15.5,
                        2.5
                    ],
                    "texture": "#0"
                },
                "up": {
                    "uv": [
                        13.5,
                        0.5,
                        15.5,
                        2.5
                    ],
                    "texture": "#0"
                }
            }
        },
        {
            "rotation": {
                "origin": [
                    8,
                    15.92807,
                    7.08031
                ],
                "angle": -22.5,
                "axis": "x"
            },
            "from": [
                6.5,
                14.52526,
                5.03364
            ],
            "to": [
                9.5,
                16.02526,
                7.03364
            ],
            "faces": {
                "east": {
                    "uv": [
                        0.5,
                        0.5,
                        4.5,
                        4.5
                    ],
                    "texture": "#0"
                },
                "north": {
                    "uv": [
                        0.5,
                        0.5,
                        4.5,
                        4.5
                    ],
                    "texture": "#0"
                },
                "west": {
                    "uv": [
                        0.5,
                        0.5,
                        4.5,
                        4.5
                    ],
                    "texture": "#0"
                },
                "up": {
                    "uv": [
                        0.5,
                        0.5,
                        4.5,
                        4.5
                    ],
                    "texture": "#0"
                },
                "down": {
                    "uv": [
                        0.5,
                        0.5,
                        4.5,
                        4.5
                    ],
                    "texture": "#0"
                }
            }
        },
        {
            "rotation": {
                "origin": [
                    8,
                    15.92807,
                    7.08031
                ],
                "angle": 22.5,
                "axis": "x"
            },
            "from": [
                7,
                12.54958,
                5.56437
            ],
            "to": [
                9,
                14.54958,
                6.81437
            ],
            "faces": {
                "east": {
                    "uv": [
                        0.5,
                        0.5,
                        4.5,
                        4.5
                    ],
                    "texture": "#0",
                    "rotation": 90
                },
                "south": {
                    "uv": [
                        0.5,
                        0.5,
                        4.5,
                        4.5
                    ],
                    "texture": "#0"
                },
                "north": {
                    "uv": [
                        0.5,
                        0.5,
                        4.5,
                        4.5
                    ],
                    "texture": "#0",
                    "rotation": 180
                },
                "west": {
                    "uv": [
                        0.5,
                        0.5,
                        4.5,
                        4.5
                    ],
                    "texture": "#0",
                    "rotation": 270
                },
                "down": {
                    "uv": [
                        0.5,
                        0.5,
                        4.5,
                        4.5
                    ],
                    "texture": "#0",
                    "rotation": 180
                }
            }
        },
        {
            "rotation": {
                "origin": [
                    8,
                    15.92807,
                    7.08031
                ],
                "angle": 0,
                "axis": "x"
            },
            "from": [
                7.5,
                11.88687,
                4.38687
            ],
            "to": [
                8.5,
                13.38687,
                5.38687
            ],
            "faces": {
                "east": {
                    "uv": [
                        0.5,
                        0.5,
                        4.5,
                        4.5
                    ],
                    "texture": "#0",
                    "rotation": 90
                },
                "south": {
                    "uv": [
                        0.5,
                        0.5,
                        4.5,
                        4.5
                    ],
                    "texture": "#0"
                },
                "north": {
                    "uv": [
                        0.5,
                        0.5,
                        4.5,
                        4.5
                    ],
                    "texture": "#0",
                    "rotation": 180
                },
                "west": {
                    "uv": [
                        0.5,
                        0.5,
                        4.5,
                        4.5
                    ],
                    "texture": "#0",
                    "rotation": 270
                },
                "down": {
                    "uv": [
                        0.5,
                        0.5,
                        4.5,
                        4.5
                    ],
                    "texture": "#0",
                    "rotation": 180
                }
            }
        },
        {
            "rotation": {
                "origin": [
                    8,
                    15.34776,
                    3.31985
                ],
                "angle": 22.5,
                "axis": "x"
            },
            "from": [
                7.625,
                12.65432,
                5.86104
            ],
            "to": [
                8.375,
                13.27932,
                6.61104
            ],
            "faces": {
                "east": {
                    "uv": [
                        0.5,
                        0.5,
                        4.5,
                        4.5
                    ],
                    "texture": "#0",
                    "rotation": 180
                },
                "south": {
                    "uv": [
                        0.5,
                        0.5,
                        4.5,
                        4.5
                    ],
                    "texture": "#0",
                    "rotation": 180
                },
                "west": {
                    "uv": [
                        0.5,
                        0.5,
                        4.5,
                        4.5
                    ],
                    "texture": "#0",
                    "rotation": 180
                },
                "up": {
                    "uv": [
                        0.5,
                        0.5,
                        4.5,
                        4.5
                    ],
                    "texture": "#0"
                },
                "down": {
                    "uv": [
                        0.5,
                        0.5,
                        4.5,
                        4.5
                    ],
                    "texture": "#0"
                }
            }
        },
        {
            "rotation": {
                "origin": [
                    8.5,
                    11.5,
                    8
                ],
                "angle": 0,
                "axis": "y"
            },
            "from": [
                6,
                4,
                6.5
            ],
            "to": [
                10,
                12,
                11
            ],
            "faces": {
                "east": {
                    "uv": [
                        3,
                        0.5,
                        7,
                        4.5
                    ],
                    "texture": "#0",
                    "rotation": 90
                },
                "south": {
                    "uv": [
                        3,
                        0.5,
                        7,
                        4.5
                    ],
                    "texture": "#0",
                    "rotation": 90
                },
                "north": {
                    "uv": [
                        3,
                        0.5,
                        7,
                        4.5
                    ],
                    "texture": "#0",
                    "rotation": 90
                },
                "west": {
                    "uv": [
                        3,
                        0.5,
                        7,
                        4.5
                    ],
                    "texture": "#0",
                    "rotation": 90
                },
                "down": {
                    "uv": [
                        5.5,
                        0.5,
                        9.5,
                        4.5
                    ],
                    "texture": "#0"
                }
            }
        },
        {
            "rotation": {
                "origin": [
                    6,
                    11,
                    7.5
                ],
                "angle": -45,
                "axis": "y"
            },
            "from": [
                3.5,
                9.5,
                7.5
            ],
            "to": [
                7.5,
                11.5,
                9.5
            ],
            "faces": {
                "east": {
                    "uv": [
                        0.5,
                        0.5,
                        4.5,
                        4.5
                    ],
                    "texture": "#0"
                },
                "south": {
                    "uv": [
                        0.5,
                        0.5,
                        4.5,
                        4.5
                    ],
                    "texture": "#0"
                },
                "north": {
                    "uv": [
                        0.5,
                        0.5,
                        4.5,
                        4.5
                    ],
                    "texture": "#0"
                },
                "west": {
                    "uv": [
                        0.5,
                        0.5,
                        4.5,
                        4.5
                    ],
                    "texture": "#0"
                },
                "up": {
                    "uv": [
                        0.5,
                        0.5,
                        4.5,
                        4.5
                    ],
                    "texture": "#0"
                },
                "down": {
                    "uv": [
                        0.5,
                        0.5,
                        4.5,
                        4.5
                    ],
                    "texture": "#0"
                }
            }
        },
        {
            "rotation": {
                "origin": [
                    4.81802,
                    10.75,
                    5.64645
                ],
                "angle": 0,
                "axis": "y"
            },
            "from": [
                2.81802,
                9.75,
                4.64645
            ],
            "to": [
                4.81802,
                11.25,
                7.14645
            ],
            "faces": {
                "east": {
                    "uv": [
                        0.5,
                        0.5,
                        4.5,
                        4.5
                    ],
                    "texture": "#0"
                },
                "north": {
                    "uv": [
                        0.5,
                        0.5,
                        4.5,
                        4.5
                    ],
                    "texture": "#0"
                },
                "west": {
                    "uv": [
                        0.5,
                        0.5,
                        4.5,
                        4.5
                    ],
                    "texture": "#0"
                },
                "up": {
                    "uv": [
                        0.5,
                        0.5,
                        4.5,
                        4.5
                    ],
                    "texture": "#0",
                    "rotation": 90
                },
                "down": {
                    "uv": [
                        0.5,
                        0.5,
                        4.5,
                        4.5
                    ],
                    "texture": "#0",
                    "rotation": 270
                }
            }
        },
        {
            "rotation": {
                "origin": [
                    4.81802,
                    11.75,
                    5.27145
                ],
                "angle": -45,
                "axis": "x"
            },
            "from": [
                3.56802,
                10.75,
                4.27145
            ],
            "to": [
                4.06802,
                12.75,
                4.77145
            ],
            "faces": {
                "east": {
                    "uv": [
                        0.5,
                        0.5,
                        4.5,
                        4.5
                    ],
                    "texture": "#0"
                },
                "south": {
                    "uv": [
                        0.5,
                        0.5,
                        4.5,
                        4.5
                    ],
                    "texture": "#0"
                },
                "north": {
                    "uv": [
                        0.5,
                        0.5,
                        4.5,
                        4.5
                    ],
                    "texture": "#0"
                },
                "west": {
                    "uv": [
                        0.5,
                        0.5,
                        4.5,
                        4.5
                    ],
                    "texture": "#0"
                },
                "up": {
                    "uv": [
                        0.5,
                        0.5,
                        4.5,
                        4.5
                    ],
                    "texture": "#0",
                    "rotation": 90
                }
            }
        },
        {
            "rotation": {
                "origin": [
                    5.31802,
                    9.75,
                    5.02145
                ],
                "angle": -22.5,
                "axis": "y"
            },
            "from": [
                4.31802,
                10.5,
                4.02145
            ],
            "to": [
                4.81802,
                11,
                6.02145
            ],
            "faces": {
                "east": {
                    "uv": [
                        0.5,
                        0.5,
                        4.5,
                        4.5
                    ],
                    "texture": "#0",
                    "rotation": 90
                },
                "north": {
                    "uv": [
                        0.5,
                        0.5,
                        4.5,
                        4.5
                    ],
                    "texture": "#0",
                    "rotation": 180
                },
                "west": {
                    "uv": [
                        0.5,
                        0.5,
                        4.5,
                        4.5
                    ],
                    "texture": "#0",
                    "rotation": 270
                },
                "up": {
                    "uv": [
                        0.5,
                        0.5,
                        4.5,
                        4.5
                    ],
                    "texture": "#0"
                },
                "down": {
                    "uv": [
                        0.5,
                        0.5,
                        4.5,
                        4.5
                    ],
                    "texture": "#0",
                    "rotation": 180
                }
            }
        },
        {
            "rotation": {
                "origin": [
                    2.18198,
                    9.75,
                    5.02145
                ],
                "angle": 22.5,
                "axis": "y"
            },
            "from": [
                2.68198,
                10.5,
                4.02145
            ],
            "to": [
                3.18198,
                11,
                6.02145
            ],
            "faces": {
                "east": {
                    "uv": [
                        0.5,
                        4.5,
                        4.5,
                        0.5
                    ],
                    "texture": "#0",
                    "rotation": 270
                },
                "north": {
                    "uv": [
                        4.5,
                        0.5,
                        0.5,
                        4.5
                    ],
                    "texture": "#0",
                    "rotation": 180
                },
                "west": {
                    "uv": [
                        0.5,
                        4.5,
                        4.5,
                        0.5
                    ],
                    "texture": "#0",
                    "rotation": 90
                },
                "up": {
                    "uv": [
                        4.5,
                        0.5,
                        0.5,
                        4.5
                    ],
                    "texture": "#0"
                },
                "down": {
                    "uv": [
                        4.5,
                        0.5,
                        0.5,
                        4.5
                    ],
                    "texture": "#0",
                    "rotation": 180
                }
            }
        },
        {
            "rotation": {
                "origin": [
                    13.56802,
                    13.375,
                    5.64645
                ],
                "angle": 0,
                "axis": "y"
            },
            "from": [
                11.56802,
                12.375,
                4.64645
            ],
            "to": [
                13.56802,
                13.875,
                8.64645
            ],
            "faces": {
                "east": {
                    "uv": [
                        0.5,
                        0.5,
                        4.5,
                        4.5
                    ],
                    "texture": "#0"
                },
                "south": {
                    "uv": [
                        0.5,
                        0.5,
                        4.5,
                        4.5
                    ],
                    "texture": "#0"
                },
                "north": {
                    "uv": [
                        0.5,
                        0.5,
                        4.5,
                        4.5
                    ],
                    "texture": "#0"
                },
                "west": {
                    "uv": [
                        0.5,
                        0.5,
                        4.5,
                        4.5
                    ],
                    "texture": "#0"
                },
                "up": {
                    "uv": [
                        0.5,
                        0.5,
                        4.5,
                        4.5
                    ],
                    "texture": "#0",
                    "rotation": 90
                },
                "down": {
                    "uv": [
                        0.5,
                        0.5,
                        4.5,
                        4.5
                    ],
                    "texture": "#0",
                    "rotation": 270
                }
            }
        },
        {
            "rotation": {
                "origin": [
                    13.56802,
                    14.375,
                    5.27145
                ],
                "angle": -45,
                "axis": "x"
            },
            "from": [
                12.31802,
                13.375,
                4.27145
            ],
            "to": [
                12.81802,
                15.375,
                4.77145
            ],
            "faces": {
                "east": {
                    "uv": [
                        0.5,
                        0.5,
                        4.5,
                        4.5
                    ],
                    "texture": "#0"
                },
                "south": {
                    "uv": [
                        0.5,
                        0.5,
                        4.5,
                        4.5
                    ],
                    "texture": "#0"
                },
                "north": {
                    "uv": [
                        0.5,
                        0.5,
                        4.5,
                        4.5
                    ],
                    "texture": "#0"
                },
                "west": {
                    "uv": [
                        0.5,
                        0.5,
                        4.5,
                        4.5
                    ],
                    "texture": "#0"
                },
                "up": {
                    "uv": [
                        0.5,
                        0.5,
                        4.5,
                        4.5
                    ],
                    "texture": "#0",
                    "rotation": 90
                }
            }
        },
        {
            "rotation": {
                "origin": [
                    10.93198,
                    12.375,
                    5.02145
                ],
                "angle": 22.5,
                "axis": "y"
            },
            "from": [
                11.43198,
                13.125,
                4.02145
            ],
            "to": [
                11.93198,
                13.625,
                6.02145
            ],
            "faces": {
                "east": {
                    "uv": [
                        0.5,
                        4.5,
                        4.5,
                        0.5
                    ],
                    "texture": "#0",
                    "rotation": 270
                },
                "north": {
                    "uv": [
                        4.5,
                        0.5,
                        0.5,
                        4.5
                    ],
                    "texture": "#0",
                    "rotation": 180
                },
                "west": {
                    "uv": [
                        0.5,
                        4.5,
                        4.5,
                        0.5
                    ],
                    "texture": "#0",
                    "rotation": 90
                },
                "up": {
                    "uv": [
                        4.5,
                        0.5,
                        0.5,
                        4.5
                    ],
                    "texture": "#0"
                },
                "down": {
                    "uv": [
                        4.5,
                        0.5,
                        0.5,
                        4.5
                    ],
                    "texture": "#0",
                    "rotation": 180
                }
            }
        },
        {
            "rotation": {
                "origin": [
                    14.06802,
                    12.375,
                    5.02145
                ],
                "angle": -22.5,
                "axis": "y"
            },
            "from": [
                13.06802,
                13.125,
                4.02145
            ],
            "to": [
                13.56802,
                13.625,
                6.02145
            ],
            "faces": {
                "east": {
                    "uv": [
                        0.5,
                        0.5,
                        4.5,
                        4.5
                    ],
                    "texture": "#0",
                    "rotation": 90
                },
                "north": {
                    "uv": [
                        0.5,
                        0.5,
                        4.5,
                        4.5
                    ],
                    "texture": "#0",
                    "rotation": 180
                },
                "west": {
                    "uv": [
                        0.5,
                        0.5,
                        4.5,
                        4.5
                    ],
                    "texture": "#0",
                    "rotation": 270
                },
                "up": {
                    "uv": [
                        0.5,
                        0.5,
                        4.5,
                        4.5
                    ],
                    "texture": "#0"
                },
                "down": {
                    "uv": [
                        0.5,
                        0.5,
                        4.5,
                        4.5
                    ],
                    "texture": "#0",
                    "rotation": 180
                }
            }
        },
        {
            "rotation": {
                "origin": [
                    10,
                    11,
                    7.5
                ],
                "angle": -45,
                "axis": "z"
            },
            "from": [
                9.5,
                10,
                7
            ],
            "to": [
                11.5,
                14.5,
                9
            ],
            "faces": {
                "east": {
                    "uv": [
                        4.5,
                        0.5,
                        0.5,
                        4.5
                    ],
                    "texture": "#0",
                    "rotation": 90
                },
                "south": {
                    "uv": [
                        4.5,
                        0.5,
                        0.5,
                        4.5
                    ],
                    "texture": "#0",
                    "rotation": 90
                },
                "north": {
                    "uv": [
                        4.5,
                        0.5,
                        0.5,
                        4.5
                    ],
                    "texture": "#0",
                    "rotation": 90
                },
                "west": {
                    "uv": [
                        4.5,
                        0.5,
                        0.5,
                        4.5
                    ],
                    "texture": "#0",
                    "rotation": 270
                },
                "up": {
                    "uv": [
                        4.5,
                        0.5,
                        0.5,
                        4.5
                    ],
                    "texture": "#0"
                }
            }
        },
        {
            "rotation": {
                "origin": [
                    8,
                    11,
                    7.5
                ],
                "angle": 0,
                "axis": "y"
            },
            "from": [
                6,
                5.5,
                6
            ],
            "to": [
                10,
                11,
                11.5
            ],
            "faces": {
                "east": {
                    "uv": [
                        0.25,
                        6.5,
                        12.75,
                        15.75
                    ],
                    "texture": "#1"
                },
                "south": {
                    "uv": [
                        0.25,
                        6.5,
                        12.75,
                        15.75
                    ],
                    "texture": "#1"
                },
                "north": {
                    "uv": [
                        0.25,
                        6.5,
                        12.75,
                        15.75
                    ],
                    "texture": "#1"
                },
                "west": {
                    "uv": [
                        0.25,
                        6.5,
                        12.75,
                        15.75
                    ],
                    "texture": "#1"
                },
                "up": {
                    "uv": [
                        0.5,
                        0.5,
                        4.5,
                        4.5
                    ],
                    "texture": "#0"
                }
            }
        },
        {
            "rotation": {
                "origin": [
                    8,
                    7,
                    8
                ],
                "angle": 0,
                "axis": "y"
            },
            "from": [
                6,
                5,
                5.5
            ],
            "to": [
                10,
                8,
                12
            ],
            "faces": {
                "east": {
                    "uv": [
                        5.5,
                        0.5,
                        9.5,
                        4.5
                    ],
                    "texture": "#0"
                },
                "south": {
                    "uv": [
                        5.5,
                        0.5,
                        9.5,
                        4.5
                    ],
                    "texture": "#0"
                },
                "north": {
                    "uv": [
                        5.5,
                        0.5,
                        9.5,
                        4.5
                    ],
                    "texture": "#0"
                },
                "west": {
                    "uv": [
                        5.5,
                        0.5,
                        9.5,
                        4.5
                    ],
                    "texture": "#0"
                },
                "up": {
                    "uv": [
                        5.5,
                        0.5,
                        9.5,
                        4.5
                    ],
                    "texture": "#0"
                },
                "down": {
                    "uv": [
                        5.5,
                        0.5,
                        9.5,
                        4.5
                    ],
                    "texture": "#0"
                }
            }
        },
        {
            "rotation": {
                "origin": [
                    8,
                    7.5,
                    7.5
                ],
                "angle": 0,
                "axis": "y"
            },
            "from": [
                6,
                4.5,
                6
            ],
            "to": [
                10,
                5,
                11.5
            ],
            "faces": {
                "east": {
                    "uv": [
                        5.5,
                        0.5,
                        9.5,
                        4.5
                    ],
                    "texture": "#0"
                },
                "south": {
                    "uv": [
                        5.5,
                        0.5,
                        9.5,
                        4.5
                    ],
                    "texture": "#0"
                },
                "north": {
                    "uv": [
                        5.5,
                        0.5,
                        9.5,
                        4.5
                    ],
                    "texture": "#0"
                },
                "west": {
                    "uv": [
                        5.5,
                        0.5,
                        9.5,
                        4.5
                    ],
                    "texture": "#0"
                },
                "down": {
                    "uv": [
                        5.5,
                        0.5,
                        9.5,
                        4.5
                    ],
                    "texture": "#0"
                }
            }
        },
        {
            "rotation": {
                "origin": [
                    8.5,
                    7.5,
                    8.5
                ],
                "angle": 0,
                "axis": "y"
            },
            "from": [
                5.5,
                4.5,
                6.5
            ],
            "to": [
                10.5,
                5,
                11
            ],
            "faces": {
                "east": {
                    "uv": [
                        5.5,
                        0.5,
                        9.5,
                        4.5
                    ],
                    "texture": "#0"
                },
                "south": {
                    "uv": [
                        5.5,
                        0.5,
                        9.5,
                        4.5
                    ],
                    "texture": "#0"
                },
                "north": {
                    "uv": [
                        5.5,
                        0.5,
                        9.5,
                        4.5
                    ],
                    "texture": "#0"
                },
                "west": {
                    "uv": [
                        5.5,
                        0.5,
                        9.5,
                        4.5
                    ],
                    "texture": "#0"
                },
                "down": {
                    "uv": [
                        5.5,
                        0.5,
                        9.5,
                        4.5
                    ],
                    "texture": "#0"
                }
            }
        },
        {
            "rotation": {
                "origin": [
                    9,
                    7,
                    7.5
                ],
                "angle": 0,
                "axis": "y"
            },
            "from": [
                5,
                5,
                6.5
            ],
            "to": [
                11,
                8,
                11
            ],
            "faces": {
                "east": {
                    "uv": [
                        5.5,
                        0.5,
                        9.5,
                        4.5
                    ],
                    "texture": "#0"
                },
                "south": {
                    "uv": [
                        5.5,
                        0.5,
                        9.5,
                        4.5
                    ],
                    "texture": "#0"
                },
                "north": {
                    "uv": [
                        5.5,
                        0.5,
                        9.5,
                        4.5
                    ],
                    "texture": "#0"
                },
                "west": {
                    "uv": [
                        5.5,
                        0.5,
                        9.5,
                        4.5
                    ],
                    "texture": "#0"
                },
                "up": {
                    "uv": [
                        5.5,
                        0.5,
                        9.5,
                        4.5
                    ],
                    "texture": "#0"
                },
                "down": {
                    "uv": [
                        5.5,
                        0.5,
                        9.5,
                        4.5
                    ],
                    "texture": "#0"
                }
            }
        },
        {
            "rotation": {
                "origin": [
                    6,
                    6,
                    9
                ],
                "angle": -22.5,
                "axis": "y"
            },
            "from": [
                3.5,
                3,
                8
            ],
            "to": [
                6,
                6,
                10.5
            ],
            "faces": {
                "east": {
                    "uv": [
                        5.5,
                        0.5,
                        9.5,
                        4.5
                    ],
                    "texture": "#0"
                },
                "south": {
                    "uv": [
                        5.5,
                        0.5,
                        9.5,
                        4.5
                    ],
                    "texture": "#0"
                },
                "north": {
                    "uv": [
                        5.5,
                        0.5,
                        9.5,
                        4.5
                    ],
                    "texture": "#0"
                },
                "west": {
                    "uv": [
                        5.5,
                        0.5,
                        9.5,
                        4.5
                    ],
                    "texture": "#0"
                },
                "up": {
                    "uv": [
                        5.5,
                        0.5,
                        9.5,
                        4.5
                    ],
                    "texture": "#0"
                },
                "down": {
                    "uv": [
                        5.5,
                        0.5,
                        9.5,
                        4.5
                    ],
                    "texture": "#0"
                }
            }
        },
        {
            "rotation": {
                "origin": [
                    6,
                    6,
                    9
                ],
                "angle": -22.5,
                "axis": "y"
            },
            "from": [
                4,
                2.5,
                8.5
            ],
            "to": [
                6,
                3,
                10
            ],
            "faces": {
                "east": {
                    "uv": [
                        5.5,
                        0.5,
                        9.5,
                        4.5
                    ],
                    "texture": "#0"
                },
                "south": {
                    "uv": [
                        5.5,
                        0.5,
                        9.5,
                        4.5
                    ],
                    "texture": "#0"
                },
                "north": {
                    "uv": [
                        5.5,
                        0.5,
                        9.5,
                        4.5
                    ],
                    "texture": "#0"
                },
                "west": {
                    "uv": [
                        5.5,
                        0.5,
                        9.5,
                        4.5
                    ],
                    "texture": "#0"
                },
                "down": {
                    "uv": [
                        5.5,
                        0.5,
                        9.5,
                        4.5
                    ],
                    "texture": "#0"
                }
            }
        },
        {
            "rotation": {
                "origin": [
                    6,
                    6.5,
                    9
                ],
                "angle": 45,
                "axis": "y"
            },
            "from": [
                4,
                1.5,
                6
            ],
            "to": [
                6.5,
                2.5,
                9
            ],
            "faces": {
                "east": {
                    "uv": [
                        5.5,
                        0.5,
                        9.5,
                        4.5
                    ],
                    "texture": "#0"
                },
                "south": {
                    "uv": [
                        5.5,
                        0.5,
                        9.5,
                        4.5
                    ],
                    "texture": "#0"
                },
                "north": {
                    "uv": [
                        5.5,
                        0.5,
                        9.5,
                        4.5
                    ],
                    "texture": "#0"
                },
                "west": {
                    "uv": [
                        5.5,
                        0.5,
                        9.5,
                        4.5
                    ],
                    "texture": "#0"
                },
                "up": {
                    "uv": [
                        5.5,
                        0.5,
                        9.5,
                        4.5
                    ],
                    "texture": "#0",
                    "rotation": 90
                },
                "down": {
                    "uv": [
                        5.5,
                        0.5,
                        9.5,
                        4.5
                    ],
                    "texture": "#0",
                    "rotation": 270
                }
            }
        },
        {
            "rotation": {
                "origin": [
                    6,
                    6.5,
                    9
                ],
                "angle": 45,
                "axis": "y"
            },
            "from": [
                5.3125,
                1.5,
                5.5
            ],
            "to": [
                6.375,
                2,
                6
            ],
            "faces": {
                "east": {
                    "uv": [
                        0.5,
                        0.5,
                        4.5,
                        4.5
                    ],
                    "texture": "#0"
                },
                "north": {
                    "uv": [
                        0.5,
                        0.5,
                        4.5,
                        4.5
                    ],
                    "texture": "#0"
                },
                "west": {
                    "uv": [
                        0.5,
                        0.5,
                        4.5,
                        4.5
                    ],
                    "texture": "#0"
                },
                "up": {
                    "uv": [
                        0.5,
                        0.5,
                        4.5,
                        4.5
                    ],
                    "texture": "#0"
                },
                "down": {
                    "uv": [
                        0.5,
                        0.5,
                        4.5,
                        4.5
                    ],
                    "texture": "#0"
                }
            }
        },
        {
            "rotation": {
                "origin": [
                    6,
                    6.5,
                    9
                ],
                "angle": 45,
                "axis": "y"
            },
            "from": [
                4.125,
                1.5,
                5.5
            ],
            "to": [
                5.1875,
                2,
                6
            ],
            "faces": {
                "east": {
                    "uv": [
                        0.5,
                        0.5,
                        4.5,
                        4.5
                    ],
                    "texture": "#0"
                },
                "north": {
                    "uv": [
                        0.5,
                        0.5,
                        4.5,
                        4.5
                    ],
                    "texture": "#0"
                },
                "west": {
                    "uv": [
                        0.5,
                        0.5,
                        4.5,
                        4.5
                    ],
                    "texture": "#0"
                },
                "up": {
                    "uv": [
                        0.5,
                        0.5,
                        4.5,
                        4.5
                    ],
                    "texture": "#0"
                },
                "down": {
                    "uv": [
                        0.5,
                        0.5,
                        4.5,
                        4.5
                    ],
                    "texture": "#0"
                }
            }
        },
        {
            "rotation": {
                "origin": [
                    10,
                    6.5,
                    9
                ],
                "angle": -45,
                "axis": "y"
            },
            "from": [
                10.8125,
                1.5,
                5.5
            ],
            "to": [
                11.875,
                2,
                6
            ],
            "faces": {
                "east": {
                    "uv": [
                        4.5,
                        0.5,
                        0.5,
                        4.5
                    ],
                    "texture": "#0"
                },
                "north": {
                    "uv": [
                        4.5,
                        0.5,
                        0.5,
                        4.5
                    ],
                    "texture": "#0"
                },
                "west": {
                    "uv": [
                        4.5,
                        0.5,
                        0.5,
                        4.5
                    ],
                    "texture": "#0"
                },
                "up": {
                    "uv": [
                        4.5,
                        0.5,
                        0.5,
                        4.5
                    ],
                    "texture": "#0"
                },
                "down": {
                    "uv": [
                        4.5,
                        0.5,
                        0.5,
                        4.5
                    ],
                    "texture": "#0"
                }
            }
        },
        {
            "rotation": {
                "origin": [
                    10,
                    6.5,
                    9
                ],
                "angle": -45,
                "axis": "y"
            },
            "from": [
                9.625,
                1.5,
                5.5
            ],
            "to": [
                10.6875,
                2,
                6
            ],
            "faces": {
                "east": {
                    "uv": [
                        4.5,
                        0.5,
                        0.5,
                        4.5
                    ],
                    "texture": "#0"
                },
                "north": {
                    "uv": [
                        4.5,
                        0.5,
                        0.5,
                        4.5
                    ],
                    "texture": "#0"
                },
                "west": {
                    "uv": [
                        4.5,
                        0.5,
                        0.5,
                        4.5
                    ],
                    "texture": "#0"
                },
                "up": {
                    "uv": [
                        4.5,
                        0.5,
                        0.5,
                        4.5
                    ],
                    "texture": "#0"
                },
                "down": {
                    "uv": [
                        4.5,
                        0.5,
                        0.5,
                        4.5
                    ],
                    "texture": "#0"
                }
            }
        },
        {
            "rotation": {
                "origin": [
                    10,
                    6.5,
                    9
                ],
                "angle": -45,
                "axis": "y"
            },
            "from": [
                9.5,
                1.5,
                6
            ],
            "to": [
                12,
                2.5,
                9
            ],
            "faces": {
                "east": {
                    "uv": [
                        9.5,
                        0.5,
                        5.5,
                        4.5
                    ],
                    "texture": "#0"
                },
                "south": {
                    "uv": [
                        9.5,
                        0.5,
                        5.5,
                        4.5
                    ],
                    "texture": "#0"
                },
                "north": {
                    "uv": [
                        9.5,
                        0.5,
                        5.5,
                        4.5
                    ],
                    "texture": "#0"
                },
                "west": {
                    "uv": [
                        9.5,
                        0.5,
                        5.5,
                        4.5
                    ],
                    "texture": "#0"
                },
                "up": {
                    "uv": [
                        5.5,
                        4.5,
                        9.5,
                        0.5
                    ],
                    "texture": "#0",
                    "rotation": 90
                },
                "down": {
                    "uv": [
                        5.5,
                        4.5,
                        9.5,
                        0.5
                    ],
                    "texture": "#0",
                    "rotation": 270
                }
            }
        },
        {
            "rotation": {
                "origin": [
                    10,
                    6,
                    9
                ],
                "angle": 22.5,
                "axis": "y"
            },
            "from": [
                10,
                2.5,
                8.5
            ],
            "to": [
                12,
                3,
                10
            ],
            "faces": {
                "east": {
                    "uv": [
                        9.5,
                        0.5,
                        5.5,
                        4.5
                    ],
                    "texture": "#0"
                },
                "south": {
                    "uv": [
                        9.5,
                        0.5,
                        5.5,
                        4.5
                    ],
                    "texture": "#0"
                },
                "north": {
                    "uv": [
                        9.5,
                        0.5,
                        5.5,
                        4.5
                    ],
                    "texture": "#0"
                },
                "west": {
                    "uv": [
                        9.5,
                        0.5,
                        5.5,
                        4.5
                    ],
                    "texture": "#0"
                },
                "down": {
                    "uv": [
                        9.5,
                        0.5,
                        5.5,
                        4.5
                    ],
                    "texture": "#0"
                }
            }
        },
        {
            "rotation": {
                "origin": [
                    10,
                    6,
                    9
                ],
                "angle": 22.5,
                "axis": "y"
            },
            "from": [
                10,
                3,
                8
            ],
            "to": [
                12.5,
                6,
                10.5
            ],
            "faces": {
                "east": {
                    "uv": [
                        9.5,
                        0.5,
                        5.5,
                        4.5
                    ],
                    "texture": "#0"
                },
                "south": {
                    "uv": [
                        9.5,
                        0.5,
                        5.5,
                        4.5
                    ],
                    "texture": "#0"
                },
                "north": {
                    "uv": [
                        9.5,
                        0.5,
                        5.5,
                        4.5
                    ],
                    "texture": "#0"
                },
                "west": {
                    "uv": [
                        9.5,
                        0.5,
                        5.5,
                        4.5
                    ],
                    "texture": "#0"
                },
                "up": {
                    "uv": [
                        9.5,
                        0.5,
                        5.5,
                        4.5
                    ],
                    "texture": "#0"
                },
                "down": {
                    "uv": [
                        9.5,
                        0.5,
                        5.5,
                        4.5
                    ],
                    "texture": "#0"
                }
            }
        },
        {
            "rotation": {
                "origin": [
                    6,
                    8,
                    9
                ],
                "angle": -22.5,
                "axis": "y"
            },
            "from": [
                4,
                6,
                8
            ],
            "to": [
                6,
                7.5,
                10.5
            ],
            "faces": {
                "south": {
                    "uv": [
                        5.5,
                        0.5,
                        9.5,
                        4.5
                    ],
                    "texture": "#0"
                },
                "north": {
                    "uv": [
                        5.5,
                        0.5,
                        9.5,
                        4.5
                    ],
                    "texture": "#0"
                },
                "west": {
                    "uv": [
                        5.5,
                        0.5,
                        9.5,
                        4.5
                    ],
                    "texture": "#0"
                },
                "up": {
                    "uv": [
                        5.5,
                        0.5,
                        9.5,
                        4.5
                    ],
                    "texture": "#0"
                }
            }
        },
        {
            "rotation": {
                "origin": [
                    10,
                    8,
                    9
                ],
                "angle": 22.5,
                "axis": "y"
            },
            "from": [
                10,
                6,
                8
            ],
            "to": [
                12,
                7.5,
                10.5
            ],
            "faces": {
                "east": {
                    "uv": [
                        9.5,
                        0.5,
                        5.5,
                        4.5
                    ],
                    "texture": "#0"
                },
                "south": {
                    "uv": [
                        9.5,
                        0.5,
                        5.5,
                        4.5
                    ],
                    "texture": "#0"
                },
                "north": {
                    "uv": [
                        9.5,
                        0.5,
                        5.5,
                        4.5
                    ],
                    "texture": "#0"
                },
                "up": {
                    "uv": [
                        9.5,
                        0.5,
                        5.5,
                        4.5
                    ],
                    "texture": "#0"
                }
            }
        },
        {
            "rotation": {
                "origin": [
                    9,
                    7,
                    7
                ],
                "angle": 0,
                "axis": "y"
            },
            "from": [
                5.5,
                5,
                6
            ],
            "to": [
                10.5,
                8,
                11.5
            ],
            "faces": {
                "east": {
                    "uv": [
                        5.5,
                        0.5,
                        9.5,
                        4.5
                    ],
                    "texture": "#0"
                },
                "south": {
                    "uv": [
                        5.5,
                        0.5,
                        9.5,
                        4.5
                    ],
                    "texture": "#0"
                },
                "north": {
                    "uv": [
                        5.5,
                        0.5,
                        9.5,
                        4.5
                    ],
                    "texture": "#0"
                },
                "west": {
                    "uv": [
                        5.5,
                        0.5,
                        9.5,
                        4.5
                    ],
                    "texture": "#0"
                },
                "up": {
                    "uv": [
                        5.5,
                        0.5,
                        9.5,
                        4.5
                    ],
                    "texture": "#0"
                },
                "down": {
                    "uv": [
                        5.5,
                        0.5,
                        9.5,
                        4.5
                    ],
                    "texture": "#0"
                }
            }
        },
        {
            "rotation": {
                "origin": [
                    8.5,
                    11,
                    8
                ],
                "angle": 0,
                "axis": "y"
            },
            "from": [
                5.5,
                5.5,
                6.5
            ],
            "to": [
                10.5,
                11,
                11
            ],
            "faces": {
                "east": {
                    "uv": [
                        0.25,
                        6.5,
                        12.75,
                        15.75
                    ],
                    "texture": "#1"
                },
                "south": {
                    "uv": [
                        0.25,
                        6.5,
                        12.75,
                        15.75
                    ],
                    "texture": "#1"
                },
                "north": {
                    "uv": [
                        0.25,
                        6.5,
                        12.75,
                        15.75
                    ],
                    "texture": "#1"
                },
                "west": {
                    "uv": [
                        0.25,
                        6.5,
                        12.75,
                        15.75
                    ],
                    "texture": "#1"
                },
                "up": {
                    "uv": [
                        0.5,
                        0.5,
                        4.5,
                        4.5
                    ],
                    "texture": "#0"
                }
            }
        },
        {
            "rotation": {
                "origin": [
                    8,
                    15,
                    8
                ],
                "angle": 0,
                "axis": "y"
            },
            "from": [
                6,
                15,
                6.5
            ],
            "to": [
                10,
                16,
                10.5
            ],
            "faces": {
                "east": {
                    "uv": [
                        0.5,
                        0.5,
                        4.5,
                        4.5
                    ],
                    "texture": "#0"
                },
                "south": {
                    "uv": [
                        0.5,
                        0.5,
                        4.5,
                        4.5
                    ],
                    "texture": "#0"
                },
                "north": {
                    "uv": [
                        0.5,
                        0.5,
                        4.5,
                        4.5
                    ],
                    "texture": "#0"
                },
                "west": {
                    "uv": [
                        0.5,
                        0.5,
                        4.5,
                        4.5
                    ],
                    "texture": "#0"
                },
                "up": {
                    "uv": [
                        0.5,
                        0.5,
                        4.5,
                        4.5
                    ],
                    "texture": "#0"
                }
            }
        },
        {
            "rotation": {
                "origin": [
                    8.5,
                    11,
                    8
                ],
                "angle": 0,
                "axis": "y"
            },
            "from": [
                9.5,
                12,
                6.5
            ],
            "to": [
                10.5,
                15.5,
                10.5
            ],
            "faces": {
                "east": {
                    "uv": [
                        0.5,
                        0.5,
                        4.5,
                        4.5
                    ],
                    "texture": "#0"
                },
                "south": {
                    "uv": [
                        0.5,
                        0.5,
                        4.5,
                        4.5
                    ],
                    "texture": "#0"
                },
                "north": {
                    "uv": [
                        0.5,
                        0.5,
                        4.5,
                        4.5
                    ],
                    "texture": "#0"
                },
                "west": {
                    "uv": [
                        10.5,
                        0.5,
                        12.5,
                        2.5
                    ],
                    "texture": "#0"
                },
                "up": {
                    "uv": [
                        0.5,
                        0.5,
                        4.5,
                        4.5
                    ],
                    "texture": "#0"
                },
                "down": {
                    "uv": [
                        0.5,
                        0.5,
                        4.5,
                        4.5
                    ],
                    "texture": "#0"
                }
            }
        },
        {
            "rotation": {
                "origin": [
                    8.50781,
                    11,
                    8
                ],
                "angle": 0,
                "axis": "y"
            },
            "from": [
                5.49219,
                14,
                6.5
            ],
            "to": [
                10.50781,
                15,
                8.5
            ],
            "faces": {
                "east": {
                    "uv": [
                        14.25,
                        0.25,
                        0.25,
                        6
                    ],
                    "texture": "#1"
                },
                "west": {
                    "uv": [
                        0.25,
                        0.25,
                        14.25,
                        6
                    ],
                    "texture": "#1"
                }
            }
        },
        {
            "rotation": {
                "origin": [
                    7.5,
                    11,
                    8
                ],
                "angle": 0,
                "axis": "y"
            },
            "from": [
                5.5,
                12,
                6.5
            ],
            "to": [
                6.5,
                15.5,
                10.5
            ],
            "faces": {
                "east": {
                    "uv": [
                        10.5,
                        0.5,
                        12.5,
                        2.5
                    ],
                    "texture": "#0"
                },
                "south": {
                    "uv": [
                        4.5,
                        0.5,
                        0.5,
                        4.5
                    ],
                    "texture": "#0"
                },
                "north": {
                    "uv": [
                        4.5,
                        0.5,
                        0.5,
                        4.5
                    ],
                    "texture": "#0"
                },
                "west": {
                    "uv": [
                        4.5,
                        0.5,
                        0.5,
                        4.5
                    ],
                    "texture": "#0"
                },
                "up": {
                    "uv": [
                        4.5,
                        0.5,
                        0.5,
                        4.5
                    ],
                    "texture": "#0"
                },
                "down": {
                    "uv": [
                        4.5,
                        0.5,
                        0.5,
                        4.5
                    ],
                    "texture": "#0"
                }
            }
        },
        {
            "rotation": {
                "origin": [
                    5.5,
                    15,
                    8.5
                ],
                "angle": 22.5,
                "axis": "z"
            },
            "from": [
                5.5,
                15,
                8.5
            ],
            "to": [
                6.5,
                17,
                10
            ],
            "faces": {
                "east": {
                    "uv": [
                        0.5,
                        0.5,
                        4.5,
                        4.5
                    ],
                    "texture": "#0"
                },
                "south": {
                    "uv": [
                        4.5,
                        0.5,
                        0.5,
                        4.5
                    ],
                    "texture": "#0"
                },
                "north": {
                    "uv": [
                        4.5,
                        0.5,
                        0.5,
                        4.5
                    ],
                    "texture": "#0"
                },
                "west": {
                    "uv": [
                        4.5,
                        0.5,
                        0.5,
                        4.5
                    ],
                    "texture": "#0"
                },
                "up": {
                    "uv": [
                        4.5,
                        0.5,
                        0.5,
                        4.5
                    ],
                    "texture": "#0"
                },
                "down": {
                    "uv": [
                        4.5,
                        0.5,
                        0.5,
                        4.5
                    ],
                    "texture": "#0"
                }
            }
        },
        {
            "rotation": {
                "origin": [
                    5.5,
                    15,
                    8.5
                ],
                "angle": 22.5,
                "axis": "z"
            },
            "from": [
                5.49219,
                15,
                8.5
            ],
            "to": [
                5.99219,
                17,
                10
            ],
            "faces": {"west": {
                "uv": [
                    10,
                    5.5,
                    0.5,
                    15.5
                ],
                "texture": "#0"
            }}
        },
        {
            "rotation": {
                "origin": [
                    10.5,
                    15,
                    8.5
                ],
                "angle": -22.5,
                "axis": "z"
            },
            "from": [
                10.00781,
                15,
                8.5
            ],
            "to": [
                10.50781,
                17,
                10
            ],
            "faces": {"east": {
                "uv": [
                    0.5,
                    5.5,
                    10,
                    15.5
                ],
                "texture": "#0"
            }}
        },
        {
            "rotation": {
                "origin": [
                    10.5,
                    15,
                    8.5
                ],
                "angle": -22.5,
                "axis": "z"
            },
            "from": [
                9.5,
                15,
                8.5
            ],
            "to": [
                10.5,
                17,
                10
            ],
            "faces": {
                "east": {
                    "uv": [
                        0.5,
                        0.5,
                        4.5,
                        4.5
                    ],
                    "texture": "#0"
                },
                "south": {
                    "uv": [
                        0.5,
                        0.5,
                        4.5,
                        4.5
                    ],
                    "texture": "#0"
                },
                "north": {
                    "uv": [
                        0.5,
                        0.5,
                        4.5,
                        4.5
                    ],
                    "texture": "#0"
                },
                "west": {
                    "uv": [
                        0.5,
                        0.5,
                        4.5,
                        4.5
                    ],
                    "texture": "#0"
                },
                "up": {
                    "uv": [
                        0.5,
                        0.5,
                        4.5,
                        4.5
                    ],
                    "texture": "#0"
                },
                "down": {
                    "uv": [
                        0.5,
                        0.5,
                        4.5,
                        4.5
                    ],
                    "texture": "#0"
                }
            }
        }
    ],
    "display": {
        "head": {
            "translation": [
                0,
                -26,
                0
            ],
            "scale": [
                2.7,
                2.7,
                2.7
            ]
        },
        "gui": {
            "rotation": [
                30,
                135,
                0
            ],
            "translation": [
                0.75,
                0,
                0
            ],
            "scale": [
                0.8,
                0.8,
                0.8
            ]
        }
    },
    "credit": "© 2015-2021 MadstonMagic. All rights reserved. Made using BlockBench"
}