{
    "textures": {
        "0": "pokemon/97_hypno/eye",
        "1": "pokemon/97_hypno/hypno",
        "particle": "pokemon/97_hypno/eye"
    },
    "elements": [
        {
            "rotation": {
                "origin": [
                    8,
                    11,
                    8.5
                ],
                "angle": 0,
                "axis": "y"
            },
            "from": [
                6.5,
                10.5,
                7
            ],
            "to": [
                9.5,
                15,
                10
            ],
            "faces": {
                "east": {
                    "uv": [
                        1,
                        1,
                        4,
                        4
                    ],
                    "texture": "#1"
                },
                "south": {
                    "uv": [
                        1,
                        1,
                        4,
                        4
                    ],
                    "texture": "#1"
                },
                "north": {
                    "uv": [
                        1,
                        1,
                        4,
                        4
                    ],
                    "texture": "#1"
                },
                "west": {
                    "uv": [
                        1,
                        1,
                        4,
                        4
                    ],
                    "texture": "#1"
                },
                "up": {
                    "uv": [
                        1,
                        1,
                        4,
                        4
                    ],
                    "texture": "#1"
                }
            }
        },
        {
            "rotation": {
                "origin": [
                    8.375,
                    6.93716,
                    9.46141
                ],
                "angle": 0,
                "axis": "y"
            },
            "from": [
                6.5,
                5.43716,
                7.46141
            ],
            "to": [
                9.5,
                10.93716,
                10.46141
            ],
            "faces": {
                "east": {
                    "uv": [
                        1,
                        1,
                        4,
                        4
                    ],
                    "texture": "#1"
                },
                "south": {
                    "uv": [
                        1,
                        1,
                        4,
                        4
                    ],
                    "texture": "#1"
                },
                "north": {
                    "uv": [
                        1,
                        1,
                        4,
                        4
                    ],
                    "texture": "#1"
                },
                "west": {
                    "uv": [
                        1,
                        1,
                        4,
                        4
                    ],
                    "texture": "#1"
                },
                "up": {
                    "uv": [
                        1,
                        1,
                        4,
                        4
                    ],
                    "texture": "#1"
                },
                "down": {
                    "uv": [
                        1,
                        1,
                        4,
                        4
                    ],
                    "texture": "#1"
                }
            }
        },
        {
            "rotation": {
                "origin": [
                    8.375,
                    6.93716,
                    9.46141
                ],
                "angle": 0,
                "axis": "y"
            },
            "from": [
                6,
                5.43716,
                7.96141
            ],
            "to": [
                10,
                10.93716,
                9.96141
            ],
            "faces": {
                "east": {
                    "uv": [
                        1,
                        1,
                        4,
                        4
                    ],
                    "texture": "#1"
                },
                "south": {
                    "uv": [
                        1,
                        1,
                        4,
                        4
                    ],
                    "texture": "#1"
                },
                "north": {
                    "uv": [
                        1,
                        1,
                        4,
                        4
                    ],
                    "texture": "#1"
                },
                "west": {
                    "uv": [
                        1,
                        1,
                        4,
                        4
                    ],
                    "texture": "#1"
                },
                "up": {
                    "uv": [
                        1,
                        1,
                        4,
                        4
                    ],
                    "texture": "#1"
                },
                "down": {
                    "uv": [
                        1,
                        1,
                        4,
                        4
                    ],
                    "texture": "#1"
                }
            }
        },
        {
            "rotation": {
                "origin": [
                    6,
                    9.43716,
                    9.46141
                ],
                "angle": -45,
                "axis": "z"
            },
            "from": [
                2,
                9.43716,
                7.96141
            ],
            "to": [
                6,
                10.43716,
                9.46141
            ],
            "faces": {
                "south": {
                    "uv": [
                        1,
                        1,
                        4,
                        4
                    ],
                    "texture": "#1"
                },
                "north": {
                    "uv": [
                        1,
                        1,
                        4,
                        4
                    ],
                    "texture": "#1"
                },
                "west": {
                    "uv": [
                        1,
                        1,
                        4,
                        4
                    ],
                    "texture": "#1"
                },
                "up": {
                    "uv": [
                        1,
                        1,
                        4,
                        4
                    ],
                    "texture": "#1"
                },
                "down": {
                    "uv": [
                        1,
                        1,
                        4,
                        4
                    ],
                    "texture": "#1"
                }
            }
        },
        {
            "rotation": {
                "origin": [
                    6,
                    9.43716,
                    9.46141
                ],
                "angle": -45,
                "axis": "z"
            },
            "from": [
                2,
                9.43716,
                4.96141
            ],
            "to": [
                3,
                10.43716,
                7.96141
            ],
            "faces": {
                "east": {
                    "uv": [
                        1,
                        1,
                        4,
                        4
                    ],
                    "texture": "#1"
                },
                "north": {
                    "uv": [
                        1,
                        1,
                        4,
                        4
                    ],
                    "texture": "#1"
                },
                "west": {
                    "uv": [
                        1,
                        1,
                        4,
                        4
                    ],
                    "texture": "#1"
                },
                "up": {
                    "uv": [
                        1,
                        1,
                        4,
                        4
                    ],
                    "texture": "#1"
                },
                "down": {
                    "uv": [
                        1,
                        1,
                        4,
                        4
                    ],
                    "texture": "#1"
                }
            }
        },
        {
            "rotation": {
                "origin": [
                    7.5,
                    11.43716,
                    10.96141
                ],
                "angle": 0,
                "axis": "z"
            },
            "from": [
                3,
                11.93716,
                3.96141
            ],
            "to": [
                4.5,
                12.93716,
                4.96141
            ],
            "faces": {
                "east": {
                    "uv": [
                        1,
                        1,
                        4,
                        4
                    ],
                    "texture": "#1"
                },
                "south": {
                    "uv": [
                        1,
                        1,
                        4,
                        4
                    ],
                    "texture": "#1"
                },
                "north": {
                    "uv": [
                        1,
                        1,
                        4,
                        4
                    ],
                    "texture": "#1"
                },
                "west": {
                    "uv": [
                        1,
                        1,
                        4,
                        4
                    ],
                    "texture": "#1"
                },
                "up": {
                    "uv": [
                        1,
                        1,
                        4,
                        4
                    ],
                    "texture": "#1"
                },
                "down": {
                    "uv": [
                        1,
                        1,
                        4,
                        4
                    ],
                    "texture": "#1"
                }
            }
        },
        {
            "rotation": {
                "origin": [
                    7.75,
                    7.81216,
                    10.77391
                ],
                "angle": 0,
                "axis": "z"
            },
            "from": [
                3,
                6.81216,
                3.77391
            ],
            "to": [
                5,
                9.31216,
                3.77491
            ],
            "faces": {
                "south": {
                    "uv": [
                        0.5,
                        6.25,
                        13,
                        15.75
                    ],
                    "texture": "#0",
                    "rotation": 270
                },
                "north": {
                    "uv": [
                        0.25,
                        6.25,
                        13,
                        15.75
                    ],
                    "texture": "#0",
                    "rotation": 270
                }
            }
        },
        {
            "rotation": {
                "origin": [
                    7.75,
                    8.31216,
                    10.77391
                ],
                "angle": 0,
                "axis": "z"
            },
            "from": [
                3,
                9.31216,
                3.77391
            ],
            "to": [
                5,
                10.81216,
                3.77491
            ],
            "faces": {
                "south": {
                    "uv": [
                        10.25,
                        6.25,
                        13,
                        15.75
                    ],
                    "texture": "#0",
                    "rotation": 270
                },
                "north": {
                    "uv": [
                        10.25,
                        6.25,
                        13,
                        15.75
                    ],
                    "texture": "#0",
                    "rotation": 270
                }
            }
        },
        {
            "rotation": {
                "origin": [
                    7.75,
                    8.81216,
                    10.77391
                ],
                "angle": 0,
                "axis": "z"
            },
            "from": [
                3.375,
                10.81216,
                3.77391
            ],
            "to": [
                4.625,
                12.06216,
                3.77491
            ],
            "faces": {
                "south": {
                    "uv": [
                        13,
                        13,
                        15.75,
                        9
                    ],
                    "texture": "#0",
                    "rotation": 270
                },
                "north": {
                    "uv": [
                        13,
                        9,
                        15.75,
                        13
                    ],
                    "texture": "#0",
                    "rotation": 270
                }
            }
        },
        {
            "rotation": {
                "origin": [
                    7.5,
                    11.43716,
                    9.96141
                ],
                "angle": 0,
                "axis": "z"
            },
            "from": [
                3,
                12.43716,
                2.96141
            ],
            "to": [
                4.5,
                12.93716,
                3.96141
            ],
            "faces": {
                "east": {
                    "uv": [
                        1,
                        1,
                        4,
                        4
                    ],
                    "texture": "#1"
                },
                "west": {
                    "uv": [
                        1,
                        1,
                        4,
                        4
                    ],
                    "texture": "#1"
                },
                "up": {
                    "uv": [
                        1,
                        1,
                        4,
                        4
                    ],
                    "texture": "#1"
                },
                "down": {
                    "uv": [
                        1,
                        1,
                        4,
                        4
                    ],
                    "texture": "#1"
                }
            }
        },
        {
            "rotation": {
                "origin": [
                    7.125,
                    11.56216,
                    9.96141
                ],
                "angle": 0,
                "axis": "z"
            },
            "from": [
                3.375,
                12.56216,
                2.96141
            ],
            "to": [
                4.125,
                13.06216,
                3.96141
            ],
            "faces": {
                "east": {
                    "uv": [
                        1,
                        1,
                        4,
                        4
                    ],
                    "texture": "#1"
                },
                "south": {
                    "uv": [
                        1,
                        1,
                        4,
                        4
                    ],
                    "texture": "#1"
                },
                "west": {
                    "uv": [
                        1,
                        1,
                        4,
                        4
                    ],
                    "texture": "#1"
                },
                "up": {
                    "uv": [
                        1,
                        1,
                        4,
                        4
                    ],
                    "texture": "#1"
                }
            }
        },
        {
            "rotation": {
                "origin": [
                    7.125,
                    18.03141,
                    6.58083
                ],
                "angle": 22.5,
                "axis": "x"
            },
            "from": [
                3.375,
                10.91593,
                5.13857
            ],
            "to": [
                4.125,
                12.05533,
                5.58083
            ],
            "faces": {
                "east": {
                    "uv": [
                        1,
                        1,
                        4,
                        4
                    ],
                    "texture": "#1",
                    "rotation": 90
                },
                "south": {
                    "uv": [
                        1,
                        1,
                        4,
                        4
                    ],
                    "texture": "#1"
                },
                "north": {
                    "uv": [
                        1,
                        1,
                        4,
                        4
                    ],
                    "texture": "#1",
                    "rotation": 180
                },
                "west": {
                    "uv": [
                        1,
                        1,
                        4,
                        4
                    ],
                    "texture": "#1",
                    "rotation": 270
                },
                "down": {
                    "uv": [
                        1,
                        1,
                        4,
                        4
                    ],
                    "texture": "#1",
                    "rotation": 180
                }
            }
        },
        {
            "rotation": {
                "origin": [
                    7.375,
                    13.30023,
                    10.86528
                ],
                "angle": -22.5,
                "axis": "x"
            },
            "from": [
                3.625,
                14.30023,
                3.49979
            ],
            "to": [
                4.375,
                14.74248,
                4.88919
            ],
            "faces": {
                "east": {
                    "uv": [
                        1,
                        1,
                        4,
                        4
                    ],
                    "texture": "#1"
                },
                "north": {
                    "uv": [
                        1,
                        1,
                        4,
                        4
                    ],
                    "texture": "#1"
                },
                "west": {
                    "uv": [
                        1,
                        1,
                        4,
                        4
                    ],
                    "texture": "#1"
                },
                "up": {
                    "uv": [
                        1,
                        1,
                        4,
                        4
                    ],
                    "texture": "#1"
                },
                "down": {
                    "uv": [
                        1,
                        1,
                        4,
                        4
                    ],
                    "texture": "#1"
                }
            }
        },
        {
            "rotation": {
                "origin": [
                    7.5,
                    17.90641,
                    6.64333
                ],
                "angle": 22.5,
                "axis": "x"
            },
            "from": [
                3,
                10.90641,
                5.14333
            ],
            "to": [
                4.5,
                11.90641,
                5.64333
            ],
            "faces": {
                "east": {
                    "uv": [
                        1,
                        1,
                        4,
                        4
                    ],
                    "texture": "#1",
                    "rotation": 90
                },
                "south": {
                    "uv": [
                        1,
                        1,
                        4,
                        4
                    ],
                    "texture": "#1"
                },
                "north": {
                    "uv": [
                        1,
                        1,
                        4,
                        4
                    ],
                    "texture": "#1",
                    "rotation": 180
                },
                "west": {
                    "uv": [
                        1,
                        1,
                        4,
                        4
                    ],
                    "texture": "#1",
                    "rotation": 270
                },
                "down": {
                    "uv": [
                        1,
                        1,
                        4,
                        4
                    ],
                    "texture": "#1",
                    "rotation": 180
                }
            }
        },
        {
            "rotation": {
                "origin": [
                    10,
                    9.43716,
                    9.46141
                ],
                "angle": 45,
                "axis": "z"
            },
            "from": [
                10,
                9.43716,
                7.96141
            ],
            "to": [
                14,
                10.43716,
                9.46141
            ],
            "faces": {
                "east": {
                    "uv": [
                        1,
                        1,
                        4,
                        4
                    ],
                    "texture": "#1"
                },
                "south": {
                    "uv": [
                        4,
                        1,
                        1,
                        4
                    ],
                    "texture": "#1"
                },
                "north": {
                    "uv": [
                        4,
                        1,
                        1,
                        4
                    ],
                    "texture": "#1"
                },
                "up": {
                    "uv": [
                        4,
                        1,
                        1,
                        4
                    ],
                    "texture": "#1"
                },
                "down": {
                    "uv": [
                        4,
                        1,
                        1,
                        4
                    ],
                    "texture": "#1"
                }
            }
        },
        {
            "rotation": {
                "origin": [
                    10,
                    9.43716,
                    9.46141
                ],
                "angle": 45,
                "axis": "z"
            },
            "from": [
                13,
                9.43716,
                4.96141
            ],
            "to": [
                14,
                10.43716,
                7.96141
            ],
            "faces": {
                "east": {
                    "uv": [
                        4,
                        1,
                        1,
                        4
                    ],
                    "texture": "#1"
                },
                "north": {
                    "uv": [
                        4,
                        1,
                        1,
                        4
                    ],
                    "texture": "#1"
                },
                "west": {
                    "uv": [
                        4,
                        1,
                        1,
                        4
                    ],
                    "texture": "#1"
                },
                "up": {
                    "uv": [
                        4,
                        1,
                        1,
                        4
                    ],
                    "texture": "#1"
                },
                "down": {
                    "uv": [
                        4,
                        1,
                        1,
                        4
                    ],
                    "texture": "#1"
                }
            }
        },
        {
            "rotation": {
                "origin": [
                    8.5,
                    17.90641,
                    6.64333
                ],
                "angle": 22.5,
                "axis": "x"
            },
            "from": [
                11.5,
                10.90641,
                5.14333
            ],
            "to": [
                13,
                11.90641,
                5.64333
            ],
            "faces": {
                "east": {
                    "uv": [
                        1,
                        4,
                        4,
                        1
                    ],
                    "texture": "#1",
                    "rotation": 270
                },
                "south": {
                    "uv": [
                        4,
                        1,
                        1,
                        4
                    ],
                    "texture": "#1"
                },
                "north": {
                    "uv": [
                        4,
                        1,
                        1,
                        4
                    ],
                    "texture": "#1",
                    "rotation": 180
                },
                "west": {
                    "uv": [
                        1,
                        4,
                        4,
                        1
                    ],
                    "texture": "#1",
                    "rotation": 90
                },
                "down": {
                    "uv": [
                        4,
                        1,
                        1,
                        4
                    ],
                    "texture": "#1",
                    "rotation": 180
                }
            }
        },
        {
            "rotation": {
                "origin": [
                    8.875,
                    18.03141,
                    6.58083
                ],
                "angle": 22.5,
                "axis": "x"
            },
            "from": [
                11.875,
                10.91593,
                5.13857
            ],
            "to": [
                12.625,
                12.05533,
                5.58083
            ],
            "faces": {
                "east": {
                    "uv": [
                        1,
                        4,
                        4,
                        1
                    ],
                    "texture": "#1",
                    "rotation": 270
                },
                "south": {
                    "uv": [
                        4,
                        1,
                        1,
                        4
                    ],
                    "texture": "#1"
                },
                "north": {
                    "uv": [
                        4,
                        1,
                        1,
                        4
                    ],
                    "texture": "#1",
                    "rotation": 180
                },
                "west": {
                    "uv": [
                        1,
                        4,
                        4,
                        1
                    ],
                    "texture": "#1",
                    "rotation": 90
                },
                "down": {
                    "uv": [
                        4,
                        1,
                        1,
                        4
                    ],
                    "texture": "#1",
                    "rotation": 180
                }
            }
        },
        {
            "rotation": {
                "origin": [
                    8.875,
                    11.56216,
                    9.96141
                ],
                "angle": 0,
                "axis": "z"
            },
            "from": [
                11.875,
                12.56216,
                2.96141
            ],
            "to": [
                12.625,
                13.06216,
                3.96141
            ],
            "faces": {
                "east": {
                    "uv": [
                        4,
                        1,
                        1,
                        4
                    ],
                    "texture": "#1"
                },
                "south": {
                    "uv": [
                        4,
                        1,
                        1,
                        4
                    ],
                    "texture": "#1"
                },
                "west": {
                    "uv": [
                        4,
                        1,
                        1,
                        4
                    ],
                    "texture": "#1"
                },
                "up": {
                    "uv": [
                        4,
                        1,
                        1,
                        4
                    ],
                    "texture": "#1"
                }
            }
        },
        {
            "rotation": {
                "origin": [
                    8.5,
                    11.43716,
                    9.96141
                ],
                "angle": 0,
                "axis": "z"
            },
            "from": [
                11.5,
                12.43716,
                2.96141
            ],
            "to": [
                13,
                12.93716,
                3.96141
            ],
            "faces": {
                "east": {
                    "uv": [
                        4,
                        1,
                        1,
                        4
                    ],
                    "texture": "#1"
                },
                "west": {
                    "uv": [
                        4,
                        1,
                        1,
                        4
                    ],
                    "texture": "#1"
                },
                "up": {
                    "uv": [
                        4,
                        1,
                        1,
                        4
                    ],
                    "texture": "#1"
                },
                "down": {
                    "uv": [
                        4,
                        1,
                        1,
                        4
                    ],
                    "texture": "#1"
                }
            }
        },
        {
            "rotation": {
                "origin": [
                    8.5,
                    11.43716,
                    10.96141
                ],
                "angle": 0,
                "axis": "z"
            },
            "from": [
                11.5,
                11.93716,
                3.96141
            ],
            "to": [
                13,
                12.93716,
                4.96141
            ],
            "faces": {
                "east": {
                    "uv": [
                        4,
                        1,
                        1,
                        4
                    ],
                    "texture": "#1"
                },
                "south": {
                    "uv": [
                        4,
                        1,
                        1,
                        4
                    ],
                    "texture": "#1"
                },
                "north": {
                    "uv": [
                        4,
                        1,
                        1,
                        4
                    ],
                    "texture": "#1"
                },
                "west": {
                    "uv": [
                        4,
                        1,
                        1,
                        4
                    ],
                    "texture": "#1"
                },
                "up": {
                    "uv": [
                        4,
                        1,
                        1,
                        4
                    ],
                    "texture": "#1"
                },
                "down": {
                    "uv": [
                        4,
                        1,
                        1,
                        4
                    ],
                    "texture": "#1"
                }
            }
        },
        {
            "rotation": {
                "origin": [
                    8.625,
                    13.30023,
                    10.86528
                ],
                "angle": -22.5,
                "axis": "x"
            },
            "from": [
                11.625,
                14.30023,
                3.49979
            ],
            "to": [
                12.375,
                14.74248,
                4.88919
            ],
            "faces": {
                "east": {
                    "uv": [
                        4,
                        1,
                        1,
                        4
                    ],
                    "texture": "#1"
                },
                "north": {
                    "uv": [
                        4,
                        1,
                        1,
                        4
                    ],
                    "texture": "#1"
                },
                "west": {
                    "uv": [
                        4,
                        1,
                        1,
                        4
                    ],
                    "texture": "#1"
                },
                "up": {
                    "uv": [
                        4,
                        1,
                        1,
                        4
                    ],
                    "texture": "#1"
                },
                "down": {
                    "uv": [
                        4,
                        1,
                        1,
                        4
                    ],
                    "texture": "#1"
                }
            }
        },
        {
            "rotation": {
                "origin": [
                    5.7349,
                    6.41201,
                    7.46141
                ],
                "angle": -45,
                "axis": "x"
            },
            "from": [
                5.2349,
                4.11912,
                6.08641
            ],
            "to": [
                7.2349,
                6.36912,
                8.58641
            ],
            "faces": {
                "east": {
                    "uv": [
                        4,
                        1,
                        1,
                        4
                    ],
                    "texture": "#1"
                },
                "south": {
                    "uv": [
                        4,
                        1,
                        1,
                        4
                    ],
                    "texture": "#1"
                },
                "north": {
                    "uv": [
                        4,
                        1,
                        1,
                        4
                    ],
                    "texture": "#1"
                },
                "west": {
                    "uv": [
                        4,
                        1,
                        1,
                        4
                    ],
                    "texture": "#1"
                },
                "up": {
                    "uv": [
                        4,
                        1,
                        1,
                        4
                    ],
                    "texture": "#1",
                    "rotation": 90
                },
                "down": {
                    "uv": [
                        4,
                        1,
                        1,
                        4
                    ],
                    "texture": "#1",
                    "rotation": 270
                }
            }
        },
        {
            "rotation": {
                "origin": [
                    5.7349,
                    6.41201,
                    7.46141
                ],
                "angle": 0,
                "axis": "z"
            },
            "from": [
                5.4849,
                3.40941,
                6.76947
            ],
            "to": [
                6.9849,
                5.40941,
                8.51947
            ],
            "faces": {
                "east": {
                    "uv": [
                        1,
                        4,
                        4,
                        1
                    ],
                    "texture": "#1",
                    "rotation": 270
                },
                "south": {
                    "uv": [
                        1,
                        4,
                        4,
                        1
                    ],
                    "texture": "#1",
                    "rotation": 90
                },
                "north": {
                    "uv": [
                        1,
                        4,
                        4,
                        1
                    ],
                    "texture": "#1",
                    "rotation": 90
                },
                "west": {
                    "uv": [
                        1,
                        4,
                        4,
                        1
                    ],
                    "texture": "#1",
                    "rotation": 90
                }
            }
        },
        {
            "rotation": {
                "origin": [
                    5.7349,
                    6.41201,
                    8.96141
                ],
                "angle": -45,
                "axis": "x"
            },
            "from": [
                5.4849,
                2.48003,
                5.77575
            ],
            "to": [
                6.9849,
                4.10503,
                6.52575
            ],
            "faces": {
                "east": {
                    "uv": [
                        1,
                        4,
                        4,
                        1
                    ],
                    "texture": "#1",
                    "rotation": 270
                },
                "south": {
                    "uv": [
                        1,
                        4,
                        4,
                        1
                    ],
                    "texture": "#1",
                    "rotation": 90
                },
                "north": {
                    "uv": [
                        1,
                        4,
                        4,
                        1
                    ],
                    "texture": "#1",
                    "rotation": 90
                },
                "west": {
                    "uv": [
                        1,
                        4,
                        4,
                        1
                    ],
                    "texture": "#1",
                    "rotation": 90
                }
            }
        },
        {
            "rotation": {
                "origin": [
                    5.41351,
                    6.01542,
                    8.08415
                ],
                "angle": -22.5,
                "axis": "x"
            },
            "from": [
                5.4849,
                0.76281,
                7.25908
            ],
            "to": [
                6.9849,
                1.51281,
                8.50908
            ],
            "faces": {
                "east": {
                    "uv": [
                        1,
                        4,
                        4,
                        1
                    ],
                    "texture": "#1",
                    "rotation": 270
                },
                "south": {
                    "uv": [
                        1,
                        4,
                        4,
                        1
                    ],
                    "texture": "#1",
                    "rotation": 90
                },
                "west": {
                    "uv": [
                        1,
                        4,
                        4,
                        1
                    ],
                    "texture": "#1",
                    "rotation": 90
                },
                "up": {
                    "uv": [
                        1,
                        4,
                        4,
                        1
                    ],
                    "texture": "#1",
                    "rotation": 180
                },
                "down": {
                    "uv": [
                        1,
                        4,
                        4,
                        1
                    ],
                    "texture": "#1"
                }
            }
        },
        {
            "rotation": {
                "origin": [
                    5.41351,
                    6.09951,
                    10.40703
                ],
                "angle": 0,
                "axis": "y"
            },
            "from": [
                5.9849,
                0.84691,
                7.95697
            ],
            "to": [
                6.4849,
                1.34691,
                8.58197
            ],
            "faces": {
                "east": {
                    "uv": [
                        1,
                        4,
                        4,
                        1
                    ],
                    "texture": "#1",
                    "rotation": 270
                },
                "north": {
                    "uv": [
                        1,
                        4,
                        4,
                        1
                    ],
                    "texture": "#1",
                    "rotation": 90
                },
                "west": {
                    "uv": [
                        1,
                        4,
                        4,
                        1
                    ],
                    "texture": "#1",
                    "rotation": 90
                },
                "up": {
                    "uv": [
                        1,
                        4,
                        4,
                        1
                    ],
                    "texture": "#1",
                    "rotation": 180
                },
                "down": {
                    "uv": [
                        1,
                        4,
                        4,
                        1
                    ],
                    "texture": "#1"
                }
            }
        },
        {
            "rotation": {
                "origin": [
                    5.41351,
                    6.09951,
                    10.40703
                ],
                "angle": 0,
                "axis": "y"
            },
            "from": [
                5.4849,
                0.84691,
                8.08197
            ],
            "to": [
                6.9849,
                1.22191,
                8.58197
            ],
            "faces": {
                "east": {
                    "uv": [
                        1,
                        4,
                        4,
                        1
                    ],
                    "texture": "#1",
                    "rotation": 270
                },
                "north": {
                    "uv": [
                        1,
                        4,
                        4,
                        1
                    ],
                    "texture": "#1",
                    "rotation": 90
                },
                "west": {
                    "uv": [
                        1,
                        4,
                        4,
                        1
                    ],
                    "texture": "#1",
                    "rotation": 90
                },
                "up": {
                    "uv": [
                        1,
                        4,
                        4,
                        1
                    ],
                    "texture": "#1",
                    "rotation": 180
                },
                "down": {
                    "uv": [
                        1,
                        4,
                        4,
                        1
                    ],
                    "texture": "#1"
                }
            }
        },
        {
            "rotation": {
                "origin": [
                    5.41351,
                    6.09951,
                    8.40703
                ],
                "angle": 0,
                "axis": "y"
            },
            "from": [
                5.4849,
                0.84691,
                8.58197
            ],
            "to": [
                6.9849,
                1.59691,
                9.33197
            ],
            "faces": {
                "east": {
                    "uv": [
                        1,
                        4,
                        4,
                        1
                    ],
                    "texture": "#1",
                    "rotation": 270
                },
                "north": {
                    "uv": [
                        1,
                        4,
                        4,
                        1
                    ],
                    "texture": "#1",
                    "rotation": 90
                },
                "west": {
                    "uv": [
                        1,
                        4,
                        4,
                        1
                    ],
                    "texture": "#1",
                    "rotation": 90
                },
                "up": {
                    "uv": [
                        1,
                        4,
                        4,
                        1
                    ],
                    "texture": "#1",
                    "rotation": 180
                },
                "down": {
                    "uv": [
                        1,
                        4,
                        4,
                        1
                    ],
                    "texture": "#1"
                }
            }
        },
        {
            "rotation": {
                "origin": [
                    10.2651,
                    6.41201,
                    7.46141
                ],
                "angle": -45,
                "axis": "x"
            },
            "from": [
                8.7651,
                4.11912,
                6.08641
            ],
            "to": [
                10.7651,
                6.36912,
                8.58641
            ],
            "faces": {
                "east": {
                    "uv": [
                        1,
                        1,
                        4,
                        4
                    ],
                    "texture": "#1"
                },
                "south": {
                    "uv": [
                        1,
                        1,
                        4,
                        4
                    ],
                    "texture": "#1"
                },
                "north": {
                    "uv": [
                        1,
                        1,
                        4,
                        4
                    ],
                    "texture": "#1"
                },
                "west": {
                    "uv": [
                        1,
                        1,
                        4,
                        4
                    ],
                    "texture": "#1"
                },
                "up": {
                    "uv": [
                        4,
                        4,
                        1,
                        1
                    ],
                    "texture": "#1",
                    "rotation": 90
                },
                "down": {
                    "uv": [
                        4,
                        4,
                        1,
                        1
                    ],
                    "texture": "#1",
                    "rotation": 270
                }
            }
        },
        {
            "rotation": {
                "origin": [
                    10.2651,
                    5.836,
                    9.21248
                ],
                "angle": -22.5,
                "axis": "x"
            },
            "from": [
                9.0151,
                2.40402,
                6.27682
            ],
            "to": [
                10.5151,
                3.52902,
                7.02682
            ],
            "faces": {
                "east": {
                    "uv": [
                        1,
                        1,
                        4,
                        4
                    ],
                    "texture": "#1",
                    "rotation": 90
                },
                "south": {
                    "uv": [
                        1,
                        1,
                        4,
                        4
                    ],
                    "texture": "#1",
                    "rotation": 90
                },
                "north": {
                    "uv": [
                        1,
                        1,
                        4,
                        4
                    ],
                    "texture": "#1",
                    "rotation": 90
                },
                "west": {
                    "uv": [
                        1,
                        1,
                        4,
                        4
                    ],
                    "texture": "#1",
                    "rotation": 270
                }
            }
        },
        {
            "rotation": {
                "origin": [
                    10.2651,
                    6.41201,
                    7.46141
                ],
                "angle": 0,
                "axis": "z"
            },
            "from": [
                9.0151,
                3.40941,
                6.76947
            ],
            "to": [
                10.5151,
                5.40941,
                8.51947
            ],
            "faces": {
                "east": {
                    "uv": [
                        1,
                        1,
                        4,
                        4
                    ],
                    "texture": "#1",
                    "rotation": 90
                },
                "south": {
                    "uv": [
                        1,
                        1,
                        4,
                        4
                    ],
                    "texture": "#1",
                    "rotation": 90
                },
                "north": {
                    "uv": [
                        1,
                        1,
                        4,
                        4
                    ],
                    "texture": "#1",
                    "rotation": 90
                },
                "west": {
                    "uv": [
                        1,
                        1,
                        4,
                        4
                    ],
                    "texture": "#1",
                    "rotation": 270
                }
            }
        },
        {
            "rotation": {
                "origin": [
                    10.58649,
                    6.09951,
                    8.90703
                ],
                "angle": 0,
                "axis": "y"
            },
            "from": [
                9.5151,
                0.84691,
                6.45697
            ],
            "to": [
                10.0151,
                1.34691,
                7.08197
            ],
            "faces": {
                "east": {
                    "uv": [
                        1,
                        1,
                        4,
                        4
                    ],
                    "texture": "#1",
                    "rotation": 90
                },
                "north": {
                    "uv": [
                        1,
                        1,
                        4,
                        4
                    ],
                    "texture": "#1",
                    "rotation": 90
                },
                "west": {
                    "uv": [
                        1,
                        1,
                        4,
                        4
                    ],
                    "texture": "#1",
                    "rotation": 270
                },
                "up": {
                    "uv": [
                        4,
                        4,
                        1,
                        1
                    ],
                    "texture": "#1",
                    "rotation": 180
                },
                "down": {
                    "uv": [
                        4,
                        4,
                        1,
                        1
                    ],
                    "texture": "#1"
                }
            }
        },
        {
            "rotation": {
                "origin": [
                    10.58649,
                    6.09951,
                    8.90703
                ],
                "angle": 0,
                "axis": "y"
            },
            "from": [
                9.0151,
                0.84691,
                6.58197
            ],
            "to": [
                10.5151,
                1.22191,
                7.08197
            ],
            "faces": {
                "east": {
                    "uv": [
                        1,
                        1,
                        4,
                        4
                    ],
                    "texture": "#1",
                    "rotation": 90
                },
                "north": {
                    "uv": [
                        1,
                        1,
                        4,
                        4
                    ],
                    "texture": "#1",
                    "rotation": 90
                },
                "west": {
                    "uv": [
                        1,
                        1,
                        4,
                        4
                    ],
                    "texture": "#1",
                    "rotation": 270
                },
                "up": {
                    "uv": [
                        4,
                        4,
                        1,
                        1
                    ],
                    "texture": "#1",
                    "rotation": 180
                },
                "down": {
                    "uv": [
                        4,
                        4,
                        1,
                        1
                    ],
                    "texture": "#1"
                }
            }
        },
        {
            "rotation": {
                "origin": [
                    10.58649,
                    6.09951,
                    6.90703
                ],
                "angle": 0,
                "axis": "y"
            },
            "from": [
                9.0151,
                0.84691,
                7.08197
            ],
            "to": [
                10.5151,
                1.59691,
                7.83197
            ],
            "faces": {
                "east": {
                    "uv": [
                        1,
                        1,
                        4,
                        4
                    ],
                    "texture": "#1",
                    "rotation": 90
                },
                "north": {
                    "uv": [
                        1,
                        1,
                        4,
                        4
                    ],
                    "texture": "#1",
                    "rotation": 90
                },
                "west": {
                    "uv": [
                        1,
                        1,
                        4,
                        4
                    ],
                    "texture": "#1",
                    "rotation": 270
                },
                "up": {
                    "uv": [
                        4,
                        4,
                        1,
                        1
                    ],
                    "texture": "#1",
                    "rotation": 180
                },
                "down": {
                    "uv": [
                        4,
                        4,
                        1,
                        1
                    ],
                    "texture": "#1"
                }
            }
        },
        {
            "rotation": {
                "origin": [
                    10.58649,
                    6.01542,
                    6.58415
                ],
                "angle": -22.5,
                "axis": "x"
            },
            "from": [
                9.0151,
                0.76281,
                5.75908
            ],
            "to": [
                10.5151,
                1.51281,
                7.00908
            ],
            "faces": {
                "east": {
                    "uv": [
                        1,
                        1,
                        4,
                        4
                    ],
                    "texture": "#1",
                    "rotation": 90
                },
                "south": {
                    "uv": [
                        1,
                        1,
                        4,
                        4
                    ],
                    "texture": "#1",
                    "rotation": 90
                },
                "west": {
                    "uv": [
                        1,
                        1,
                        4,
                        4
                    ],
                    "texture": "#1",
                    "rotation": 270
                },
                "up": {
                    "uv": [
                        4,
                        4,
                        1,
                        1
                    ],
                    "texture": "#1",
                    "rotation": 180
                },
                "down": {
                    "uv": [
                        4,
                        4,
                        1,
                        1
                    ],
                    "texture": "#1"
                }
            }
        },
        {
            "rotation": {
                "origin": [
                    5.7349,
                    4.60763,
                    6.5498
                ],
                "angle": -45,
                "axis": "x"
            },
            "from": [
                5.4849,
                1.60503,
                5.85786
            ],
            "to": [
                6.9849,
                3.60503,
                7.60786
            ],
            "faces": {
                "east": {
                    "uv": [
                        1,
                        4,
                        4,
                        1
                    ],
                    "texture": "#1",
                    "rotation": 270
                },
                "south": {
                    "uv": [
                        1,
                        4,
                        4,
                        1
                    ],
                    "texture": "#1",
                    "rotation": 90
                },
                "north": {
                    "uv": [
                        1,
                        4,
                        4,
                        1
                    ],
                    "texture": "#1",
                    "rotation": 90
                },
                "west": {
                    "uv": [
                        1,
                        4,
                        4,
                        1
                    ],
                    "texture": "#1",
                    "rotation": 90
                },
                "down": {
                    "uv": [
                        1,
                        4,
                        4,
                        1
                    ],
                    "texture": "#1"
                }
            }
        },
        {
            "rotation": {
                "origin": [
                    10.2651,
                    4.60049,
                    7.02506
                ],
                "angle": -22.5,
                "axis": "x"
            },
            "from": [
                9.0151,
                2.59788,
                6.33312
            ],
            "to": [
                10.5151,
                3.59788,
                8.08312
            ],
            "faces": {
                "east": {
                    "uv": [
                        1,
                        1,
                        4,
                        4
                    ],
                    "texture": "#1",
                    "rotation": 90
                },
                "south": {
                    "uv": [
                        1,
                        1,
                        4,
                        4
                    ],
                    "texture": "#1",
                    "rotation": 90
                },
                "north": {
                    "uv": [
                        1,
                        1,
                        4,
                        4
                    ],
                    "texture": "#1",
                    "rotation": 90
                },
                "west": {
                    "uv": [
                        1,
                        1,
                        4,
                        4
                    ],
                    "texture": "#1",
                    "rotation": 270
                },
                "down": {
                    "uv": [
                        4,
                        4,
                        1,
                        1
                    ],
                    "texture": "#1"
                }
            }
        },
        {
            "rotation": {
                "origin": [
                    8.375,
                    6.93716,
                    9.46141
                ],
                "angle": 0,
                "axis": "y"
            },
            "from": [
                6.5,
                4.93716,
                7.96141
            ],
            "to": [
                9.5,
                5.43716,
                9.96141
            ],
            "faces": {
                "east": {
                    "uv": [
                        1,
                        1,
                        4,
                        4
                    ],
                    "texture": "#1"
                },
                "south": {
                    "uv": [
                        1,
                        1,
                        4,
                        4
                    ],
                    "texture": "#1"
                },
                "north": {
                    "uv": [
                        1,
                        1,
                        4,
                        4
                    ],
                    "texture": "#1"
                },
                "west": {
                    "uv": [
                        1,
                        1,
                        4,
                        4
                    ],
                    "texture": "#1"
                },
                "down": {
                    "uv": [
                        1,
                        1,
                        4,
                        4
                    ],
                    "texture": "#1"
                }
            }
        },
        {
            "rotation": {
                "origin": [
                    8,
                    11.5,
                    8.5
                ],
                "angle": -22.5,
                "axis": "x"
            },
            "from": [
                5.625,
                10.5,
                5.625
            ],
            "to": [
                10.375,
                11.75,
                11.25
            ],
            "faces": {
                "east": {
                    "uv": [
                        1,
                        6,
                        4,
                        9
                    ],
                    "texture": "#1"
                },
                "south": {
                    "uv": [
                        1,
                        6,
                        4,
                        9
                    ],
                    "texture": "#1"
                },
                "north": {
                    "uv": [
                        1,
                        6,
                        4,
                        9
                    ],
                    "texture": "#1"
                },
                "west": {
                    "uv": [
                        1,
                        6,
                        4,
                        9
                    ],
                    "texture": "#1"
                },
                "up": {
                    "uv": [
                        1,
                        6,
                        4,
                        9
                    ],
                    "texture": "#1"
                },
                "down": {
                    "uv": [
                        1,
                        6,
                        4,
                        9
                    ],
                    "texture": "#1"
                }
            }
        },
        {
            "rotation": {
                "origin": [
                    8,
                    11.5,
                    8.5
                ],
                "angle": -22.5,
                "axis": "x"
            },
            "from": [
                5.125,
                10.5,
                6.125
            ],
            "to": [
                10.875,
                11.75,
                10.75
            ],
            "faces": {
                "east": {
                    "uv": [
                        1,
                        6,
                        4,
                        9
                    ],
                    "texture": "#1"
                },
                "south": {
                    "uv": [
                        1,
                        6,
                        4,
                        9
                    ],
                    "texture": "#1"
                },
                "north": {
                    "uv": [
                        1,
                        6,
                        4,
                        9
                    ],
                    "texture": "#1"
                },
                "west": {
                    "uv": [
                        1,
                        6,
                        4,
                        9
                    ],
                    "texture": "#1"
                },
                "up": {
                    "uv": [
                        1,
                        6,
                        4,
                        9
                    ],
                    "texture": "#1"
                },
                "down": {
                    "uv": [
                        1,
                        6,
                        4,
                        9
                    ],
                    "texture": "#1"
                }
            }
        },
        {
            "rotation": {
                "origin": [
                    6.5,
                    14.5,
                    8.5
                ],
                "angle": 45,
                "axis": "z"
            },
            "from": [
                5.875,
                14,
                8.5
            ],
            "to": [
                7.125,
                16,
                9.5
            ],
            "faces": {
                "east": {
                    "uv": [
                        1,
                        1,
                        4,
                        4
                    ],
                    "texture": "#1"
                },
                "south": {
                    "uv": [
                        1,
                        1,
                        4,
                        4
                    ],
                    "texture": "#1"
                },
                "north": {
                    "uv": [
                        1,
                        1,
                        4,
                        4
                    ],
                    "texture": "#1"
                },
                "west": {
                    "uv": [
                        1,
                        1,
                        4,
                        4
                    ],
                    "texture": "#1"
                },
                "up": {
                    "uv": [
                        1,
                        1,
                        4,
                        4
                    ],
                    "texture": "#1",
                    "rotation": 90
                }
            }
        },
        {
            "rotation": {
                "origin": [
                    6.5,
                    14.5,
                    8.5
                ],
                "angle": 45,
                "axis": "z"
            },
            "from": [
                5.875,
                14.5,
                8.49219
            ],
            "to": [
                7.125,
                16.375,
                8.61719
            ],
            "faces": {"north": {
                "uv": [
                    7.5,
                    0.5,
                    15.5,
                    13
                ],
                "texture": "#1"
            }}
        },
        {
            "rotation": {
                "origin": [
                    6.5,
                    14.5,
                    8.5
                ],
                "angle": 45,
                "axis": "z"
            },
            "from": [
                6.125,
                14.5,
                8.5
            ],
            "to": [
                6.875,
                16.5,
                9.125
            ],
            "faces": {
                "east": {
                    "uv": [
                        1,
                        1,
                        4,
                        4
                    ],
                    "texture": "#1"
                },
                "south": {
                    "uv": [
                        1,
                        1,
                        4,
                        4
                    ],
                    "texture": "#1"
                },
                "north": {
                    "uv": [
                        1,
                        1,
                        4,
                        4
                    ],
                    "texture": "#1"
                },
                "west": {
                    "uv": [
                        1,
                        1,
                        4,
                        4
                    ],
                    "texture": "#1"
                },
                "up": {
                    "uv": [
                        1,
                        1,
                        4,
                        4
                    ],
                    "texture": "#1",
                    "rotation": 90
                }
            }
        },
        {
            "rotation": {
                "origin": [
                    9.5,
                    14.5,
                    8.5
                ],
                "angle": -45,
                "axis": "z"
            },
            "from": [
                8.875,
                14.5,
                8.49219
            ],
            "to": [
                10.125,
                16.375,
                8.61719
            ],
            "faces": {"north": {
                "uv": [
                    15.5,
                    0.5,
                    7.5,
                    13
                ],
                "texture": "#1"
            }}
        },
        {
            "rotation": {
                "origin": [
                    9.5,
                    14.5,
                    8.5
                ],
                "angle": -45,
                "axis": "z"
            },
            "from": [
                8.875,
                14,
                8.5
            ],
            "to": [
                10.125,
                16,
                9.5
            ],
            "faces": {
                "east": {
                    "uv": [
                        4,
                        1,
                        1,
                        4
                    ],
                    "texture": "#1"
                },
                "south": {
                    "uv": [
                        4,
                        1,
                        1,
                        4
                    ],
                    "texture": "#1"
                },
                "north": {
                    "uv": [
                        4,
                        1,
                        1,
                        4
                    ],
                    "texture": "#1"
                },
                "west": {
                    "uv": [
                        4,
                        1,
                        1,
                        4
                    ],
                    "texture": "#1"
                },
                "up": {
                    "uv": [
                        1,
                        4,
                        4,
                        1
                    ],
                    "texture": "#1",
                    "rotation": 90
                }
            }
        },
        {
            "rotation": {
                "origin": [
                    9.5,
                    14.5,
                    8.5
                ],
                "angle": -45,
                "axis": "z"
            },
            "from": [
                9.125,
                14.5,
                8.5
            ],
            "to": [
                9.875,
                16.5,
                9.125
            ],
            "faces": {
                "east": {
                    "uv": [
                        4,
                        1,
                        1,
                        4
                    ],
                    "texture": "#1"
                },
                "south": {
                    "uv": [
                        4,
                        1,
                        1,
                        4
                    ],
                    "texture": "#1"
                },
                "north": {
                    "uv": [
                        4,
                        1,
                        1,
                        4
                    ],
                    "texture": "#1"
                },
                "west": {
                    "uv": [
                        4,
                        1,
                        1,
                        4
                    ],
                    "texture": "#1"
                },
                "up": {
                    "uv": [
                        1,
                        4,
                        4,
                        1
                    ],
                    "texture": "#1",
                    "rotation": 90
                }
            }
        },
        {
            "rotation": {
                "origin": [
                    8.5,
                    10.5,
                    8.5
                ],
                "angle": 0,
                "axis": "y"
            },
            "from": [
                6,
                11.5,
                7
            ],
            "to": [
                10,
                14.5,
                10
            ],
            "faces": {
                "east": {
                    "uv": [
                        1,
                        1,
                        4,
                        4
                    ],
                    "texture": "#1"
                },
                "south": {
                    "uv": [
                        1,
                        1,
                        4,
                        4
                    ],
                    "texture": "#1"
                },
                "north": {
                    "uv": [
                        1,
                        1,
                        4,
                        4
                    ],
                    "texture": "#1"
                },
                "west": {
                    "uv": [
                        1,
                        1,
                        4,
                        4
                    ],
                    "texture": "#1"
                },
                "up": {
                    "uv": [
                        1,
                        1,
                        4,
                        4
                    ],
                    "texture": "#1"
                },
                "down": {
                    "uv": [
                        1,
                        1,
                        4,
                        4
                    ],
                    "texture": "#1"
                }
            }
        },
        {
            "rotation": {
                "origin": [
                    6.70711,
                    10.125,
                    9.82843
                ],
                "angle": -45,
                "axis": "y"
            },
            "from": [
                4.20711,
                13,
                7.62132
            ],
            "to": [
                8.20711,
                14.125,
                8.32843
            ],
            "faces": {
                "west": {
                    "uv": [
                        1,
                        1,
                        4,
                        4
                    ],
                    "texture": "#1"
                },
                "up": {
                    "uv": [
                        1,
                        1,
                        4,
                        4
                    ],
                    "texture": "#1"
                },
                "down": {
                    "uv": [
                        1,
                        1,
                        4,
                        4
                    ],
                    "texture": "#1"
                }
            }
        },
        {
            "rotation": {
                "origin": [
                    6.70711,
                    10.125,
                    9.82843
                ],
                "angle": -45,
                "axis": "y"
            },
            "from": [
                4.19929,
                13,
                7.62132
            ],
            "to": [
                5.69929,
                13.875,
                8.32843
            ],
            "faces": {"west": {
                "uv": [
                    8.25,
                    0.25,
                    15.5,
                    5.75
                ],
                "texture": "#0"
            }}
        },
        {
            "rotation": {
                "origin": [
                    4.99448,
                    10.125,
                    10.00229
                ],
                "angle": 0,
                "axis": "y"
            },
            "from": [
                6.49448,
                13,
                6.49448
            ],
            "to": [
                7.45158,
                13.875,
                7.99448
            ],
            "faces": {"north": {
                "uv": [
                    0.5,
                    0.25,
                    8.25,
                    5.75
                ],
                "texture": "#0"
            }}
        },
        {
            "rotation": {
                "origin": [
                    9.29289,
                    10.125,
                    9.82843
                ],
                "angle": 45,
                "axis": "y"
            },
            "from": [
                10.30071,
                13,
                7.62132
            ],
            "to": [
                11.80071,
                13.875,
                8.32843
            ],
            "faces": {"east": {
                "uv": [
                    15.5,
                    0.25,
                    8.25,
                    5.75
                ],
                "texture": "#0"
            }}
        },
        {
            "rotation": {
                "origin": [
                    11.00552,
                    10.125,
                    10.00229
                ],
                "angle": 0,
                "axis": "y"
            },
            "from": [
                8.54842,
                13,
                6.49448
            ],
            "to": [
                9.50552,
                13.875,
                7.99448
            ],
            "faces": {"north": {
                "uv": [
                    8.25,
                    0.25,
                    0.5,
                    5.75
                ],
                "texture": "#0"
            }}
        },
        {
            "rotation": {
                "origin": [
                    9.29289,
                    10.5,
                    9.82843
                ],
                "angle": 45,
                "axis": "y"
            },
            "from": [
                7.79289,
                13.375,
                7.62132
            ],
            "to": [
                11.79289,
                14.5,
                8.32843
            ],
            "faces": {
                "east": {
                    "uv": [
                        4,
                        1,
                        1,
                        4
                    ],
                    "texture": "#1"
                },
                "up": {
                    "uv": [
                        4,
                        1,
                        1,
                        4
                    ],
                    "texture": "#1"
                }
            }
        },
        {
            "rotation": {
                "origin": [
                    9.29289,
                    10.125,
                    9.82843
                ],
                "angle": 45,
                "axis": "y"
            },
            "from": [
                7.79289,
                13,
                7.62132
            ],
            "to": [
                11.79289,
                14.125,
                8.32843
            ],
            "faces": {"down": {
                "uv": [
                    4,
                    1,
                    1,
                    4
                ],
                "texture": "#1"
            }}
        },
        {
            "rotation": {
                "origin": [
                    8,
                    11.5,
                    8
                ],
                "angle": 0,
                "axis": "y"
            },
            "from": [
                6.5,
                11.5,
                6.5
            ],
            "to": [
                9.5,
                14.5,
                10.5
            ],
            "faces": {
                "east": {
                    "uv": [
                        1,
                        1,
                        4,
                        4
                    ],
                    "texture": "#1"
                },
                "south": {
                    "uv": [
                        1,
                        1,
                        4,
                        4
                    ],
                    "texture": "#1"
                },
                "north": {
                    "uv": [
                        1,
                        1,
                        4,
                        4
                    ],
                    "texture": "#1"
                },
                "west": {
                    "uv": [
                        1,
                        1,
                        4,
                        4
                    ],
                    "texture": "#1"
                },
                "up": {
                    "uv": [
                        1,
                        1,
                        4,
                        4
                    ],
                    "texture": "#1"
                },
                "down": {
                    "uv": [
                        1,
                        1,
                        4,
                        4
                    ],
                    "texture": "#1"
                }
            }
        },
        {
            "rotation": {
                "origin": [
                    8,
                    13,
                    6.5
                ],
                "angle": -22.5,
                "axis": "x"
            },
            "from": [
                7.5,
                11.5,
                4.375
            ],
            "to": [
                8.5,
                13,
                6.5
            ],
            "faces": {
                "east": {
                    "uv": [
                        1,
                        1,
                        4,
                        4
                    ],
                    "texture": "#1"
                },
                "north": {
                    "uv": [
                        1,
                        1,
                        4,
                        4
                    ],
                    "texture": "#1"
                },
                "west": {
                    "uv": [
                        1,
                        1,
                        4,
                        4
                    ],
                    "texture": "#1"
                },
                "up": {
                    "uv": [
                        1,
                        1,
                        4,
                        4
                    ],
                    "texture": "#1"
                },
                "down": {
                    "uv": [
                        1,
                        1,
                        4,
                        4
                    ],
                    "texture": "#1"
                }
            }
        },
        {
            "rotation": {
                "origin": [
                    8,
                    12.1868,
                    4.53676
                ],
                "angle": -45,
                "axis": "x"
            },
            "from": [
                7.625,
                10.9368,
                3.41176
            ],
            "to": [
                8.375,
                11.9368,
                4.53676
            ],
            "faces": {
                "east": {
                    "uv": [
                        1,
                        1,
                        4,
                        4
                    ],
                    "texture": "#1"
                },
                "north": {
                    "uv": [
                        1,
                        1,
                        4,
                        4
                    ],
                    "texture": "#1"
                },
                "west": {
                    "uv": [
                        1,
                        1,
                        4,
                        4
                    ],
                    "texture": "#1"
                },
                "up": {
                    "uv": [
                        1,
                        1,
                        4,
                        4
                    ],
                    "texture": "#1"
                },
                "down": {
                    "uv": [
                        1,
                        1,
                        4,
                        4
                    ],
                    "texture": "#1"
                }
            }
        }
    ],
    "display": {
        "head": {
            "translation": [
                0,
                -18.75,
                0
            ],
            "scale": [
                3.5,
                3.5,
                3.5
            ]
        },
        "gui": {
            "rotation": [
                30,
                135,
                0
            ],
            "translation": [
                0.75,
                -1,
                0
            ],
            "scale": [
                0.85,
                0.85,
                0.85
            ]
        }
    },
    "credit": "© 2015-2021 MadstonMagic. All rights reserved. Made using BlockBench"
}