{
	"credit": "Made by MadstonMagic, using Cubik Pro & Blockbench",
	"textures": {
		"0": "pokemon/17_pidgeotto/pidgeotto",
		"1": "pokemon/17_pidgeotto/eye",
		"2": "pokemon/17_pidgeotto/fur",
		"3": "pokemon/17_pidgeotto/tail",
		"4": "pokemon/17_pidgeotto/wing_1",
		"5": "pokemon/17_pidgeotto/wing_1_end",
		"6": "pokemon/17_pidgeotto/wing_1_end_top",
		"7": "pokemon/17_pidgeotto/wing_1_top",
		"8": "pokemon/17_pidgeotto/wing_2",
		"9": "pokemon/17_pidgeotto/wing_2_end",
		"10": "pokemon/17_pidgeotto/wing_2_end_top",
		"11": "pokemon/17_pidgeotto/wing_2_top",
		"12": "pokemon/17_pidgeotto/wing_3",
		"13": "pokemon/17_pidgeotto/wing_3_end",
		"14": "pokemon/17_pidgeotto/wing_3_end_top",
		"15": "pokemon/17_pidgeotto/wing_3_top",
		"16": "pokemon/17_pidgeotto/wing_4",
		"17": "pokemon/17_pidgeotto/wing_4_end",
		"18": "pokemon/17_pidgeotto/wing_4_end_top",
		"19": "pokemon/17_pidgeotto/wing_4_top",
		"particle": "pokemon/17_pidgeotto/pidgeotto"
	},
	"elements": [
		{
			"from": [7.25, 6.5, 7.5],
			"to": [8.75, 9, 9.5],
			"faces": {
				"north": {"uv": [7.5, 1, 10, 3], "texture": "#0"},
				"east": {"uv": [7.5, 1, 10, 3], "texture": "#0"},
				"south": {"uv": [7.5, 1, 10, 3], "texture": "#0"},
				"west": {"uv": [7.5, 1, 10, 3], "texture": "#0"},
				"up": {"uv": [7.5, 1, 10, 3], "texture": "#0"},
				"down": {"uv": [7.5, 1, 10, 3], "texture": "#0"}
			}
		},
		{
			"from": [7.65625, 8.25, 7.125],
			"to": [8.21875, 8.875, 7.25],
			"rotation": {"angle": 0, "axis": "y", "origin": [7.875, 7.75, 7.625]},
			"faces": {
				"north": {"uv": [1, 11.5, 3.5, 13.5], "texture": "#0"},
				"east": {"uv": [1, 11.5, 3.5, 13.5], "texture": "#0"},
				"south": {"uv": [1, 11.5, 3.5, 13.5], "texture": "#0"},
				"west": {"uv": [1, 11.5, 3.5, 13.5], "texture": "#0"},
				"up": {"uv": [1, 11.5, 3.5, 13.5], "texture": "#0"},
				"down": {"uv": [1, 11.5, 3.5, 13.5], "texture": "#0"}
			}
		},
		{
			"from": [7.40625, 8.5, 7.125],
			"to": [7.96875, 8.75, 7.25],
			"rotation": {"angle": 0, "axis": "y", "origin": [7.625, 7.625, 7.625]},
			"faces": {
				"north": {"uv": [1, 11.5, 3.5, 13.5], "texture": "#0"},
				"east": {"uv": [1, 11.5, 3.5, 13.5], "texture": "#0"},
				"south": {"uv": [1, 11.5, 3.5, 13.5], "texture": "#0"},
				"west": {"uv": [1, 11.5, 3.5, 13.5], "texture": "#0"},
				"up": {"uv": [1, 11.5, 3.5, 13.5], "texture": "#0"},
				"down": {"uv": [1, 11.5, 3.5, 13.5], "texture": "#0"}
			}
		},
		{
			"from": [8.03125, 8.5, 7.125],
			"to": [8.59375, 8.75, 7.25],
			"rotation": {"angle": 0, "axis": "y", "origin": [8.375, 7.625, 7.625]},
			"faces": {
				"north": {"uv": [3.5, 11.5, 1, 13.5], "texture": "#0"},
				"east": {"uv": [3.5, 11.5, 1, 13.5], "texture": "#0"},
				"south": {"uv": [3.5, 11.5, 1, 13.5], "texture": "#0"},
				"west": {"uv": [3.5, 11.5, 1, 13.5], "texture": "#0"},
				"up": {"uv": [3.5, 11.5, 1, 13.5], "texture": "#0"},
				"down": {"uv": [3.5, 11.5, 1, 13.5], "texture": "#0"}
			}
		},
		{
			"from": [7.40625, 8.125, 7.125],
			"to": [7.71875, 8.5, 7.25],
			"rotation": {"angle": 45, "axis": "z", "origin": [7.40625, 8.5, 7.125]},
			"faces": {
				"north": {"uv": [1, 11.5, 3.5, 13.5], "texture": "#0"},
				"east": {"uv": [1, 11.5, 3.5, 13.5], "texture": "#0"},
				"south": {"uv": [1, 11.5, 3.5, 13.5], "texture": "#0"},
				"west": {"uv": [1, 11.5, 3.5, 13.5], "texture": "#0"},
				"up": {"uv": [1, 11.5, 3.5, 13.5], "texture": "#0"},
				"down": {"uv": [1, 11.5, 3.5, 13.5], "texture": "#0"}
			}
		},
		{
			"from": [8.28125, 8.125, 7.125],
			"to": [8.59375, 8.5, 7.25],
			"rotation": {"angle": -45, "axis": "z", "origin": [8.59375, 8.5, 7.125]},
			"faces": {
				"north": {"uv": [3.5, 11.5, 1, 13.5], "texture": "#0"},
				"east": {"uv": [3.5, 11.5, 1, 13.5], "texture": "#0"},
				"south": {"uv": [3.5, 11.5, 1, 13.5], "texture": "#0"},
				"west": {"uv": [3.5, 11.5, 1, 13.5], "texture": "#0"},
				"up": {"uv": [3.5, 11.5, 1, 13.5], "texture": "#0"},
				"down": {"uv": [3.5, 11.5, 1, 13.5], "texture": "#0"}
			}
		},
		{
			"from": [7.65625, 8.75, 7.125],
			"to": [8.21875, 8.875, 8.125],
			"rotation": {"angle": -45, "axis": "x", "origin": [7.875, 8.875, 7.125]},
			"faces": {
				"north": {"uv": [1, 11.5, 3.5, 13.5], "rotation": 180, "texture": "#0"},
				"east": {"uv": [1, 11.5, 3.5, 13.5], "rotation": 270, "texture": "#0"},
				"south": {"uv": [1, 11.5, 3.5, 13.5], "texture": "#0"},
				"west": {"uv": [1, 11.5, 3.5, 13.5], "rotation": 90, "texture": "#0"},
				"up": {"uv": [1, 11.5, 3.5, 13.5], "rotation": 180, "texture": "#0"},
				"down": {"uv": [1, 11.5, 3.5, 13.5], "texture": "#0"}
			}
		},
		{
			"from": [7.40625, 8.625, 7.125],
			"to": [7.96875, 8.75, 8.125],
			"rotation": {"angle": -45, "axis": "x", "origin": [7.625, 8.75, 7.125]},
			"faces": {
				"north": {"uv": [1, 11.5, 3.5, 13.5], "rotation": 180, "texture": "#0"},
				"east": {"uv": [1, 11.5, 3.5, 13.5], "rotation": 270, "texture": "#0"},
				"south": {"uv": [1, 11.5, 3.5, 13.5], "texture": "#0"},
				"west": {"uv": [1, 11.5, 3.5, 13.5], "rotation": 90, "texture": "#0"},
				"up": {"uv": [1, 11.5, 3.5, 13.5], "rotation": 180, "texture": "#0"},
				"down": {"uv": [1, 11.5, 3.5, 13.5], "texture": "#0"}
			}
		},
		{
			"from": [7.15625, 8.5, 7.125],
			"to": [7.71875, 8.625, 8.125],
			"rotation": {"angle": -45, "axis": "x", "origin": [7.375, 8.625, 7.125]},
			"faces": {
				"north": {"uv": [1, 11.5, 3.5, 13.5], "rotation": 180, "texture": "#0"},
				"east": {"uv": [1, 11.5, 3.5, 13.5], "rotation": 270, "texture": "#0"},
				"south": {"uv": [1, 11.5, 3.5, 13.5], "texture": "#0"},
				"west": {"uv": [1, 11.5, 3.5, 13.5], "rotation": 90, "texture": "#0"},
				"up": {"uv": [1, 11.5, 3.5, 13.5], "rotation": 180, "texture": "#0"},
				"down": {"uv": [1, 11.5, 3.5, 13.5], "texture": "#0"}
			}
		},
		{
			"from": [8.28125, 8.5, 7.125],
			"to": [8.84375, 8.625, 8.125],
			"rotation": {"angle": -45, "axis": "x", "origin": [8.625, 8.625, 7.125]},
			"faces": {
				"north": {"uv": [3.5, 11.5, 1, 13.5], "rotation": 180, "texture": "#0"},
				"east": {"uv": [1, 13.5, 3.5, 11.5], "rotation": 90, "texture": "#0"},
				"south": {"uv": [3.5, 11.5, 1, 13.5], "texture": "#0"},
				"west": {"uv": [1, 13.5, 3.5, 11.5], "rotation": 270, "texture": "#0"},
				"up": {"uv": [3.5, 11.5, 1, 13.5], "rotation": 180, "texture": "#0"},
				"down": {"uv": [3.5, 11.5, 1, 13.5], "texture": "#0"}
			}
		},
		{
			"from": [8.03125, 8.625, 7.125],
			"to": [8.59375, 8.75, 8.125],
			"rotation": {"angle": -45, "axis": "x", "origin": [8.375, 8.75, 7.125]},
			"faces": {
				"north": {"uv": [3.5, 11.5, 1, 13.5], "rotation": 180, "texture": "#0"},
				"east": {"uv": [1, 13.5, 3.5, 11.5], "rotation": 90, "texture": "#0"},
				"south": {"uv": [3.5, 11.5, 1, 13.5], "texture": "#0"},
				"west": {"uv": [1, 13.5, 3.5, 11.5], "rotation": 270, "texture": "#0"},
				"up": {"uv": [3.5, 11.5, 1, 13.5], "rotation": 180, "texture": "#0"},
				"down": {"uv": [3.5, 11.5, 1, 13.5], "texture": "#0"}
			}
		},
		{
			"from": [7.65625, 9.45711, 7.83211],
			"to": [8.21875, 9.58211, 9.33211],
			"rotation": {"angle": 0, "axis": "x", "origin": [7.875, 9.58211, 7.83211]},
			"faces": {
				"north": {"uv": [1, 11.5, 3.5, 13.5], "rotation": 180, "texture": "#0"},
				"east": {"uv": [1, 11.5, 3.5, 13.5], "rotation": 270, "texture": "#0"},
				"south": {"uv": [1, 11.5, 3.5, 13.5], "texture": "#0"},
				"west": {"uv": [1, 11.5, 3.5, 13.5], "rotation": 90, "texture": "#0"},
				"up": {"uv": [1, 11.5, 3.5, 13.5], "rotation": 180, "texture": "#0"},
				"down": {"uv": [1, 11.5, 3.5, 13.5], "texture": "#0"}
			}
		},
		{
			"from": [7.40625, 9.33211, 7.83211],
			"to": [7.96875, 9.45711, 9.33211],
			"rotation": {"angle": 0, "axis": "x", "origin": [7.625, 9.45711, 7.83211]},
			"faces": {
				"north": {"uv": [1, 11.5, 3.5, 13.5], "rotation": 180, "texture": "#0"},
				"east": {"uv": [1, 11.5, 3.5, 13.5], "rotation": 270, "texture": "#0"},
				"south": {"uv": [1, 11.5, 3.5, 13.5], "texture": "#0"},
				"west": {"uv": [1, 11.5, 3.5, 13.5], "rotation": 90, "texture": "#0"},
				"up": {"uv": [1, 11.5, 3.5, 13.5], "rotation": 180, "texture": "#0"},
				"down": {"uv": [1, 11.5, 3.5, 13.5], "texture": "#0"}
			}
		},
		{
			"from": [7.15625, 9.20711, 7.83211],
			"to": [7.71875, 9.33211, 9.33211],
			"rotation": {"angle": 0, "axis": "x", "origin": [7.375, 9.33211, 7.83211]},
			"faces": {
				"north": {"uv": [1, 11.5, 3.5, 13.5], "rotation": 180, "texture": "#0"},
				"east": {"uv": [1, 11.5, 3.5, 13.5], "rotation": 270, "texture": "#0"},
				"south": {"uv": [1, 11.5, 3.5, 13.5], "texture": "#0"},
				"west": {"uv": [1, 11.5, 3.5, 13.5], "rotation": 90, "texture": "#0"},
				"up": {"uv": [1, 11.5, 3.5, 13.5], "rotation": 180, "texture": "#0"},
				"down": {"uv": [1, 11.5, 3.5, 13.5], "texture": "#0"}
			}
		},
		{
			"from": [8.28125, 9.20711, 7.83211],
			"to": [8.84375, 9.33211, 9.33211],
			"rotation": {"angle": 0, "axis": "x", "origin": [8.625, 9.33211, 7.83211]},
			"faces": {
				"north": {"uv": [3.5, 11.5, 1, 13.5], "rotation": 180, "texture": "#0"},
				"east": {"uv": [1, 13.5, 3.5, 11.5], "rotation": 90, "texture": "#0"},
				"south": {"uv": [3.5, 11.5, 1, 13.5], "texture": "#0"},
				"west": {"uv": [1, 13.5, 3.5, 11.5], "rotation": 270, "texture": "#0"},
				"up": {"uv": [3.5, 11.5, 1, 13.5], "rotation": 180, "texture": "#0"},
				"down": {"uv": [3.5, 11.5, 1, 13.5], "texture": "#0"}
			}
		},
		{
			"from": [8.03125, 9.33211, 7.83211],
			"to": [8.59375, 9.45711, 9.33211],
			"rotation": {"angle": 0, "axis": "x", "origin": [8.375, 9.45711, 7.83211]},
			"faces": {
				"north": {"uv": [3.5, 11.5, 1, 13.5], "rotation": 180, "texture": "#0"},
				"east": {"uv": [1, 13.5, 3.5, 11.5], "rotation": 90, "texture": "#0"},
				"south": {"uv": [3.5, 11.5, 1, 13.5], "texture": "#0"},
				"west": {"uv": [1, 13.5, 3.5, 11.5], "rotation": 270, "texture": "#0"},
				"up": {"uv": [3.5, 11.5, 1, 13.5], "rotation": 180, "texture": "#0"},
				"down": {"uv": [3.5, 11.5, 1, 13.5], "texture": "#0"}
			}
		},
		{
			"from": [7.65625, 8.5004, 9.52241],
			"to": [8.21875, 8.6254, 11.39741],
			"rotation": {"angle": 22.5, "axis": "x", "origin": [7.65625, 9.58211, 11.83211]},
			"faces": {
				"north": {"uv": [1, 11.5, 3.5, 13.5], "rotation": 180, "texture": "#0"},
				"east": {"uv": [1, 11.5, 3.5, 13.5], "rotation": 270, "texture": "#0"},
				"south": {"uv": [1, 11.5, 3.5, 13.5], "texture": "#0"},
				"west": {"uv": [1, 11.5, 3.5, 13.5], "rotation": 90, "texture": "#0"},
				"up": {"uv": [1, 11.5, 3.5, 13.5], "rotation": 180, "texture": "#0"},
				"down": {"uv": [1, 11.5, 3.5, 13.5], "texture": "#0"}
			}
		},
		{
			"from": [7.40625, 8.3754, 9.52241],
			"to": [7.96875, 8.5004, 11.02241],
			"rotation": {"angle": 22.5, "axis": "x", "origin": [7.40625, 9.45711, 11.83211]},
			"faces": {
				"north": {"uv": [1, 11.5, 3.5, 13.5], "rotation": 180, "texture": "#0"},
				"east": {"uv": [1, 11.5, 3.5, 13.5], "rotation": 270, "texture": "#0"},
				"south": {"uv": [1, 11.5, 3.5, 13.5], "texture": "#0"},
				"west": {"uv": [1, 11.5, 3.5, 13.5], "rotation": 90, "texture": "#0"},
				"up": {"uv": [1, 11.5, 3.5, 13.5], "rotation": 180, "texture": "#0"},
				"down": {"uv": [1, 11.5, 3.5, 13.5], "texture": "#0"}
			}
		},
		{
			"from": [7.15625, 8.2504, 9.52241],
			"to": [7.71875, 8.3754, 10.64741],
			"rotation": {"angle": 22.5, "axis": "x", "origin": [7.15625, 9.33211, 11.83211]},
			"faces": {
				"north": {"uv": [1, 11.5, 3.5, 13.5], "rotation": 180, "texture": "#0"},
				"east": {"uv": [1, 11.5, 3.5, 13.5], "rotation": 270, "texture": "#0"},
				"south": {"uv": [1, 11.5, 3.5, 13.5], "texture": "#0"},
				"west": {"uv": [1, 11.5, 3.5, 13.5], "rotation": 90, "texture": "#0"},
				"up": {"uv": [1, 11.5, 3.5, 13.5], "rotation": 180, "texture": "#0"},
				"down": {"uv": [1, 11.5, 3.5, 13.5], "texture": "#0"}
			}
		},
		{
			"from": [8.28125, 8.2504, 9.52241],
			"to": [8.84375, 8.3754, 10.64741],
			"rotation": {"angle": 22.5, "axis": "x", "origin": [8.84375, 9.33211, 11.83211]},
			"faces": {
				"north": {"uv": [3.5, 11.5, 1, 13.5], "rotation": 180, "texture": "#0"},
				"east": {"uv": [1, 13.5, 3.5, 11.5], "rotation": 90, "texture": "#0"},
				"south": {"uv": [3.5, 11.5, 1, 13.5], "texture": "#0"},
				"west": {"uv": [1, 13.5, 3.5, 11.5], "rotation": 270, "texture": "#0"},
				"up": {"uv": [3.5, 11.5, 1, 13.5], "rotation": 180, "texture": "#0"},
				"down": {"uv": [3.5, 11.5, 1, 13.5], "texture": "#0"}
			}
		},
		{
			"from": [8.03125, 8.3754, 9.52241],
			"to": [8.59375, 8.5004, 11.02241],
			"rotation": {"angle": 22.5, "axis": "x", "origin": [8.59375, 9.45711, 11.83211]},
			"faces": {
				"north": {"uv": [3.5, 11.5, 1, 13.5], "rotation": 180, "texture": "#0"},
				"east": {"uv": [1, 13.5, 3.5, 11.5], "rotation": 90, "texture": "#0"},
				"south": {"uv": [3.5, 11.5, 1, 13.5], "texture": "#0"},
				"west": {"uv": [1, 13.5, 3.5, 11.5], "rotation": 270, "texture": "#0"},
				"up": {"uv": [3.5, 11.5, 1, 13.5], "rotation": 180, "texture": "#0"},
				"down": {"uv": [3.5, 11.5, 1, 13.5], "texture": "#0"}
			}
		},
		{
			"from": [7.25, 6.75, 7.25],
			"to": [8.75, 8.75, 7.5],
			"faces": {
				"north": {"uv": [7, 6.5, 9.5, 8.5], "texture": "#0"},
				"east": {"uv": [7, 6.5, 9.5, 8.5], "texture": "#0"},
				"south": {"uv": [7.5, 1, 10, 3], "texture": "#0"},
				"west": {"uv": [7, 6.5, 9.5, 8.5], "texture": "#0"},
				"up": {"uv": [7, 6.5, 9.5, 8.5], "texture": "#0"},
				"down": {"uv": [7, 6.5, 9.5, 8.5], "texture": "#0"}
			}
		},
		{
			"from": [7, 3.73223, 8.76777],
			"to": [9, 5.23223, 10.18183],
			"rotation": {"angle": 22.5, "axis": "x", "origin": [8, 5.5, 7]},
			"faces": {
				"north": {"uv": [7, 6.5, 9.5, 8.5], "rotation": 180, "texture": "#0"},
				"east": {"uv": [7, 6.5, 9.5, 8.5], "rotation": 90, "texture": "#0"},
				"south": {"uv": [7, 6.5, 9.5, 8.5], "texture": "#0"},
				"west": {"uv": [7, 6.5, 9.5, 8.5], "rotation": 270, "texture": "#0"},
				"up": {"uv": [7, 6.5, 9.5, 8.5], "texture": "#0"},
				"down": {"uv": [7, 6.5, 9.5, 8.5], "rotation": 180, "texture": "#0"}
			}
		},
		{
			"from": [7, 3, 7],
			"to": [9, 5.5, 9],
			"rotation": {"angle": -22.5, "axis": "x", "origin": [8, 5.5, 7]},
			"faces": {
				"north": {"uv": [7, 6.5, 9.5, 8.5], "texture": "#0"},
				"east": {"uv": [7, 6.5, 9.5, 8.5], "texture": "#0"},
				"south": {"uv": [7, 6.5, 9.5, 8.5], "texture": "#0"},
				"west": {"uv": [7, 6.5, 9.5, 8.5], "texture": "#0"},
				"up": {"uv": [7, 6.5, 9.5, 8.5], "texture": "#0"},
				"down": {"uv": [7, 6.5, 9.5, 8.5], "texture": "#0"}
			}
		},
		{
			"from": [7, 5.5, 9.25],
			"to": [9, 6.5, 10],
			"rotation": {"angle": 0, "axis": "y", "origin": [8, 5.75, 8.75]},
			"faces": {
				"north": {"uv": [7, 1.5, 9.5, 3.5], "texture": "#0"},
				"east": {"uv": [7, 1.5, 9.5, 3.5], "texture": "#0"},
				"south": {"uv": [7, 1.5, 9.5, 3.5], "texture": "#0"},
				"west": {"uv": [7, 1.5, 9.5, 3.5], "texture": "#0"},
				"up": {"uv": [7, 1.5, 9.5, 3.5], "texture": "#0"},
				"down": {"uv": [7, 1.5, 9.5, 3.5], "texture": "#0"}
			}
		},
		{
			"from": [6.75, 3.90901, 8.94454],
			"to": [9.25, 5.15901, 10.00704],
			"rotation": {"angle": 22.5, "axis": "x", "origin": [8, 5.5, 7]},
			"faces": {
				"north": {"uv": [7, 6.5, 9.5, 8.5], "rotation": 180, "texture": "#0"},
				"east": {"uv": [7, 6.5, 9.5, 8.5], "rotation": 90, "texture": "#0"},
				"south": {"uv": [7, 6.5, 9.5, 8.5], "texture": "#0"},
				"west": {"uv": [7, 6.5, 9.5, 8.5], "rotation": 270, "texture": "#0"},
				"up": {"uv": [7, 6.5, 9.5, 8.5], "texture": "#0"},
				"down": {"uv": [7, 6.5, 9.5, 8.5], "rotation": 180, "texture": "#0"}
			}
		},
		{
			"from": [6.75, 3, 7.25],
			"to": [9.25, 5.5, 9.25],
			"rotation": {"angle": -22.5, "axis": "x", "origin": [8, 5.5, 7]},
			"faces": {
				"north": {"uv": [7, 6.5, 9.5, 8.5], "texture": "#0"},
				"east": {"uv": [7, 6.5, 9.5, 8.5], "texture": "#0"},
				"south": {"uv": [7, 6.5, 9.5, 8.5], "texture": "#0"},
				"west": {"uv": [7, 6.5, 9.5, 8.5], "texture": "#0"},
				"up": {"uv": [7, 6.5, 9.5, 8.5], "texture": "#0"},
				"down": {"uv": [7, 6.5, 9.5, 8.5], "texture": "#0"}
			}
		},
		{
			"from": [6.75, 2.25, 9.25],
			"to": [9.25, 5.5, 10],
			"rotation": {"angle": -22.5, "axis": "x", "origin": [8, 5.5, 7]},
			"faces": {
				"north": {"uv": [7, 1.5, 9.5, 3.5], "texture": "#0"},
				"east": {"uv": [7, 1.5, 9.5, 3.5], "texture": "#0"},
				"south": {"uv": [7, 1.5, 9.5, 3.5], "texture": "#0"},
				"west": {"uv": [7, 1.5, 9.5, 3.5], "texture": "#0"},
				"up": {"uv": [7, 1.5, 9.5, 3.5], "texture": "#0"},
				"down": {"uv": [7, 1.5, 9.5, 3.5], "texture": "#0"}
			}
		},
		{
			"from": [7, 2.5, 9.5],
			"to": [9, 5.5, 10.25],
			"rotation": {"angle": -22.5, "axis": "x", "origin": [8, 5.5, 7]},
			"faces": {
				"north": {"uv": [7, 1.5, 9.5, 3.5], "texture": "#0"},
				"east": {"uv": [7, 1.5, 9.5, 3.5], "texture": "#0"},
				"south": {"uv": [7, 1.5, 9.5, 3.5], "texture": "#0"},
				"west": {"uv": [7, 1.5, 9.5, 3.5], "texture": "#0"},
				"up": {"uv": [7, 1.5, 9.5, 3.5], "texture": "#0"},
				"down": {"uv": [7, 1.5, 9.5, 3.5], "texture": "#0"}
			}
		},
		{
			"from": [6.75, 2.25, 8],
			"to": [9.25, 3, 9.25],
			"rotation": {"angle": -22.5, "axis": "x", "origin": [8, 5.5, 7]},
			"faces": {
				"north": {"uv": [7, 6.5, 9.5, 8.5], "texture": "#0"},
				"east": {"uv": [7, 6.5, 9.5, 8.5], "texture": "#0"},
				"south": {"uv": [7, 6.5, 9.5, 8.5], "texture": "#0"},
				"west": {"uv": [7, 6.5, 9.5, 8.5], "texture": "#0"},
				"up": {"uv": [7, 6.5, 9.5, 8.5], "texture": "#0"},
				"down": {"uv": [7, 6.5, 9.5, 8.5], "texture": "#0"}
			}
		},
		{
			"from": [7, 2, 8],
			"to": [9, 2.875, 9.25],
			"rotation": {"angle": -22.5, "axis": "x", "origin": [8, 5.5, 7]},
			"faces": {
				"north": {"uv": [7, 6.5, 9.5, 8.5], "texture": "#0"},
				"east": {"uv": [7, 6.5, 9.5, 8.5], "texture": "#0"},
				"south": {"uv": [7, 6.5, 9.5, 8.5], "texture": "#0"},
				"west": {"uv": [7, 6.5, 9.5, 8.5], "texture": "#0"},
				"up": {"uv": [7, 6.5, 9.5, 8.5], "texture": "#0"},
				"down": {"uv": [7, 6.5, 9.5, 8.5], "texture": "#0"}
			}
		},
		{
			"from": [7.25, 3.125, 10.125],
			"to": [8.75, 4.125, 11.25],
			"rotation": {"angle": 45, "axis": "x", "origin": [8, 4.125, 9.875]},
			"faces": {
				"north": {"uv": [7, 6.5, 9.5, 8.5], "texture": "#0"},
				"east": {"uv": [7, 6.5, 9.5, 8.5], "texture": "#0"},
				"south": {"uv": [7, 6.5, 9.5, 8.5], "texture": "#0"},
				"west": {"uv": [7, 6.5, 9.5, 8.5], "texture": "#0"},
				"up": {"uv": [7, 6.5, 9.5, 8.5], "texture": "#0"},
				"down": {"uv": [7, 6.5, 9.5, 8.5], "texture": "#0"}
			}
		},
		{
			"from": [5.625, 0.125, 10.375],
			"to": [9.125, 3.375, 10.376],
			"rotation": {"angle": -22.5, "axis": "x", "origin": [6.875, 3.125, 10.875]},
			"faces": {
				"north": {"uv": [0.25, 0.25, 15, 14.5], "texture": "#3"},
				"east": {"uv": [15.5, 0.25, 15.75, 0.5], "rotation": 90, "texture": "#3"},
				"south": {"uv": [15, 0.25, 0.25, 14.5], "texture": "#3"},
				"west": {"uv": [15.5, 0.25, 15.75, 0.5], "rotation": 90, "texture": "#3"},
				"up": {"uv": [15.5, 0.25, 15.75, 0.5], "rotation": 90, "texture": "#3"},
				"down": {"uv": [15.5, 0.25, 15.75, 0.5], "rotation": 90, "texture": "#3"}
			}
		},
		{
			"from": [7.125, 1.5, 10.25],
			"to": [9.125, 3.25, 10.251],
			"rotation": {"angle": 0, "axis": "x", "origin": [6.875, 3, 10.75]},
			"faces": {
				"north": {"uv": [0.5, 0.5, 15.5, 12.5], "texture": "#2"},
				"east": {"uv": [15.5, 0.25, 15.75, 0.5], "rotation": 90, "texture": "#2"},
				"south": {"uv": [15.5, 0.5, 0.5, 12.5], "texture": "#2"},
				"west": {"uv": [15.5, 0.25, 15.75, 0.5], "rotation": 90, "texture": "#2"},
				"up": {"uv": [15.5, 0.25, 15.75, 0.5], "rotation": 90, "texture": "#2"},
				"down": {"uv": [15.5, 0.25, 15.75, 0.5], "rotation": 90, "texture": "#2"}
			}
		},
		{
			"from": [7.125, 3.125, 10.125],
			"to": [9.125, 3.126, 11.875],
			"rotation": {"angle": 22.5, "axis": "x", "origin": [6.875, 3.625, 10.375]},
			"faces": {
				"north": {"uv": [15.5, 0.25, 15.75, 0.5], "rotation": 270, "texture": "#2"},
				"east": {"uv": [15.5, 0.25, 15.75, 0.5], "rotation": 180, "texture": "#2"},
				"south": {"uv": [15.5, 0.25, 15.75, 0.5], "rotation": 90, "texture": "#2"},
				"west": {"uv": [15.5, 0.25, 15.75, 0.5], "texture": "#2"},
				"up": {"uv": [15.5, 0.5, 0.5, 12.5], "texture": "#2"},
				"down": {"uv": [0.5, 0.5, 15.5, 12.5], "rotation": 180, "texture": "#2"}
			}
		},
		{
			"from": [7, 2, 9.25],
			"to": [9, 2.875, 9.75],
			"rotation": {"angle": -22.5, "axis": "x", "origin": [8, 5.5, 7]},
			"faces": {
				"north": {"uv": [7, 1.5, 9.5, 3.5], "texture": "#0"},
				"east": {"uv": [7, 1.5, 9.5, 3.5], "texture": "#0"},
				"south": {"uv": [7, 1.5, 9.5, 3.5], "texture": "#0"},
				"west": {"uv": [7, 1.5, 9.5, 3.5], "texture": "#0"},
				"up": {"uv": [7, 1.5, 9.5, 3.5], "texture": "#0"},
				"down": {"uv": [7, 1.5, 9.5, 3.5], "texture": "#0"}
			}
		},
		{
			"from": [7.5, 7.75, 6.75],
			"to": [8.375, 8.25, 7.5],
			"rotation": {"angle": 0, "axis": "y", "origin": [8, 7.625, 7]},
			"faces": {
				"north": {"uv": [2, 6.5, 4.5, 8.5], "texture": "#0"},
				"east": {"uv": [2, 6.5, 4.5, 8.5], "texture": "#0"},
				"south": {"uv": [2, 6.5, 4.5, 8.5], "texture": "#0"},
				"west": {"uv": [2, 6.5, 4.5, 8.5], "texture": "#0"},
				"up": {"uv": [2, 6.5, 4.5, 8.5], "texture": "#0"},
				"down": {"uv": [2, 6.5, 4.5, 8.5], "texture": "#0"}
			}
		},
		{
			"from": [7.625, 7.75, 6.25],
			"to": [8.25, 8.25, 6.75],
			"rotation": {"angle": -45, "axis": "x", "origin": [8, 8.25, 6.75]},
			"faces": {
				"north": {"uv": [2, 6.5, 4.5, 8.5], "texture": "#0"},
				"east": {"uv": [2, 6.5, 4.5, 8.5], "texture": "#0"},
				"south": {"uv": [2, 6.5, 4.5, 8.5], "texture": "#0"},
				"west": {"uv": [2, 6.5, 4.5, 8.5], "texture": "#0"},
				"up": {"uv": [2, 6.5, 4.5, 8.5], "texture": "#0"},
				"down": {"uv": [2, 6.5, 4.5, 8.5], "texture": "#0"}
			}
		},
		{
			"from": [7.625, 7.875, 6.75],
			"to": [8.25, 8.25, 7.375],
			"rotation": {"angle": -22.5, "axis": "x", "origin": [8, 8.25, 6.75]},
			"faces": {
				"north": {"uv": [2, 6.5, 4.5, 8.5], "rotation": 180, "texture": "#0"},
				"east": {"uv": [2, 6.5, 4.5, 8.5], "rotation": 90, "texture": "#0"},
				"south": {"uv": [2, 6.5, 4.5, 8.5], "texture": "#0"},
				"west": {"uv": [2, 6.5, 4.5, 8.5], "rotation": 270, "texture": "#0"},
				"up": {"uv": [2, 6.5, 4.5, 8.5], "texture": "#0"},
				"down": {"uv": [2, 6.5, 4.5, 8.5], "rotation": 180, "texture": "#0"}
			}
		},
		{
			"from": [7.625, 7.375, 7],
			"to": [8.25, 7.875, 7.625],
			"rotation": {"angle": 0, "axis": "x", "origin": [8, 7.875, 7.625]},
			"faces": {
				"north": {"uv": [2, 6.5, 4.5, 8.5], "texture": "#0"},
				"east": {"uv": [2, 6.5, 4.5, 8.5], "texture": "#0"},
				"south": {"uv": [2, 6.5, 4.5, 8.5], "texture": "#0"},
				"west": {"uv": [2, 6.5, 4.5, 8.5], "texture": "#0"},
				"up": {"uv": [2, 6.5, 4.5, 8.5], "texture": "#0"},
				"down": {"uv": [2, 6.5, 4.5, 8.5], "texture": "#0"}
			}
		},
		{
			"from": [7.75, 7.375, 6.375],
			"to": [8.125, 7.875, 7],
			"rotation": {"angle": 45, "axis": "x", "origin": [8, 7.375, 7]},
			"faces": {
				"north": {"uv": [2, 6.5, 4.5, 8.5], "texture": "#0"},
				"east": {"uv": [2, 6.5, 4.5, 8.5], "texture": "#0"},
				"south": {"uv": [2, 6.5, 4.5, 8.5], "texture": "#0"},
				"west": {"uv": [2, 6.5, 4.5, 8.5], "texture": "#0"},
				"up": {"uv": [2, 6.5, 4.5, 8.5], "texture": "#0"},
				"down": {"uv": [2, 6.5, 4.5, 8.5], "texture": "#0"}
			}
		},
		{
			"from": [7.25, 6.5, 9.5],
			"to": [8.75, 8.75, 9.75],
			"faces": {
				"north": {"uv": [7, 6.5, 9.5, 8.5], "texture": "#0"},
				"east": {"uv": [7.5, 1, 10, 3], "texture": "#0"},
				"south": {"uv": [7.5, 1, 10, 3], "texture": "#0"},
				"west": {"uv": [7.5, 1, 10, 3], "texture": "#0"},
				"up": {"uv": [7.5, 1, 10, 3], "texture": "#0"},
				"down": {"uv": [7.5, 1, 10, 3], "texture": "#0"}
			}
		},
		{
			"from": [7.25, 6, 7.25],
			"to": [8.75, 6.75, 7.5],
			"faces": {
				"north": {"uv": [7.5, 1, 10, 3], "texture": "#0"},
				"east": {"uv": [7.5, 1, 10, 3], "texture": "#0"},
				"south": {"uv": [7.5, 1, 10, 3], "texture": "#0"},
				"west": {"uv": [7.5, 1, 10, 3], "texture": "#0"},
				"up": {"uv": [7.5, 1, 10, 3], "texture": "#0"},
				"down": {"uv": [7.5, 1, 10, 3], "texture": "#0"}
			}
		},
		{
			"from": [7.25, 5.25, 7.25],
			"to": [8.75, 6, 7.5],
			"rotation": {"angle": 0, "axis": "y", "origin": [8, 7.25, 8]},
			"faces": {
				"north": {"uv": [6.5, 7, 9, 9], "texture": "#0"},
				"east": {"uv": [6.5, 7, 9, 9], "texture": "#0"},
				"south": {"uv": [6.5, 7, 9, 9], "texture": "#0"},
				"west": {"uv": [6.5, 7, 9, 9], "texture": "#0"},
				"up": {"uv": [6.5, 7, 9, 9], "texture": "#0"},
				"down": {"uv": [6.5, 7, 9, 9], "texture": "#0"}
			}
		},
		{
			"from": [7, 6, 8.75],
			"to": [9, 8.75, 9.5],
			"faces": {
				"north": {"uv": [7.5, 1, 10, 3], "texture": "#0"},
				"east": {"uv": [7.5, 1, 10, 3], "texture": "#0"},
				"south": {"uv": [7.5, 1, 10, 3], "texture": "#0"},
				"west": {"uv": [7.5, 1, 10, 3], "texture": "#0"},
				"up": {"uv": [7.5, 1, 10, 3], "texture": "#0"},
				"down": {"uv": [7.5, 1, 10, 3], "texture": "#0"}
			}
		},
		{
			"from": [7, 6, 7.5],
			"to": [9, 6.75, 8.75],
			"faces": {
				"north": {"uv": [7.5, 1, 10, 3], "texture": "#0"},
				"east": {"uv": [7.5, 1, 10, 3], "texture": "#0"},
				"south": {"uv": [7.5, 1, 10, 3], "texture": "#0"},
				"west": {"uv": [7.5, 1, 10, 3], "texture": "#0"},
				"up": {"uv": [7.5, 1, 10, 3], "texture": "#0"},
				"down": {"uv": [7.5, 1, 10, 3], "texture": "#0"}
			}
		},
		{
			"from": [7, 5.25, 7.5],
			"to": [9, 6, 8.75],
			"rotation": {"angle": 0, "axis": "y", "origin": [8, 7.25, 8]},
			"faces": {
				"north": {"uv": [6.5, 7, 9, 9], "texture": "#0"},
				"east": {"uv": [6.5, 7, 9, 9], "texture": "#0"},
				"south": {"uv": [6.5, 7, 9, 9], "texture": "#0"},
				"west": {"uv": [6.5, 7, 9, 9], "texture": "#0"},
				"up": {"uv": [6.5, 7, 9, 9], "texture": "#0"},
				"down": {"uv": [6.5, 7, 9, 9], "texture": "#0"}
			}
		},
		{
			"from": [7, 6.75, 7.5],
			"to": [9, 8.125, 8.125],
			"faces": {
				"north": {"uv": [7, 7, 9.5, 9], "texture": "#0"},
				"east": {"uv": [7, 7, 9.5, 9], "texture": "#0"},
				"south": {"uv": [7, 7, 9.5, 9], "texture": "#0"},
				"west": {"uv": [7, 7, 9.5, 9], "texture": "#0"},
				"up": {"uv": [7, 7, 9.5, 9], "texture": "#0"},
				"down": {"uv": [7, 7, 9.5, 9], "texture": "#0"}
			}
		},
		{
			"from": [7, 7, 8.125],
			"to": [9, 8.125, 8.5],
			"faces": {
				"north": {"uv": [7, 7, 9.5, 9], "texture": "#0"},
				"east": {"uv": [7, 7, 9.5, 9], "texture": "#0"},
				"south": {"uv": [7, 7, 9.5, 9], "texture": "#0"},
				"west": {"uv": [7, 7, 9.5, 9], "texture": "#0"},
				"up": {"uv": [7, 7, 9.5, 9], "texture": "#0"},
				"down": {"uv": [7, 7, 9.5, 9], "texture": "#0"}
			}
		},
		{
			"from": [7, 7.125, 8.5],
			"to": [9, 8.125, 8.75],
			"faces": {
				"north": {"uv": [7, 7, 9.5, 9], "texture": "#0"},
				"east": {"uv": [7, 7, 9.5, 9], "texture": "#0"},
				"south": {"uv": [7, 7, 9.5, 9], "texture": "#0"},
				"west": {"uv": [7, 7, 9.5, 9], "texture": "#0"},
				"up": {"uv": [7, 7, 9.5, 9], "texture": "#0"},
				"down": {"uv": [7, 7, 9.5, 9], "texture": "#0"}
			}
		},
		{
			"from": [7, 6.75, 8.125],
			"to": [9, 7, 8.75],
			"faces": {
				"north": {"uv": [7.5, 1, 10, 3], "texture": "#0"},
				"east": {"uv": [7.5, 1, 10, 3], "texture": "#0"},
				"south": {"uv": [7.5, 1, 10, 3], "texture": "#0"},
				"west": {"uv": [7.5, 1, 10, 3], "texture": "#0"},
				"up": {"uv": [7.5, 1, 10, 3], "texture": "#0"},
				"down": {"uv": [7.5, 1, 10, 3], "texture": "#0"}
			}
		},
		{
			"from": [7, 7, 8.5],
			"to": [9, 7.25, 8.75],
			"faces": {
				"north": {"uv": [7.5, 1, 10, 3], "texture": "#0"},
				"east": {"uv": [7.5, 1, 10, 3], "texture": "#0"},
				"south": {"uv": [7.5, 1, 10, 3], "texture": "#0"},
				"west": {"uv": [7.5, 1, 10, 3], "texture": "#0"},
				"up": {"uv": [7.5, 1, 10, 3], "texture": "#0"},
				"down": {"uv": [7.5, 1, 10, 3], "texture": "#0"}
			}
		},
		{
			"from": [7, 8.125, 7.5],
			"to": [9, 8.75, 8.75],
			"faces": {
				"north": {"uv": [7.5, 1, 10, 3], "texture": "#0"},
				"east": {"uv": [7.5, 1, 10, 3], "texture": "#0"},
				"south": {"uv": [7.5, 1, 10, 3], "texture": "#0"},
				"west": {"uv": [7.5, 1, 10, 3], "texture": "#0"},
				"up": {"uv": [7.5, 1, 10, 3], "texture": "#0"},
				"down": {"uv": [7.5, 1, 10, 3], "texture": "#0"}
			}
		},
		{
			"from": [6.99219, 7.875, 7.5],
			"to": [9.00781, 8.75, 8.75],
			"faces": {
				"north": {"uv": [15.25, 0.25, 15.75, 0.75], "texture": "#1"},
				"east": {"uv": [11, 0.25, 0.25, 7.75], "texture": "#1"},
				"south": {"uv": [15.25, 0.25, 15.75, 0.75], "texture": "#1"},
				"west": {"uv": [0.25, 0.25, 11, 7.75], "texture": "#1"},
				"up": {"uv": [15.25, 0.25, 15.75, 0.75], "texture": "#1"},
				"down": {"uv": [15.25, 0.25, 15.75, 0.75], "texture": "#1"}
			}
		},
		{
			"from": [6.99219, 7.375, 8.625],
			"to": [9.00781, 8.75, 9.625],
			"rotation": {"angle": 45, "axis": "x", "origin": [8, 8.5, 8]},
			"faces": {
				"north": {"uv": [15.25, 0.25, 15.75, 0.75], "texture": "#1"},
				"east": {"uv": [12, 8.5, 1, 15.75], "rotation": 270, "texture": "#1"},
				"south": {"uv": [15.25, 0.25, 15.75, 0.75], "texture": "#1"},
				"west": {"uv": [1, 8.5, 12, 15.75], "rotation": 90, "texture": "#1"},
				"up": {"uv": [15.25, 0.25, 15.75, 0.75], "texture": "#1"},
				"down": {"uv": [15.25, 0.25, 15.75, 0.75], "texture": "#1"}
			}
		},
		{
			"from": [2.5, 6.25, 7.5],
			"to": [7, 6.255, 10.75],
			"rotation": {"angle": -45, "axis": "z", "origin": [7, 6.25, 7.75]},
			"faces": {
				"north": {"uv": [0.25, 15.5, 0.5, 15.75], "texture": "#4"},
				"east": {"uv": [0.25, 15.5, 0.5, 15.75], "texture": "#4"},
				"south": {"uv": [0.25, 15.5, 0.5, 15.75], "texture": "#4"},
				"west": {"uv": [0.25, 15.5, 0.5, 15.75], "texture": "#4"},
				"up": {"uv": [15.75, 0.5, 0, 13.75], "texture": "#7"},
				"down": {"uv": [0, 0.5, 15.75, 13.75], "rotation": 180, "texture": "#4"}
			}
		},
		{
			"from": [-0.68127, 9.43169, 7.5],
			"to": [3.81873, 9.43669, 10.75],
			"rotation": {"angle": 0, "axis": "z", "origin": [3.81873, 9.43169, 7.75]},
			"faces": {
				"north": {"uv": [0.25, 15.5, 0.5, 15.75], "texture": "#4"},
				"east": {"uv": [0.25, 15.5, 0.5, 15.75], "texture": "#4"},
				"south": {"uv": [0.25, 15.5, 0.5, 15.75], "texture": "#4"},
				"west": {"uv": [0.25, 15.5, 0.5, 15.75], "texture": "#4"},
				"up": {"uv": [15.75, 0.5, 0, 14.25], "texture": "#6"},
				"down": {"uv": [0, 0.5, 15.75, 14.25], "rotation": 180, "texture": "#5"}
			}
		},
		{
			"from": [-4.83935, 6.65469, 7.5],
			"to": [-0.33935, 6.65969, 10.75],
			"rotation": {"angle": -45, "axis": "z", "origin": [2.84192, 3.473, 7.75]},
			"faces": {
				"north": {"uv": [0.25, 15.5, 0.5, 15.75], "texture": "#4"},
				"east": {"uv": [0.25, 15.5, 0.5, 15.75], "texture": "#4"},
				"south": {"uv": [0.25, 15.5, 0.5, 15.75], "texture": "#4"},
				"west": {"uv": [0.25, 15.5, 0.5, 15.75], "texture": "#4"},
				"up": {"uv": [15.75, 0.5, 0, 14.25], "texture": "#10"},
				"down": {"uv": [0, 0.5, 15.75, 14.25], "rotation": 180, "texture": "#9"}
			}
		},
		{
			"from": [2.5, 6.25, 7.5],
			"to": [7, 6.255, 10.75],
			"rotation": {"angle": -22.5, "axis": "z", "origin": [7, 6.25, 7.75]},
			"faces": {
				"north": {"uv": [0.25, 15.5, 0.5, 15.75], "texture": "#4"},
				"east": {"uv": [0.25, 15.5, 0.5, 15.75], "texture": "#4"},
				"south": {"uv": [0.25, 15.5, 0.5, 15.75], "texture": "#4"},
				"west": {"uv": [0.25, 15.5, 0.5, 15.75], "texture": "#4"},
				"up": {"uv": [15.75, 0.5, 0, 13.75], "texture": "#11"},
				"down": {"uv": [0, 0.5, 15.75, 13.75], "rotation": 180, "texture": "#8"}
			}
		},
		{
			"from": [-1.65708, 7.972, 7.5],
			"to": [2.84292, 7.977, 10.75],
			"rotation": {"angle": 22.5, "axis": "z", "origin": [7, 6.25, 7.75]},
			"faces": {
				"north": {"uv": [0.25, 15.5, 0.5, 15.75], "texture": "#4"},
				"east": {"uv": [0.25, 15.5, 0.5, 15.75], "texture": "#4"},
				"south": {"uv": [0.25, 15.5, 0.5, 15.75], "texture": "#4"},
				"west": {"uv": [0.25, 15.5, 0.5, 15.75], "texture": "#4"},
				"up": {"uv": [15.75, 0.5, 0, 14.25], "texture": "#18"},
				"down": {"uv": [0, 0.5, 15.75, 14.25], "rotation": 180, "texture": "#17"}
			}
		},
		{
			"from": [2.5, 6.25, 7.5],
			"to": [7, 6.255, 10.75],
			"rotation": {"angle": 0, "axis": "z", "origin": [7, 6.25, 7.75]},
			"faces": {
				"north": {"uv": [0.25, 15.5, 0.5, 15.75], "texture": "#4"},
				"east": {"uv": [0.25, 15.5, 0.5, 15.75], "texture": "#4"},
				"south": {"uv": [0.25, 15.5, 0.5, 15.75], "texture": "#4"},
				"west": {"uv": [0.25, 15.5, 0.5, 15.75], "texture": "#4"},
				"up": {"uv": [15.75, 0.5, 0, 13.75], "texture": "#19"},
				"down": {"uv": [0, 0.5, 15.75, 13.75], "rotation": 180, "texture": "#16"}
			}
		},
		{
			"from": [-1.65708, 7.972, 7.5],
			"to": [2.84292, 7.977, 10.75],
			"rotation": {"angle": 45, "axis": "z", "origin": [7, 6.25, 7.75]},
			"faces": {
				"north": {"uv": [0.25, 15.5, 0.5, 15.75], "texture": "#4"},
				"east": {"uv": [0.25, 15.5, 0.5, 15.75], "texture": "#4"},
				"south": {"uv": [0.25, 15.5, 0.5, 15.75], "texture": "#4"},
				"west": {"uv": [0.25, 15.5, 0.5, 15.75], "texture": "#4"},
				"up": {"uv": [15.75, 0.5, 0, 14.25], "texture": "#14"},
				"down": {"uv": [0, 0.5, 15.75, 14.25], "rotation": 180, "texture": "#13"}
			}
		},
		{
			"from": [2.5, 6.25, 7.5],
			"to": [7, 6.255, 10.75],
			"rotation": {"angle": 22.5, "axis": "z", "origin": [7, 6.25, 7.75]},
			"faces": {
				"north": {"uv": [0.25, 15.5, 0.5, 15.75], "texture": "#4"},
				"east": {"uv": [0.25, 15.5, 0.5, 15.75], "texture": "#4"},
				"south": {"uv": [0.25, 15.5, 0.5, 15.75], "texture": "#4"},
				"west": {"uv": [0.25, 15.5, 0.5, 15.75], "texture": "#4"},
				"up": {"uv": [15.75, 0.5, 0, 13.75], "texture": "#15"},
				"down": {"uv": [0, 0.5, 15.75, 13.75], "rotation": 180, "texture": "#12"}
			}
		},
		{
			"from": [9, 6.25, 7.5],
			"to": [13.5, 6.255, 10.75],
			"rotation": {"angle": 45, "axis": "z", "origin": [9, 6.25, 7.75]},
			"faces": {
				"north": {"uv": [0.5, 15.5, 0.25, 15.75], "texture": "#4"},
				"east": {"uv": [0.5, 15.5, 0.25, 15.75], "texture": "#4"},
				"south": {"uv": [0.5, 15.5, 0.25, 15.75], "texture": "#4"},
				"west": {"uv": [0.5, 15.5, 0.25, 15.75], "texture": "#4"},
				"up": {"uv": [0, 0.5, 15.75, 13.75], "texture": "#7"},
				"down": {"uv": [15.75, 0.5, 0, 13.75], "rotation": 180, "texture": "#4"}
			}
		},
		{
			"from": [12.18127, 9.43169, 7.5],
			"to": [16.68127, 9.43669, 10.75],
			"rotation": {"angle": 0, "axis": "z", "origin": [12.18127, 9.43169, 7.75]},
			"faces": {
				"north": {"uv": [0.5, 15.5, 0.25, 15.75], "texture": "#4"},
				"east": {"uv": [0.5, 15.5, 0.25, 15.75], "texture": "#4"},
				"south": {"uv": [0.5, 15.5, 0.25, 15.75], "texture": "#4"},
				"west": {"uv": [0.5, 15.5, 0.25, 15.75], "texture": "#4"},
				"up": {"uv": [0, 0.5, 15.75, 14.25], "texture": "#6"},
				"down": {"uv": [15.75, 0.5, 0, 14.25], "rotation": 180, "texture": "#5"}
			}
		},
		{
			"from": [16.33935, 6.65469, 7.5],
			"to": [20.83935, 6.65969, 10.75],
			"rotation": {"angle": 45, "axis": "z", "origin": [13.15808, 3.473, 7.75]},
			"faces": {
				"north": {"uv": [0.5, 15.5, 0.25, 15.75], "texture": "#4"},
				"east": {"uv": [0.5, 15.5, 0.25, 15.75], "texture": "#4"},
				"south": {"uv": [0.5, 15.5, 0.25, 15.75], "texture": "#4"},
				"west": {"uv": [0.5, 15.5, 0.25, 15.75], "texture": "#4"},
				"up": {"uv": [0, 0.5, 15.75, 14.25], "texture": "#10"},
				"down": {"uv": [15.75, 0.5, 0, 14.25], "rotation": 180, "texture": "#9"}
			}
		},
		{
			"from": [9, 6.25, 7.5],
			"to": [13.5, 6.255, 10.75],
			"rotation": {"angle": 22.5, "axis": "z", "origin": [9, 6.25, 7.75]},
			"faces": {
				"north": {"uv": [0.5, 15.5, 0.25, 15.75], "texture": "#4"},
				"east": {"uv": [0.5, 15.5, 0.25, 15.75], "texture": "#4"},
				"south": {"uv": [0.5, 15.5, 0.25, 15.75], "texture": "#4"},
				"west": {"uv": [0.5, 15.5, 0.25, 15.75], "texture": "#4"},
				"up": {"uv": [0, 0.5, 15.75, 13.75], "texture": "#11"},
				"down": {"uv": [15.75, 0.5, 0, 13.75], "rotation": 180, "texture": "#8"}
			}
		},
		{
			"from": [13.15708, 7.972, 7.5],
			"to": [17.65708, 7.977, 10.75],
			"rotation": {"angle": -22.5, "axis": "z", "origin": [9, 6.25, 7.75]},
			"faces": {
				"north": {"uv": [0.5, 15.5, 0.25, 15.75], "texture": "#4"},
				"east": {"uv": [0.5, 15.5, 0.25, 15.75], "texture": "#4"},
				"south": {"uv": [0.5, 15.5, 0.25, 15.75], "texture": "#4"},
				"west": {"uv": [0.5, 15.5, 0.25, 15.75], "texture": "#4"},
				"up": {"uv": [0, 0.5, 15.75, 14.25], "texture": "#18"},
				"down": {"uv": [15.75, 0.5, 0, 14.25], "rotation": 180, "texture": "#17"}
			}
		},
		{
			"from": [9, 6.25, 7.5],
			"to": [13.5, 6.255, 10.75],
			"rotation": {"angle": 0, "axis": "z", "origin": [9, 6.25, 7.75]},
			"faces": {
				"north": {"uv": [0.5, 15.5, 0.25, 15.75], "texture": "#4"},
				"east": {"uv": [0.5, 15.5, 0.25, 15.75], "texture": "#4"},
				"south": {"uv": [0.5, 15.5, 0.25, 15.75], "texture": "#4"},
				"west": {"uv": [0.5, 15.5, 0.25, 15.75], "texture": "#4"},
				"up": {"uv": [0, 0.5, 15.75, 13.75], "texture": "#19"},
				"down": {"uv": [15.75, 0.5, 0, 13.75], "rotation": 180, "texture": "#16"}
			}
		},
		{
			"from": [13.15708, 7.972, 7.5],
			"to": [17.65708, 7.977, 10.75],
			"rotation": {"angle": -45, "axis": "z", "origin": [9, 6.25, 7.75]},
			"faces": {
				"north": {"uv": [0.5, 15.5, 0.25, 15.75], "texture": "#4"},
				"east": {"uv": [0.5, 15.5, 0.25, 15.75], "texture": "#4"},
				"south": {"uv": [0.5, 15.5, 0.25, 15.75], "texture": "#4"},
				"west": {"uv": [0.5, 15.5, 0.25, 15.75], "texture": "#4"},
				"up": {"uv": [0, 0.5, 15.75, 14.25], "texture": "#14"},
				"down": {"uv": [15.75, 0.5, 0, 14.25], "rotation": 180, "texture": "#13"}
			}
		},
		{
			"from": [9, 6.25, 7.5],
			"to": [13.5, 6.255, 10.75],
			"rotation": {"angle": -22.5, "axis": "z", "origin": [9, 6.25, 7.75]},
			"faces": {
				"north": {"uv": [0.5, 15.5, 0.25, 15.75], "texture": "#4"},
				"east": {"uv": [0.5, 15.5, 0.25, 15.75], "texture": "#4"},
				"south": {"uv": [0.5, 15.5, 0.25, 15.75], "texture": "#4"},
				"west": {"uv": [0.5, 15.5, 0.25, 15.75], "texture": "#4"},
				"up": {"uv": [0, 0.5, 15.75, 13.75], "texture": "#15"},
				"down": {"uv": [15.75, 0.5, 0, 13.75], "rotation": 180, "texture": "#12"}
			}
		},
		{
			"from": [8.75, 2.60983, 8.22227],
			"to": [9.75, 4.10983, 9.22227],
			"rotation": {"angle": 22.5, "axis": "x", "origin": [9.25, 4.375, 8.25]},
			"faces": {
				"north": {"uv": [9.5, 6.5, 7, 8.5], "texture": "#0"},
				"east": {"uv": [9.5, 6.5, 7, 8.5], "texture": "#0"},
				"south": {"uv": [9.5, 6.5, 7, 8.5], "texture": "#0"},
				"west": {"uv": [9.5, 6.5, 7, 8.5], "texture": "#0"},
				"up": {"uv": [9.5, 6.5, 7, 8.5], "texture": "#0"},
				"down": {"uv": [9.5, 6.5, 7, 8.5], "texture": "#0"}
			}
		},
		{
			"from": [9.59375, 2.5, 6.53125],
			"to": [9.8125, 2.75, 6.90625],
			"rotation": {"angle": 45, "axis": "x", "origin": [9.75, 2.5, 6.90625]},
			"faces": {
				"north": {"uv": [13, 0.5, 15.5, 2.5], "rotation": 270, "texture": "#0"},
				"east": {"uv": [13, 0.5, 15.5, 2.5], "texture": "#0"},
				"south": {"uv": [13, 0.5, 15.5, 2.5], "rotation": 90, "texture": "#0"},
				"west": {"uv": [13, 0.5, 15.5, 2.5], "rotation": 180, "texture": "#0"},
				"up": {"uv": [13, 0.5, 15.5, 2.5], "rotation": 270, "texture": "#0"},
				"down": {"uv": [13, 0.5, 15.5, 2.5], "rotation": 90, "texture": "#0"}
			}
		},
		{
			"from": [9.21875, 1.875, 6.90625],
			"to": [9.53125, 2.875, 7.15625],
			"rotation": {"angle": -22.5, "axis": "z", "origin": [9.21875, 1.875, 7.03125]},
			"faces": {
				"north": {"uv": [0, 6.5, 2.5, 8.5], "rotation": 180, "texture": "#0"},
				"east": {"uv": [0, 6.5, 2.5, 8.5], "rotation": 270, "texture": "#0"},
				"south": {"uv": [0, 6.5, 2.5, 8.5], "texture": "#0"},
				"west": {"uv": [0, 6.5, 2.5, 8.5], "rotation": 90, "texture": "#0"},
				"up": {"uv": [0, 6.5, 2.5, 8.5], "rotation": 180, "texture": "#0"},
				"down": {"uv": [0, 6.5, 2.5, 8.5], "texture": "#0"}
			}
		},
		{
			"from": [8.96875, 1.875, 6.90625],
			"to": [9.28125, 2.875, 7.15625],
			"rotation": {"angle": 22.5, "axis": "z", "origin": [9.28125, 1.875, 7.03125]},
			"faces": {
				"north": {"uv": [2.5, 6.5, 0, 8.5], "rotation": 180, "texture": "#0"},
				"east": {"uv": [0, 8.5, 2.5, 6.5], "rotation": 90, "texture": "#0"},
				"south": {"uv": [2.5, 6.5, 0, 8.5], "texture": "#0"},
				"west": {"uv": [0, 8.5, 2.5, 6.5], "rotation": 270, "texture": "#0"},
				"up": {"uv": [2.5, 6.5, 0, 8.5], "rotation": 180, "texture": "#0"},
				"down": {"uv": [2.5, 6.5, 0, 8.5], "texture": "#0"}
			}
		},
		{
			"from": [9, 2.125, 6],
			"to": [9.5, 2.625, 6.375],
			"rotation": {"angle": -22.5, "axis": "x", "origin": [9.25, 4.375, 8.25]},
			"faces": {
				"north": {"uv": [2.5, 6.5, 0, 8.5], "rotation": 180, "texture": "#0"},
				"east": {"uv": [0, 8.5, 2.5, 6.5], "rotation": 90, "texture": "#0"},
				"south": {"uv": [2.5, 6.5, 0, 8.5], "texture": "#0"},
				"west": {"uv": [0, 8.5, 2.5, 6.5], "rotation": 270, "texture": "#0"},
				"up": {"uv": [2.5, 6.5, 0, 8.5], "rotation": 180, "texture": "#0"},
				"down": {"uv": [2.5, 6.5, 0, 8.5], "texture": "#0"}
			}
		},
		{
			"from": [9.09375, 0.99258, 7.07063],
			"to": [9.40625, 1.61758, 7.32063],
			"rotation": {"angle": 0, "axis": "x", "origin": [9.25, 4.375, 8.25]},
			"faces": {
				"north": {"uv": [2.5, 6.5, 0, 8.5], "rotation": 180, "texture": "#0"},
				"east": {"uv": [0, 8.5, 2.5, 6.5], "rotation": 90, "texture": "#0"},
				"south": {"uv": [2.5, 6.5, 0, 8.5], "texture": "#0"},
				"west": {"uv": [0, 8.5, 2.5, 6.5], "rotation": 270, "texture": "#0"},
				"up": {"uv": [2.5, 6.5, 0, 8.5], "rotation": 180, "texture": "#0"},
				"down": {"uv": [2.5, 6.5, 0, 8.5], "texture": "#0"}
			}
		},
		{
			"from": [9.125, 2.64044, 4.82611],
			"to": [9.375, 2.89044, 5.20111],
			"rotation": {"angle": -45, "axis": "x", "origin": [9.25, 4.375, 8.25]},
			"faces": {
				"north": {"uv": [13, 2.5, 15.5, 0.5], "rotation": 270, "texture": "#0"},
				"east": {"uv": [15.5, 0.5, 13, 2.5], "rotation": 180, "texture": "#0"},
				"south": {"uv": [13, 2.5, 15.5, 0.5], "rotation": 90, "texture": "#0"},
				"west": {"uv": [15.5, 0.5, 13, 2.5], "texture": "#0"},
				"up": {"uv": [13, 2.5, 15.5, 0.5], "rotation": 270, "texture": "#0"},
				"down": {"uv": [13, 2.5, 15.5, 0.5], "rotation": 90, "texture": "#0"}
			}
		},
		{
			"from": [9, 3.04784, 5.63791],
			"to": [9.5, 3.54784, 7.13791],
			"rotation": {"angle": -45, "axis": "x", "origin": [9.25, 4.375, 8.25]},
			"faces": {
				"north": {"uv": [2.5, 6.5, 0, 8.5], "rotation": 180, "texture": "#0"},
				"east": {"uv": [0, 8.5, 2.5, 6.5], "rotation": 90, "texture": "#0"},
				"south": {"uv": [2.5, 6.5, 0, 8.5], "texture": "#0"},
				"west": {"uv": [0, 8.5, 2.5, 6.5], "rotation": 270, "texture": "#0"},
				"up": {"uv": [2.5, 6.5, 0, 8.5], "rotation": 180, "texture": "#0"},
				"down": {"uv": [2.5, 6.5, 0, 8.5], "texture": "#0"}
			}
		},
		{
			"from": [6.625, 2.64044, 4.82611],
			"to": [6.875, 2.89044, 5.20111],
			"rotation": {"angle": -45, "axis": "x", "origin": [6.75, 4.375, 8.25]},
			"faces": {
				"north": {"uv": [13, 0.5, 15.5, 2.5], "rotation": 270, "texture": "#0"},
				"east": {"uv": [13, 0.5, 15.5, 2.5], "texture": "#0"},
				"south": {"uv": [13, 0.5, 15.5, 2.5], "rotation": 90, "texture": "#0"},
				"west": {"uv": [13, 0.5, 15.5, 2.5], "rotation": 180, "texture": "#0"},
				"up": {"uv": [13, 0.5, 15.5, 2.5], "rotation": 270, "texture": "#0"},
				"down": {"uv": [13, 0.5, 15.5, 2.5], "rotation": 90, "texture": "#0"}
			}
		},
		{
			"from": [6.59375, 0.99258, 7.07063],
			"to": [6.90625, 1.61758, 7.32063],
			"rotation": {"angle": 0, "axis": "x", "origin": [6.75, 4.375, 8.25]},
			"faces": {
				"north": {"uv": [0, 6.5, 2.5, 8.5], "rotation": 180, "texture": "#0"},
				"east": {"uv": [0, 6.5, 2.5, 8.5], "rotation": 270, "texture": "#0"},
				"south": {"uv": [0, 6.5, 2.5, 8.5], "texture": "#0"},
				"west": {"uv": [0, 6.5, 2.5, 8.5], "rotation": 90, "texture": "#0"},
				"up": {"uv": [0, 6.5, 2.5, 8.5], "rotation": 180, "texture": "#0"},
				"down": {"uv": [0, 6.5, 2.5, 8.5], "texture": "#0"}
			}
		},
		{
			"from": [6.5, 2.125, 6],
			"to": [7, 2.625, 6.375],
			"rotation": {"angle": -22.5, "axis": "x", "origin": [6.75, 4.375, 8.25]},
			"faces": {
				"north": {"uv": [0, 6.5, 2.5, 8.5], "rotation": 180, "texture": "#0"},
				"east": {"uv": [0, 6.5, 2.5, 8.5], "rotation": 270, "texture": "#0"},
				"south": {"uv": [0, 6.5, 2.5, 8.5], "texture": "#0"},
				"west": {"uv": [0, 6.5, 2.5, 8.5], "rotation": 90, "texture": "#0"},
				"up": {"uv": [0, 6.5, 2.5, 8.5], "rotation": 180, "texture": "#0"},
				"down": {"uv": [0, 6.5, 2.5, 8.5], "texture": "#0"}
			}
		},
		{
			"from": [6.46875, 1.875, 6.90625],
			"to": [6.78125, 2.875, 7.15625],
			"rotation": {"angle": 22.5, "axis": "z", "origin": [6.78125, 1.875, 7.03125]},
			"faces": {
				"north": {"uv": [2.5, 6.5, 0, 8.5], "rotation": 180, "texture": "#0"},
				"east": {"uv": [0, 8.5, 2.5, 6.5], "rotation": 90, "texture": "#0"},
				"south": {"uv": [2.5, 6.5, 0, 8.5], "texture": "#0"},
				"west": {"uv": [0, 8.5, 2.5, 6.5], "rotation": 270, "texture": "#0"},
				"up": {"uv": [2.5, 6.5, 0, 8.5], "rotation": 180, "texture": "#0"},
				"down": {"uv": [2.5, 6.5, 0, 8.5], "texture": "#0"}
			}
		},
		{
			"from": [6.71875, 1.875, 6.90625],
			"to": [7.03125, 2.875, 7.15625],
			"rotation": {"angle": -22.5, "axis": "z", "origin": [6.71875, 1.875, 7.03125]},
			"faces": {
				"north": {"uv": [0, 6.5, 2.5, 8.5], "rotation": 180, "texture": "#0"},
				"east": {"uv": [0, 6.5, 2.5, 8.5], "rotation": 270, "texture": "#0"},
				"south": {"uv": [0, 6.5, 2.5, 8.5], "texture": "#0"},
				"west": {"uv": [0, 6.5, 2.5, 8.5], "rotation": 90, "texture": "#0"},
				"up": {"uv": [0, 6.5, 2.5, 8.5], "rotation": 180, "texture": "#0"},
				"down": {"uv": [0, 6.5, 2.5, 8.5], "texture": "#0"}
			}
		},
		{
			"from": [7.09375, 2.5, 6.53125],
			"to": [7.3125, 2.75, 6.90625],
			"rotation": {"angle": 45, "axis": "x", "origin": [7.25, 2.5, 6.90625]},
			"faces": {
				"north": {"uv": [13, 0.5, 15.5, 2.5], "rotation": 270, "texture": "#0"},
				"east": {"uv": [13, 0.5, 15.5, 2.5], "texture": "#0"},
				"south": {"uv": [13, 0.5, 15.5, 2.5], "rotation": 90, "texture": "#0"},
				"west": {"uv": [13, 0.5, 15.5, 2.5], "rotation": 180, "texture": "#0"},
				"up": {"uv": [13, 0.5, 15.5, 2.5], "rotation": 270, "texture": "#0"},
				"down": {"uv": [13, 0.5, 15.5, 2.5], "rotation": 90, "texture": "#0"}
			}
		},
		{
			"from": [6.1875, 2.5, 6.53125],
			"to": [6.40625, 2.75, 6.90625],
			"rotation": {"angle": 45, "axis": "x", "origin": [6.25, 2.5, 6.90625]},
			"faces": {
				"north": {"uv": [13, 2.5, 15.5, 0.5], "rotation": 270, "texture": "#0"},
				"east": {"uv": [15.5, 0.5, 13, 2.5], "rotation": 180, "texture": "#0"},
				"south": {"uv": [13, 2.5, 15.5, 0.5], "rotation": 90, "texture": "#0"},
				"west": {"uv": [15.5, 0.5, 13, 2.5], "texture": "#0"},
				"up": {"uv": [13, 2.5, 15.5, 0.5], "rotation": 270, "texture": "#0"},
				"down": {"uv": [13, 2.5, 15.5, 0.5], "rotation": 90, "texture": "#0"}
			}
		},
		{
			"from": [6.5, 3.04784, 5.63791],
			"to": [7, 3.54784, 7.13791],
			"rotation": {"angle": -45, "axis": "x", "origin": [6.75, 4.375, 8.25]},
			"faces": {
				"north": {"uv": [0, 6.5, 2.5, 8.5], "rotation": 180, "texture": "#0"},
				"east": {"uv": [0, 6.5, 2.5, 8.5], "rotation": 270, "texture": "#0"},
				"south": {"uv": [0, 6.5, 2.5, 8.5], "texture": "#0"},
				"west": {"uv": [0, 6.5, 2.5, 8.5], "rotation": 90, "texture": "#0"},
				"up": {"uv": [0, 6.5, 2.5, 8.5], "rotation": 180, "texture": "#0"},
				"down": {"uv": [0, 6.5, 2.5, 8.5], "texture": "#0"}
			}
		},
		{
			"from": [6.25, 2.60983, 8.22227],
			"to": [7.25, 4.10983, 9.22227],
			"rotation": {"angle": 22.5, "axis": "x", "origin": [6.75, 4.375, 8.25]},
			"faces": {
				"north": {"uv": [7, 6.5, 9.5, 8.5], "texture": "#0"},
				"east": {"uv": [7, 6.5, 9.5, 8.5], "texture": "#0"},
				"south": {"uv": [7, 6.5, 9.5, 8.5], "texture": "#0"},
				"west": {"uv": [7, 6.5, 9.5, 8.5], "texture": "#0"},
				"up": {"uv": [7, 6.5, 9.5, 8.5], "texture": "#0"},
				"down": {"uv": [7, 6.5, 9.5, 8.5], "texture": "#0"}
			}
		}
	],
	"display": {
		"gui": {
			"rotation": [30, 135, 0],
			"translation": [0, 2, 0]
		},
		"head": {
			"translation": [0, -8, -2],
			"scale": [4, 4, 4]
		}
	},
	"groups": [0, 1, 2, 3, 4, 5, 6, 7, 8, 9, 10, 11, 12, 13, 14, 15, 16, 17, 18, 19, 20, 21, 22, 23, 24, 25, 26, 27, 28, 29, 30, 31, 32, 33, 34, 35, 36, 37, 38, 39, 40, 41, 42, 43, 44, 45, 46, 47, 48, 49, 50, 51, 52, 53, 54,
		{
			"name": "left_wings",
			"origin": [8, 8, 8],
			"children": [
				{
					"name": "wing_1",
					"origin": [7, 6.25, 7.75],
					"children": [55, 56]
				},
				{
					"name": "wing_2",
					"origin": [3.81873, 9.43169, 7.75],
					"children": [57, 58]
				},
				{
					"name": "wing_4",
					"origin": [7, 6.25, 7.75],
					"children": [59, 60]
				},
				{
					"name": "wing_3",
					"origin": [7, 6.25, 7.75],
					"children": [61, 62]
				}
			]
		},
		{
			"name": "right_wings",
			"origin": [8, 8, 8],
			"children": [
				{
					"name": "wing_1",
					"origin": [7, 6.25, 7.75],
					"children": [63, 64]
				},
				{
					"name": "wing_2",
					"origin": [3.81873, 9.43169, 7.75],
					"children": [65, 66]
				},
				{
					"name": "wing_4",
					"origin": [7, 6.25, 7.75],
					"children": [67, 68]
				},
				{
					"name": "wing_3",
					"origin": [7, 6.25, 7.75],
					"children": [69, 70]
				}
			]
		},
		{
			"name": "talon_right",
			"origin": [9.25, 4.375, 8.25],
			"children": [71, 72, 73, 74, 75, 76, 77, 78]
		},
		{
			"name": "talon_left",
			"origin": [6.75, 4.375, 8.25],
			"children": [79, 80, 81, 82, 83, 84, 85, 86, 87]
		}
	]
}