{
    "textures": {
        "0": "blockmodels/afs/textures/area_lamp_blue",
        "particle": "blockmodels/afs/textures/area_lamp_blue"
    },
    "texture_size": [
        64,
        64
    ],
    "elements": [
        {
            "from": [
                4,
                0,
                4
            ],
            "to": [
                12,
                1,
                12
            ],
            "faces": {
                "east": {
                    "uv": [
                        0,
                        2,
                        2,
                        2.25
                    ],
                    "texture": "#0"
                },
                "south": {
                    "uv": [
                        6,
                        2,
                        8,
                        2.25
                    ],
                    "texture": "#0"
                },
                "north": {
                    "uv": [
                        2,
                        2,
                        4,
                        2.25
                    ],
                    "texture": "#0"
                },
                "west": {
                    "uv": [
                        4,
                        2,
                        6,
                        2.25
                    ],
                    "texture": "#0"
                },
                "up": {
                    "uv": [
                        4,
                        2,
                        2,
                        0
                    ],
                    "texture": "#0"
                },
                "down": {
                    "uv": [
                        6,
                        0,
                        4,
                        2
                    ],
                    "texture": "#0"
                }
            }
        },
        {
            "from": [
                5,
                1,
                5
            ],
            "to": [
                11,
                3.5,
                11
            ],
            "faces": {
                "east": {
                    "uv": [
                        0,
                        8.25,
                        1.5,
                        8.75
                    ],
                    "texture": "#0"
                },
                "south": {
                    "uv": [
                        4.5,
                        8.25,
                        6,
                        8.75
                    ],
                    "texture": "#0"
                },
                "north": {
                    "uv": [
                        1.5,
                        8.25,
                        3,
                        8.75
                    ],
                    "texture": "#0"
                },
                "west": {
                    "uv": [
                        3,
                        8.25,
                        4.5,
                        8.75
                    ],
                    "texture": "#0"
                },
                "up": {
                    "uv": [
                        3,
                        8.25,
                        1.5,
                        6.75
                    ],
                    "texture": "#0"
                },
                "down": {
                    "uv": [
                        4.5,
                        6.75,
                        3,
                        8.25
                    ],
                    "texture": "#0"
                }
            }
        },
        {
            "from": [
                6,
                7.5,
                6
            ],
            "to": [
                10,
                13.5,
                10
            ],
            "faces": {
                "east": {
                    "uv": [
                        6.25,
                        7.75,
                        7.25,
                        9.25
                    ],
                    "texture": "#0"
                },
                "south": {
                    "uv": [
                        9.25,
                        7.75,
                        10.25,
                        9.25
                    ],
                    "texture": "#0"
                },
                "north": {
                    "uv": [
                        7.25,
                        7.75,
                        8.25,
                        9.25
                    ],
                    "texture": "#0"
                },
                "west": {
                    "uv": [
                        8.25,
                        7.75,
                        9.25,
                        9.25
                    ],
                    "texture": "#0"
                },
                "up": {
                    "uv": [
                        8.25,
                        7.75,
                        7.25,
                        6.75
                    ],
                    "texture": "#0"
                },
                "down": {
                    "uv": [
                        9.25,
                        6.75,
                        8.25,
                        7.75
                    ],
                    "texture": "#0"
                }
            }
        },
        {
            "from": [
                7,
                3.5,
                7
            ],
            "to": [
                9,
                7.5,
                9
            ],
            "faces": {
                "east": {
                    "uv": [
                        4.25,
                        9.5,
                        4.75,
                        10.5
                    ],
                    "texture": "#0"
                },
                "south": {
                    "uv": [
                        5.75,
                        9.5,
                        6.25,
                        10.5
                    ],
                    "texture": "#0"
                },
                "north": {
                    "uv": [
                        4.75,
                        9.5,
                        5.25,
                        10.5
                    ],
                    "texture": "#0"
                },
                "west": {
                    "uv": [
                        5.25,
                        9.5,
                        5.75,
                        10.5
                    ],
                    "texture": "#0"
                },
                "up": {
                    "uv": [
                        5.25,
                        9.5,
                        4.75,
                        9
                    ],
                    "texture": "#0"
                },
                "down": {
                    "uv": [
                        5.75,
                        9,
                        5.25,
                        9.5
                    ],
                    "texture": "#0"
                }
            }
        },
        {
            "from": [
                4,
                7,
                4
            ],
            "to": [
                4,
                15,
                12
            ],
            "faces": {
                "east": {
                    "uv": [
                        4.25,
                        4.5,
                        6.25,
                        6.5
                    ],
                    "texture": "#0"
                },
                "south": {
                    "uv": [
                        8.25,
                        4.5,
                        8.25,
                        6.5
                    ],
                    "texture": "#0"
                },
                "north": {
                    "uv": [
                        6.25,
                        4.5,
                        6.25,
                        6.5
                    ],
                    "texture": "#0"
                },
                "west": {
                    "uv": [
                        6.25,
                        4.5,
                        8.25,
                        6.5
                    ],
                    "texture": "#0"
                },
                "up": {
                    "uv": [
                        6.25,
                        4.5,
                        6.25,
                        2.5
                    ],
                    "texture": "#0"
                },
                "down": {
                    "uv": [
                        6.25,
                        2.5,
                        6.25,
                        4.5
                    ],
                    "texture": "#0"
                }
            }
        },
        {
            "from": [
                4,
                7,
                4
            ],
            "to": [
                12,
                15,
                4
            ],
            "faces": {
                "east": {
                    "uv": [
                        8.75,
                        0,
                        8.75,
                        2
                    ],
                    "texture": "#0"
                },
                "south": {
                    "uv": [
                        10.75,
                        0,
                        12.75,
                        2
                    ],
                    "texture": "#0"
                },
                "north": {
                    "uv": [
                        8.75,
                        0,
                        10.75,
                        2
                    ],
                    "texture": "#0"
                },
                "west": {
                    "uv": [
                        10.75,
                        0,
                        10.75,
                        2
                    ],
                    "texture": "#0"
                },
                "up": {
                    "uv": [
                        10.75,
                        0,
                        8.75,
                        0
                    ],
                    "texture": "#0"
                },
                "down": {
                    "uv": [
                        12.75,
                        0,
                        10.75,
                        0
                    ],
                    "texture": "#0"
                }
            }
        },
        {
            "from": [
                4,
                8,
                8
            ],
            "to": [
                12,
                14,
                8
            ],
            "faces": {
                "east": {
                    "uv": [
                        0,
                        9,
                        0,
                        10.5
                    ],
                    "texture": "#0"
                },
                "south": {
                    "uv": [
                        2,
                        9,
                        4,
                        10.5
                    ],
                    "texture": "#0"
                },
                "north": {
                    "uv": [
                        0,
                        9,
                        2,
                        10.5
                    ],
                    "texture": "#0"
                },
                "west": {
                    "uv": [
                        2,
                        9,
                        2,
                        10.5
                    ],
                    "texture": "#0"
                },
                "up": {
                    "uv": [
                        2,
                        9,
                        0,
                        9
                    ],
                    "texture": "#0"
                },
                "down": {
                    "uv": [
                        4,
                        9,
                        2,
                        9
                    ],
                    "texture": "#0"
                }
            }
        },
        {
            "from": [
                12,
                7,
                4
            ],
            "to": [
                12,
                15,
                12
            ],
            "faces": {
                "east": {
                    "uv": [
                        0,
                        4.5,
                        2,
                        6.5
                    ],
                    "texture": "#0"
                },
                "south": {
                    "uv": [
                        4,
                        4.5,
                        4,
                        6.5
                    ],
                    "texture": "#0"
                },
                "north": {
                    "uv": [
                        2,
                        4.5,
                        2,
                        6.5
                    ],
                    "texture": "#0"
                },
                "west": {
                    "uv": [
                        2,
                        4.5,
                        4,
                        6.5
                    ],
                    "texture": "#0"
                },
                "up": {
                    "uv": [
                        2,
                        4.5,
                        2,
                        2.5
                    ],
                    "texture": "#0"
                },
                "down": {
                    "uv": [
                        2,
                        2.5,
                        2,
                        4.5
                    ],
                    "texture": "#0"
                }
            }
        },
        {
            "from": [
                8,
                8,
                4
            ],
            "to": [
                8,
                14,
                12
            ],
            "faces": {
                "east": {
                    "uv": [
                        6.5,
                        2.5,
                        8.5,
                        4
                    ],
                    "texture": "#0"
                },
                "south": {
                    "uv": [
                        10.5,
                        2.5,
                        10.5,
                        4
                    ],
                    "texture": "#0"
                },
                "north": {
                    "uv": [
                        8.5,
                        2.5,
                        8.5,
                        4
                    ],
                    "texture": "#0"
                },
                "west": {
                    "uv": [
                        8.5,
                        2.5,
                        10.5,
                        4
                    ],
                    "texture": "#0"
                },
                "up": {
                    "uv": [
                        8.5,
                        2.5,
                        8.5,
                        0.5
                    ],
                    "texture": "#0"
                },
                "down": {
                    "uv": [
                        8.5,
                        0.5,
                        8.5,
                        2.5
                    ],
                    "texture": "#0"
                }
            }
        },
        {
            "from": [
                4,
                7,
                12
            ],
            "to": [
                12,
                15,
                12
            ],
            "faces": {
                "east": {
                    "uv": [
                        8.5,
                        4.25,
                        8.5,
                        6.25
                    ],
                    "texture": "#0"
                },
                "south": {
                    "uv": [
                        10.5,
                        4.25,
                        12.5,
                        6.25
                    ],
                    "texture": "#0"
                },
                "north": {
                    "uv": [
                        8.5,
                        4.25,
                        10.5,
                        6.25
                    ],
                    "texture": "#0"
                },
                "west": {
                    "uv": [
                        10.5,
                        4.25,
                        10.5,
                        6.25
                    ],
                    "texture": "#0"
                },
                "up": {
                    "uv": [
                        10.5,
                        4.25,
                        8.5,
                        4.25
                    ],
                    "texture": "#0"
                },
                "down": {
                    "uv": [
                        12.5,
                        4.25,
                        10.5,
                        4.25
                    ],
                    "texture": "#0"
                }
            }
        }
    ],
    "display": {
        "head": {
            "translation": [
                0,
                -30.4,
                0
            ],
            "scale": [
                1.6,
                1.6,
                1.6
            ]
        },
        "firstperson_righthand": {
            "rotation": [
                0,
                -73,
                6
            ],
            "translation": [
                0,
                1.5,
                0
            ],
            "scale": [
                0.4,
                0.4,
                0.4
            ]
        },
        "thirdperson_lefthand": {
            "rotation": [
                60,
                -160,
                0
            ],
            "translation": [
                0,
                2,
                0
            ],
            "scale": [
                0.6,
                0.6,
                0.6
            ]
        },
        "firstperson_lefthand": {
            "rotation": [
                0,
                -73,
                6
            ],
            "translation": [
                0,
                1.5,
                0
            ],
            "scale": [
                0.4,
                0.4,
                0.4
            ]
        },
        "thirdperson_righthand": {
            "translation": [
                -8.2,
                -5,
                -2.7
            ],
            "scale": [
                1,
                1,
                1
            ],
            "rotation": [
                75,
                0,
                -10
            ]
        },
        "ground": {
            "translation": [
                0,
                1.5,
                0
            ],
            "scale": [
                0.35,
                0.35,
                0.35
            ]
        },
        "gui": {
            "rotation": [
                30,
                -40,
                0
            ],
            "translation": [
                0.25,
                0,
                0
            ],
            "scale": [
                0.7,
                0.7,
                0.7
            ]
        },
        "fixed": {
            "rotation": [
                90,
                0,
                -180
            ],
            "translation": [
                0,
                0,
                -15
            ],
            "scale": [
                2,
                2,
                2
            ]
        }
    },
    "credit": "Made by LZLeon with Blockbench, Contact - Discord: LZBlocks#0261 - E-Mail: lzblocks@outlook.com"
}