{
    "textures": {
        "0": "blockmodels/afs/textures/area_table_1x1_blue",
        "particle": "blockmodels/afs/textures/area_table_1x1_blue"
    },
    "texture_size": [
        128,
        128
    ],
    "elements": [
        {
            "from": [
                0,
                14,
                0
            ],
            "to": [
                16,
                15,
                16
            ],
            "faces": {
                "east": {
                    "uv": [
                        0,
                        2,
                        2,
                        2.125
                    ],
                    "texture": "#0"
                },
                "south": {
                    "uv": [
                        6,
                        2,
                        8,
                        2.125
                    ],
                    "texture": "#0"
                },
                "north": {
                    "uv": [
                        2,
                        2,
                        4,
                        2.125
                    ],
                    "texture": "#0"
                },
                "west": {
                    "uv": [
                        4,
                        2,
                        6,
                        2.125
                    ],
                    "texture": "#0"
                },
                "up": {
                    "uv": [
                        4,
                        2,
                        2,
                        0
                    ],
                    "texture": "#0"
                },
                "down": {
                    "uv": [
                        6,
                        0,
                        4,
                        2
                    ],
                    "texture": "#0"
                }
            }
        },
        {
            "from": [
                0.5,
                15,
                0.5
            ],
            "to": [
                15.5,
                16,
                15.5
            ],
            "faces": {
                "east": {
                    "uv": [
                        0,
                        4.125,
                        1.875,
                        4.25
                    ],
                    "texture": "#0"
                },
                "south": {
                    "uv": [
                        5.625,
                        4.125,
                        7.5,
                        4.25
                    ],
                    "texture": "#0"
                },
                "north": {
                    "uv": [
                        1.875,
                        4.125,
                        3.75,
                        4.25
                    ],
                    "texture": "#0"
                },
                "west": {
                    "uv": [
                        3.75,
                        4.125,
                        5.625,
                        4.25
                    ],
                    "texture": "#0"
                },
                "up": {
                    "uv": [
                        3.75,
                        4.125,
                        1.875,
                        2.25
                    ],
                    "texture": "#0"
                },
                "down": {
                    "uv": [
                        5.625,
                        2.25,
                        3.75,
                        4.125
                    ],
                    "texture": "#0"
                }
            }
        },
        {
            "from": [
                7,
                2,
                7
            ],
            "to": [
                9,
                13,
                9
            ],
            "faces": {
                "east": {
                    "uv": [
                        0,
                        0.25,
                        0.25,
                        1.625
                    ],
                    "texture": "#0"
                },
                "south": {
                    "uv": [
                        0.75,
                        0.25,
                        1,
                        1.625
                    ],
                    "texture": "#0"
                },
                "north": {
                    "uv": [
                        0.25,
                        0.25,
                        0.5,
                        1.625
                    ],
                    "texture": "#0"
                },
                "west": {
                    "uv": [
                        0.5,
                        0.25,
                        0.75,
                        1.625
                    ],
                    "texture": "#0"
                },
                "up": {
                    "uv": [
                        0.5,
                        0.25,
                        0.25,
                        0
                    ],
                    "texture": "#0"
                },
                "down": {
                    "uv": [
                        0.75,
                        0,
                        0.5,
                        0.25
                    ],
                    "texture": "#0"
                }
            }
        },
        {
            "from": [
                3,
                0,
                3
            ],
            "to": [
                13,
                1,
                13
            ],
            "faces": {
                "east": {
                    "uv": [
                        4.625,
                        5.625,
                        5.875,
                        5.75
                    ],
                    "texture": "#0"
                },
                "south": {
                    "uv": [
                        8.375,
                        5.625,
                        9.625,
                        5.75
                    ],
                    "texture": "#0"
                },
                "north": {
                    "uv": [
                        5.875,
                        5.625,
                        7.125,
                        5.75
                    ],
                    "texture": "#0"
                },
                "west": {
                    "uv": [
                        7.125,
                        5.625,
                        8.375,
                        5.75
                    ],
                    "texture": "#0"
                },
                "up": {
                    "uv": [
                        7.125,
                        5.625,
                        5.875,
                        4.375
                    ],
                    "texture": "#0"
                },
                "down": {
                    "uv": [
                        8.375,
                        4.375,
                        7.125,
                        5.625
                    ],
                    "texture": "#0"
                }
            }
        },
        {
            "from": [
                4,
                1,
                4
            ],
            "to": [
                12,
                2,
                12
            ],
            "faces": {
                "east": {
                    "uv": [
                        5.75,
                        3.25,
                        6.75,
                        3.375
                    ],
                    "texture": "#0"
                },
                "south": {
                    "uv": [
                        8.75,
                        3.25,
                        9.75,
                        3.375
                    ],
                    "texture": "#0"
                },
                "north": {
                    "uv": [
                        6.75,
                        3.25,
                        7.75,
                        3.375
                    ],
                    "texture": "#0"
                },
                "west": {
                    "uv": [
                        7.75,
                        3.25,
                        8.75,
                        3.375
                    ],
                    "texture": "#0"
                },
                "up": {
                    "uv": [
                        7.75,
                        3.25,
                        6.75,
                        2.25
                    ],
                    "texture": "#0"
                },
                "down": {
                    "uv": [
                        8.75,
                        2.25,
                        7.75,
                        3.25
                    ],
                    "texture": "#0"
                }
            }
        },
        {
            "from": [
                2,
                13,
                2
            ],
            "to": [
                14,
                14,
                14
            ],
            "faces": {
                "east": {
                    "uv": [
                        0,
                        5.875,
                        1.5,
                        6
                    ],
                    "texture": "#0"
                },
                "south": {
                    "uv": [
                        4.5,
                        5.875,
                        6,
                        6
                    ],
                    "texture": "#0"
                },
                "north": {
                    "uv": [
                        1.5,
                        5.875,
                        3,
                        6
                    ],
                    "texture": "#0"
                },
                "west": {
                    "uv": [
                        3,
                        5.875,
                        4.5,
                        6
                    ],
                    "texture": "#0"
                },
                "up": {
                    "uv": [
                        3,
                        5.875,
                        1.5,
                        4.375
                    ],
                    "texture": "#0"
                },
                "down": {
                    "uv": [
                        4.5,
                        4.375,
                        3,
                        5.875
                    ],
                    "texture": "#0"
                }
            }
        }
    ],
    "display": {
        "head": {
            "translation": [
                0,
                -30.4,
                0
            ],
            "scale": [
                1.6,
                1.6,
                1.6
            ]
        },
        "firstperson_righthand": {
            "rotation": [
                0,
                -73,
                6
            ],
            "translation": [
                0,
                -0.25,
                0
            ],
            "scale": [
                0.4,
                0.4,
                0.4
            ]
        },
        "thirdperson_lefthand": {
            "rotation": [
                60,
                -160,
                0
            ],
            "translation": [
                0,
                2.5,
                -4.75
            ],
            "scale": [
                0.6,
                0.6,
                0.6
            ]
        },
        "firstperson_lefthand": {
            "rotation": [
                0,
                -73,
                6
            ],
            "translation": [
                0,
                -0.25,
                0
            ],
            "scale": [
                0.4,
                0.4,
                0.4
            ]
        },
        "thirdperson_righthand": {
            "translation": [
                -8.2,
                -5,
                -2.7
            ],
            "scale": [
                1,
                1,
                1
            ],
            "rotation": [
                75,
                0,
                -10
            ]
        },
        "ground": {
            "translation": [
                0,
                1.5,
                0
            ],
            "scale": [
                0.35,
                0.35,
                0.35
            ]
        },
        "gui": {
            "rotation": [
                30,
                -40,
                0
            ],
            "translation": [
                0,
                -0.75,
                0
            ],
            "scale": [
                0.55,
                0.55,
                0.55
            ]
        },
        "fixed": {
            "rotation": [
                90,
                0,
                -180
            ],
            "translation": [
                0,
                0,
                -15
            ],
            "scale": [
                2,
                2,
                2
            ]
        }
    },
    "credit": "Made by LZLeon with Blockbench, Contact - Discord: LZBlocks#0261 - E-Mail: lzblocks@outlook.com"
}