{
    "textures": {
        "1": "blockmodels/bamboo/textures/bamboo_plant",
        "particle": "blockmodels/bamboo/textures/bamboo_plant"
    },
    "texture_size": [
        64,
        64
    ],
    "elements": [
        {
            "rotation": {
                "origin": [
                    8,
                    17.9,
                    2.5
                ],
                "angle": -22.5,
                "axis": "x"
            },
            "from": [
                4,
                8.2,
                2.5
            ],
            "to": [
                12,
                27.2,
                2.5
            ],
            "faces": {
                "east": {
                    "uv": [
                        0,
                        0,
                        0,
                        4.75
                    ],
                    "texture": "#1"
                },
                "south": {
                    "uv": [
                        2,
                        0,
                        4,
                        4.75
                    ],
                    "texture": "#1"
                },
                "north": {
                    "uv": [
                        0,
                        0,
                        2,
                        4.75
                    ],
                    "texture": "#1"
                },
                "west": {
                    "uv": [
                        0,
                        0,
                        0,
                        4.75
                    ],
                    "texture": "#1"
                },
                "up": {
                    "uv": [
                        2,
                        0,
                        0,
                        0
                    ],
                    "texture": "#1"
                },
                "down": {
                    "uv": [
                        2,
                        0,
                        0,
                        0
                    ],
                    "texture": "#1"
                }
            }
        },
        {
            "rotation": {
                "origin": [
                    8,
                    17.9,
                    13.5
                ],
                "angle": 22.5,
                "axis": "x"
            },
            "from": [
                4,
                8.2,
                13.5
            ],
            "to": [
                12,
                27.2,
                13.5
            ],
            "faces": {
                "east": {
                    "uv": [
                        0,
                        0,
                        0,
                        4.75
                    ],
                    "texture": "#1"
                },
                "south": {
                    "uv": [
                        0,
                        4.75,
                        2,
                        9.5
                    ],
                    "texture": "#1"
                },
                "north": {
                    "uv": [
                        4,
                        0,
                        6,
                        4.75
                    ],
                    "texture": "#1"
                },
                "west": {
                    "uv": [
                        0,
                        0,
                        0,
                        4.75
                    ],
                    "texture": "#1"
                },
                "up": {
                    "uv": [
                        2,
                        0,
                        0,
                        0
                    ],
                    "texture": "#1"
                },
                "down": {
                    "uv": [
                        2,
                        0,
                        0,
                        0
                    ],
                    "texture": "#1"
                }
            }
        },
        {
            "rotation": {
                "origin": [
                    13.5,
                    17.9,
                    8
                ],
                "angle": -22.5,
                "axis": "z"
            },
            "from": [
                13.5,
                8.2,
                4
            ],
            "to": [
                13.5,
                27.2,
                12
            ],
            "faces": {
                "east": {
                    "uv": [
                        2,
                        4.75,
                        4,
                        9.5
                    ],
                    "texture": "#1"
                },
                "south": {
                    "uv": [
                        0,
                        0,
                        0,
                        4.75
                    ],
                    "texture": "#1"
                },
                "north": {
                    "uv": [
                        0,
                        0,
                        0,
                        4.75
                    ],
                    "texture": "#1"
                },
                "west": {
                    "uv": [
                        4,
                        4.75,
                        6,
                        9.5
                    ],
                    "texture": "#1"
                },
                "up": {
                    "uv": [
                        0,
                        2,
                        0,
                        0
                    ],
                    "texture": "#1"
                },
                "down": {
                    "uv": [
                        0,
                        0,
                        0,
                        2
                    ],
                    "texture": "#1"
                }
            }
        },
        {
            "rotation": {
                "origin": [
                    2.5,
                    17.9,
                    8
                ],
                "angle": 22.5,
                "axis": "z"
            },
            "from": [
                2.5,
                8.2,
                4
            ],
            "to": [
                2.5,
                27.2,
                12
            ],
            "faces": {
                "east": {
                    "uv": [
                        6,
                        0,
                        8,
                        4.75
                    ],
                    "texture": "#1"
                },
                "south": {
                    "uv": [
                        0,
                        0,
                        0,
                        4.75
                    ],
                    "texture": "#1"
                },
                "north": {
                    "uv": [
                        0,
                        0,
                        0,
                        4.75
                    ],
                    "texture": "#1"
                },
                "west": {
                    "uv": [
                        6,
                        4.75,
                        8,
                        9.5
                    ],
                    "texture": "#1"
                },
                "up": {
                    "uv": [
                        0,
                        2,
                        0,
                        0
                    ],
                    "texture": "#1"
                },
                "down": {
                    "uv": [
                        0,
                        0,
                        0,
                        2
                    ],
                    "texture": "#1"
                }
            }
        },
        {
            "rotation": {
                "origin": [
                    8,
                    17.9,
                    8
                ],
                "angle": 0,
                "axis": "y"
            },
            "from": [
                8,
                8.4,
                4
            ],
            "to": [
                8,
                27.4,
                12
            ],
            "faces": {
                "east": {
                    "uv": [
                        8,
                        0,
                        10,
                        4.75
                    ],
                    "texture": "#1"
                },
                "south": {
                    "uv": [
                        0,
                        0,
                        0,
                        4.75
                    ],
                    "texture": "#1"
                },
                "north": {
                    "uv": [
                        0,
                        0,
                        0,
                        4.75
                    ],
                    "texture": "#1"
                },
                "west": {
                    "uv": [
                        8,
                        4.75,
                        10,
                        9.5
                    ],
                    "texture": "#1"
                },
                "up": {
                    "uv": [
                        0,
                        2,
                        0,
                        0
                    ],
                    "texture": "#1"
                },
                "down": {
                    "uv": [
                        0,
                        0,
                        0,
                        2
                    ],
                    "texture": "#1"
                }
            }
        },
        {
            "rotation": {
                "origin": [
                    8,
                    17.9,
                    8
                ],
                "angle": 0,
                "axis": "y"
            },
            "from": [
                4,
                8.4,
                8
            ],
            "to": [
                12,
                27.4,
                8
            ],
            "faces": {
                "east": {
                    "uv": [
                        0,
                        0,
                        0,
                        4.75
                    ],
                    "texture": "#1"
                },
                "south": {
                    "uv": [
                        2,
                        9.5,
                        4,
                        14.25
                    ],
                    "texture": "#1"
                },
                "north": {
                    "uv": [
                        0,
                        9.5,
                        2,
                        14.25
                    ],
                    "texture": "#1"
                },
                "west": {
                    "uv": [
                        0,
                        0,
                        0,
                        4.75
                    ],
                    "texture": "#1"
                },
                "up": {
                    "uv": [
                        2,
                        0,
                        0,
                        0
                    ],
                    "texture": "#1"
                },
                "down": {
                    "uv": [
                        2,
                        0,
                        0,
                        0
                    ],
                    "texture": "#1"
                }
            }
        },
        {
            "rotation": {
                "origin": [
                    4.5,
                    0,
                    0.5
                ],
                "angle": 0,
                "axis": "y"
            },
            "from": [
                3.5,
                0,
                3.5
            ],
            "to": [
                12.5,
                9,
                12.5
            ],
            "faces": {
                "east": {
                    "uv": [
                        6.25,
                        9.5,
                        8.5,
                        11.75
                    ],
                    "texture": "#1"
                },
                "south": {
                    "uv": [
                        8.5,
                        9.5,
                        10.75,
                        11.75
                    ],
                    "texture": "#1"
                },
                "north": {
                    "uv": [
                        4,
                        9.5,
                        6.25,
                        11.75
                    ],
                    "texture": "#1"
                },
                "west": {
                    "uv": [
                        10,
                        0,
                        12.25,
                        2.25
                    ],
                    "texture": "#1"
                },
                "up": {
                    "uv": [
                        12.25,
                        4.5,
                        10,
                        2.25
                    ],
                    "texture": "#1"
                },
                "down": {
                    "uv": [
                        12.25,
                        4.5,
                        10,
                        6.75
                    ],
                    "texture": "#1"
                }
            }
        }
    ],
    "display": {
        "firstperson_righthand": {
            "rotation": [
                0,
                125,
                0
            ],
            "scale": [
                0.4,
                0.4,
                0.4
            ]
        },
        "thirdperson_lefthand": {
            "rotation": [
                75,
                125,
                0
            ],
            "translation": [
                0,
                2.5,
                0
            ],
            "scale": [
                0.375,
                0.375,
                0.375
            ]
        },
        "firstperson_lefthand": {
            "rotation": [
                0,
                125,
                0
            ],
            "scale": [
                0.4,
                0.4,
                0.4
            ]
        },
        "thirdperson_righthand": {
            "translation": [
                -8.2,
                -5,
                -2.7
            ],
            "scale": [
                1,
                1,
                1
            ],
            "rotation": [
                75,
                0,
                -10
            ]
        },
        "ground": {
            "translation": [
                0,
                3,
                0
            ],
            "scale": [
                0.25,
                0.25,
                0.25
            ]
        },
        "gui": {
            "rotation": [
                30,
                225,
                0
            ],
            "translation": [
                0,
                -2.75,
                0
            ],
            "scale": [
                0.45,
                0.45,
                0.45
            ]
        },
        "fixed": {
            "rotation": [
                -90,
                0,
                0
            ],
            "translation": [
                0,
                0,
                -15.5
            ],
            "scale": [
                2,
                2,
                2
            ]
        }
    },
    "groups": [{
        "nbt": "{}",
        "color": 0,
        "children": [
            0,
            1,
            2,
            3,
            4,
            5,
            6
        ],
        "origin": [
            8,
            8,
            8
        ],
        "name": "group",
        "armAnimationEnabled": false
    }],
    "credit": "Made with Blockbench"
}