{
    "textures": {"3": "blockmodels/bamboo/textures/bamboo_mirror"},
    "texture_size": [
        64,
        64
    ],
    "elements": [
        {
            "rotation": {
                "origin": [
                    0,
                    0,
                    7
                ],
                "angle": 0,
                "axis": "y"
            },
            "from": [
                -1,
                1,
                7
            ],
            "to": [
                1,
                29,
                9
            ],
            "faces": {
                "east": {
                    "uv": [
                        7,
                        0,
                        7.5,
                        7
                    ],
                    "texture": "#3"
                },
                "south": {
                    "uv": [
                        0.5,
                        7,
                        1,
                        14
                    ],
                    "texture": "#3"
                },
                "north": {
                    "uv": [
                        0,
                        7,
                        0.5,
                        14
                    ],
                    "texture": "#3"
                },
                "west": {
                    "uv": [
                        1,
                        7,
                        1.5,
                        14
                    ],
                    "texture": "#3"
                },
                "up": {
                    "uv": [
                        4,
                        8,
                        3.5,
                        7.5
                    ],
                    "texture": "#3"
                },
                "down": {
                    "uv": [
                        8,
                        3.5,
                        7.5,
                        4
                    ],
                    "texture": "#3"
                }
            }
        },
        {
            "rotation": {
                "origin": [
                    0,
                    0,
                    7
                ],
                "angle": 0,
                "axis": "y"
            },
            "from": [
                1,
                1,
                7.6
            ],
            "to": [
                15,
                29,
                7.6
            ],
            "faces": {
                "east": {
                    "uv": [
                        0,
                        0,
                        0,
                        7
                    ],
                    "texture": "#3"
                },
                "south": {
                    "uv": [
                        3.5,
                        0,
                        7,
                        7
                    ],
                    "texture": "#3"
                },
                "north": {
                    "uv": [
                        0,
                        0,
                        3.5,
                        7
                    ],
                    "texture": "#3"
                },
                "west": {
                    "uv": [
                        0,
                        0,
                        0,
                        7
                    ],
                    "texture": "#3"
                },
                "up": {
                    "uv": [
                        3.5,
                        0,
                        0,
                        0
                    ],
                    "texture": "#3"
                },
                "down": {
                    "uv": [
                        3.5,
                        0,
                        0,
                        0
                    ],
                    "texture": "#3"
                }
            }
        },
        {
            "rotation": {
                "origin": [
                    0,
                    0,
                    7
                ],
                "angle": 0,
                "axis": "y"
            },
            "from": [
                15,
                1,
                7
            ],
            "to": [
                17,
                29,
                9
            ],
            "faces": {
                "east": {
                    "uv": [
                        2,
                        7,
                        2.5,
                        14
                    ],
                    "texture": "#3"
                },
                "south": {
                    "uv": [
                        2.5,
                        7,
                        3,
                        14
                    ],
                    "texture": "#3"
                },
                "north": {
                    "uv": [
                        1.5,
                        7,
                        2,
                        14
                    ],
                    "texture": "#3"
                },
                "west": {
                    "uv": [
                        3,
                        7,
                        3.5,
                        14
                    ],
                    "texture": "#3"
                },
                "up": {
                    "uv": [
                        4.5,
                        8,
                        4,
                        7.5
                    ],
                    "texture": "#3"
                },
                "down": {
                    "uv": [
                        8,
                        4,
                        7.5,
                        4.5
                    ],
                    "texture": "#3"
                }
            }
        },
        {
            "rotation": {
                "origin": [
                    0,
                    0,
                    7
                ],
                "angle": 0,
                "axis": "y"
            },
            "from": [
                15,
                -2,
                7
            ],
            "to": [
                17,
                -1,
                9
            ],
            "faces": {
                "east": {
                    "uv": [
                        8,
                        3.5,
                        8.5,
                        3.75
                    ],
                    "texture": "#3"
                },
                "south": {
                    "uv": [
                        8,
                        3.75,
                        8.5,
                        4
                    ],
                    "texture": "#3"
                },
                "north": {
                    "uv": [
                        3.5,
                        8,
                        4,
                        8.25
                    ],
                    "texture": "#3"
                },
                "west": {
                    "uv": [
                        4,
                        8,
                        4.5,
                        8.25
                    ],
                    "texture": "#3"
                },
                "up": {
                    "uv": [
                        5,
                        8,
                        4.5,
                        7.5
                    ],
                    "texture": "#3"
                },
                "down": {
                    "uv": [
                        8,
                        4.5,
                        7.5,
                        5
                    ],
                    "texture": "#3"
                }
            }
        },
        {
            "rotation": {
                "origin": [
                    0,
                    0,
                    7
                ],
                "angle": 0,
                "axis": "y"
            },
            "from": [
                -1,
                -2,
                7
            ],
            "to": [
                1,
                -1,
                9
            ],
            "faces": {
                "east": {
                    "uv": [
                        8,
                        4.25,
                        8.5,
                        4.5
                    ],
                    "texture": "#3"
                },
                "south": {
                    "uv": [
                        4.5,
                        8,
                        5,
                        8.25
                    ],
                    "texture": "#3"
                },
                "north": {
                    "uv": [
                        8,
                        4,
                        8.5,
                        4.25
                    ],
                    "texture": "#3"
                },
                "west": {
                    "uv": [
                        8,
                        4.5,
                        8.5,
                        4.75
                    ],
                    "texture": "#3"
                },
                "up": {
                    "uv": [
                        5.5,
                        8,
                        5,
                        7.5
                    ],
                    "texture": "#3"
                },
                "down": {
                    "uv": [
                        8,
                        5,
                        7.5,
                        5.5
                    ],
                    "texture": "#3"
                }
            }
        },
        {
            "rotation": {
                "origin": [
                    0,
                    0,
                    7
                ],
                "angle": 0,
                "axis": "y"
            },
            "from": [
                15,
                31,
                7
            ],
            "to": [
                17,
                32,
                9
            ],
            "faces": {
                "east": {
                    "uv": [
                        5,
                        8,
                        5.5,
                        8.25
                    ],
                    "texture": "#3"
                },
                "south": {
                    "uv": [
                        8,
                        5,
                        8.5,
                        5.25
                    ],
                    "texture": "#3"
                },
                "north": {
                    "uv": [
                        8,
                        4.75,
                        8.5,
                        5
                    ],
                    "texture": "#3"
                },
                "west": {
                    "uv": [
                        8,
                        5.25,
                        8.5,
                        5.5
                    ],
                    "texture": "#3"
                },
                "up": {
                    "uv": [
                        6,
                        8,
                        5.5,
                        7.5
                    ],
                    "texture": "#3"
                },
                "down": {
                    "uv": [
                        8,
                        5.5,
                        7.5,
                        6
                    ],
                    "texture": "#3"
                }
            }
        },
        {
            "rotation": {
                "origin": [
                    0,
                    0,
                    7
                ],
                "angle": 0,
                "axis": "y"
            },
            "from": [
                -1,
                31,
                7
            ],
            "to": [
                1,
                32,
                9
            ],
            "faces": {
                "east": {
                    "uv": [
                        8,
                        5.5,
                        8.5,
                        5.75
                    ],
                    "texture": "#3"
                },
                "south": {
                    "uv": [
                        8,
                        5.75,
                        8.5,
                        6
                    ],
                    "texture": "#3"
                },
                "north": {
                    "uv": [
                        5.5,
                        8,
                        6,
                        8.25
                    ],
                    "texture": "#3"
                },
                "west": {
                    "uv": [
                        6,
                        8,
                        6.5,
                        8.25
                    ],
                    "texture": "#3"
                },
                "up": {
                    "uv": [
                        6.5,
                        8,
                        6,
                        7.5
                    ],
                    "texture": "#3"
                },
                "down": {
                    "uv": [
                        8,
                        6,
                        7.5,
                        6.5
                    ],
                    "texture": "#3"
                }
            }
        },
        {
            "rotation": {
                "origin": [
                    0,
                    0,
                    7
                ],
                "angle": 0,
                "axis": "y"
            },
            "from": [
                -2,
                -1,
                7
            ],
            "to": [
                18,
                1,
                9
            ],
            "faces": {
                "east": {
                    "uv": [
                        6.5,
                        7.5,
                        7,
                        8
                    ],
                    "texture": "#3"
                },
                "south": {
                    "uv": [
                        7.5,
                        0,
                        12.5,
                        0.5
                    ],
                    "texture": "#3"
                },
                "north": {
                    "uv": [
                        3.5,
                        7,
                        8.5,
                        7.5
                    ],
                    "texture": "#3"
                },
                "west": {
                    "uv": [
                        7.5,
                        6.5,
                        8,
                        7
                    ],
                    "texture": "#3"
                },
                "up": {
                    "uv": [
                        12.5,
                        1,
                        7.5,
                        0.5
                    ],
                    "texture": "#3"
                },
                "down": {
                    "uv": [
                        12.5,
                        1,
                        7.5,
                        1.5
                    ],
                    "texture": "#3"
                }
            }
        },
        {
            "rotation": {
                "origin": [
                    0,
                    0,
                    7
                ],
                "angle": 0,
                "axis": "y"
            },
            "from": [
                -2,
                29,
                7
            ],
            "to": [
                18,
                31,
                9
            ],
            "faces": {
                "east": {
                    "uv": [
                        7,
                        7.5,
                        7.5,
                        8
                    ],
                    "texture": "#3"
                },
                "south": {
                    "uv": [
                        7.5,
                        2,
                        12.5,
                        2.5
                    ],
                    "texture": "#3"
                },
                "north": {
                    "uv": [
                        7.5,
                        1.5,
                        12.5,
                        2
                    ],
                    "texture": "#3"
                },
                "west": {
                    "uv": [
                        7.5,
                        7.5,
                        8,
                        8
                    ],
                    "texture": "#3"
                },
                "up": {
                    "uv": [
                        12.5,
                        3,
                        7.5,
                        2.5
                    ],
                    "texture": "#3"
                },
                "down": {
                    "uv": [
                        12.5,
                        3,
                        7.5,
                        3.5
                    ],
                    "texture": "#3"
                }
            }
        }
    ],
    "display": {
        "firstperson_righthand": {
            "rotation": [
                0,
                125,
                0
            ],
            "scale": [
                0.4,
                0.4,
                0.4
            ]
        },
        "thirdperson_lefthand": {
            "rotation": [
                75,
                125,
                0
            ],
            "translation": [
                0,
                2.5,
                0
            ],
            "scale": [
                0.375,
                0.375,
                0.375
            ]
        },
        "firstperson_lefthand": {
            "rotation": [
                0,
                125,
                0
            ],
            "scale": [
                0.4,
                0.4,
                0.4
            ]
        },
        "thirdperson_righthand": {
            "translation": [
                -8.2,
                -5,
                -2.7
            ],
            "scale": [
                1,
                1,
                1
            ],
            "rotation": [
                75,
                0,
                -10
            ]
        },
        "ground": {
            "translation": [
                0,
                3,
                0
            ],
            "scale": [
                0.25,
                0.25,
                0.25
            ]
        },
        "gui": {
            "rotation": [
                30,
                225,
                0
            ],
            "translation": [
                0,
                -2.5,
                0
            ],
            "scale": [
                0.4,
                0.4,
                0.4
            ]
        },
        "fixed": {
            "translation": [
                0,
                2,
                -1.5
            ],
            "scale": [
                2,
                2,
                2
            ]
        }
    },
    "groups": [{
        "nbt": "{}",
        "color": 0,
        "children": [
            0,
            1,
            2,
            3,
            4,
            5,
            6,
            7,
            8
        ],
        "origin": [
            8,
            8,
            15
        ],
        "name": "group",
        "armAnimationEnabled": false
    }],
    "credit": "Made with Blockbench"
}