{
    "textures": {
        "0": "blockmodels/bedroom/textures/bedroom_clothing_cabinet_closed",
        "particle": "blockmodels/bedroom/textures/bedroom_clothing_cabinet_closed"
    },
    "texture_size": [
        128,
        128
    ],
    "elements": [
        {
            "from": [
                -15,
                0,
                13
            ],
            "to": [
                -13,
                2,
                15
            ],
            "faces": {
                "east": {
                    "uv": [
                        0,
                        6.375,
                        0.25,
                        6.625
                    ],
                    "texture": "#0"
                },
                "south": {
                    "uv": [
                        0.75,
                        6.375,
                        1,
                        6.625
                    ],
                    "texture": "#0"
                },
                "north": {
                    "uv": [
                        0.25,
                        6.375,
                        0.5,
                        6.625
                    ],
                    "texture": "#0"
                },
                "west": {
                    "uv": [
                        0.5,
                        6.375,
                        0.75,
                        6.625
                    ],
                    "texture": "#0"
                },
                "up": {
                    "uv": [
                        0.5,
                        6.375,
                        0.25,
                        6.125
                    ],
                    "texture": "#0"
                },
                "down": {
                    "uv": [
                        0.75,
                        6.125,
                        0.5,
                        6.375
                    ],
                    "texture": "#0"
                }
            }
        },
        {
            "from": [
                13,
                0,
                13
            ],
            "to": [
                15,
                2,
                15
            ],
            "faces": {
                "east": {
                    "uv": [
                        0,
                        5.75,
                        0.25,
                        6
                    ],
                    "texture": "#0"
                },
                "south": {
                    "uv": [
                        0.75,
                        5.75,
                        1,
                        6
                    ],
                    "texture": "#0"
                },
                "north": {
                    "uv": [
                        0.25,
                        5.75,
                        0.5,
                        6
                    ],
                    "texture": "#0"
                },
                "west": {
                    "uv": [
                        0.5,
                        5.75,
                        0.75,
                        6
                    ],
                    "texture": "#0"
                },
                "up": {
                    "uv": [
                        0.5,
                        5.75,
                        0.25,
                        5.5
                    ],
                    "texture": "#0"
                },
                "down": {
                    "uv": [
                        0.75,
                        5.5,
                        0.5,
                        5.75
                    ],
                    "texture": "#0"
                }
            }
        },
        {
            "from": [
                -15,
                2,
                1
            ],
            "to": [
                15,
                31,
                15
            ],
            "faces": {
                "east": {
                    "uv": [
                        0,
                        1.75,
                        1.75,
                        5.375
                    ],
                    "texture": "#0"
                },
                "south": {
                    "uv": [
                        7.25,
                        1.75,
                        11,
                        5.375
                    ],
                    "texture": "#0"
                },
                "north": {
                    "uv": [
                        1.75,
                        1.75,
                        5.5,
                        5.375
                    ],
                    "texture": "#0"
                },
                "west": {
                    "uv": [
                        5.5,
                        1.75,
                        7.25,
                        5.375
                    ],
                    "texture": "#0"
                },
                "up": {
                    "uv": [
                        5.5,
                        1.75,
                        1.75,
                        0
                    ],
                    "texture": "#0"
                },
                "down": {
                    "uv": [
                        9.25,
                        0,
                        5.5,
                        1.75
                    ],
                    "texture": "#0"
                }
            }
        },
        {
            "from": [
                -15.5,
                31,
                0.5
            ],
            "to": [
                15.5,
                32,
                15.5
            ],
            "faces": {
                "east": {
                    "uv": [
                        0,
                        7.375,
                        1.875,
                        7.5
                    ],
                    "texture": "#0"
                },
                "south": {
                    "uv": [
                        7.625,
                        7.375,
                        11.5,
                        7.5
                    ],
                    "texture": "#0"
                },
                "north": {
                    "uv": [
                        1.875,
                        7.375,
                        5.75,
                        7.5
                    ],
                    "texture": "#0"
                },
                "west": {
                    "uv": [
                        5.75,
                        7.375,
                        7.625,
                        7.5
                    ],
                    "texture": "#0"
                },
                "up": {
                    "uv": [
                        5.75,
                        7.375,
                        1.875,
                        5.5
                    ],
                    "texture": "#0"
                },
                "down": {
                    "uv": [
                        9.625,
                        5.5,
                        5.75,
                        7.375
                    ],
                    "texture": "#0"
                }
            }
        },
        {
            "from": [
                13,
                0,
                1
            ],
            "to": [
                15,
                2,
                3
            ],
            "faces": {
                "east": {
                    "uv": [
                        0,
                        0.875,
                        0.25,
                        1.125
                    ],
                    "texture": "#0"
                },
                "south": {
                    "uv": [
                        0.75,
                        0.875,
                        1,
                        1.125
                    ],
                    "texture": "#0"
                },
                "north": {
                    "uv": [
                        0.25,
                        0.875,
                        0.5,
                        1.125
                    ],
                    "texture": "#0"
                },
                "west": {
                    "uv": [
                        0.5,
                        0.875,
                        0.75,
                        1.125
                    ],
                    "texture": "#0"
                },
                "up": {
                    "uv": [
                        0.5,
                        0.875,
                        0.25,
                        0.625
                    ],
                    "texture": "#0"
                },
                "down": {
                    "uv": [
                        0.75,
                        0.625,
                        0.5,
                        0.875
                    ],
                    "texture": "#0"
                }
            }
        },
        {
            "from": [
                -15,
                0,
                1
            ],
            "to": [
                -13,
                2,
                3
            ],
            "faces": {
                "east": {
                    "uv": [
                        0,
                        0.25,
                        0.25,
                        0.5
                    ],
                    "texture": "#0"
                },
                "south": {
                    "uv": [
                        0.75,
                        0.25,
                        1,
                        0.5
                    ],
                    "texture": "#0"
                },
                "north": {
                    "uv": [
                        0.25,
                        0.25,
                        0.5,
                        0.5
                    ],
                    "texture": "#0"
                },
                "west": {
                    "uv": [
                        0.5,
                        0.25,
                        0.75,
                        0.5
                    ],
                    "texture": "#0"
                },
                "up": {
                    "uv": [
                        0.5,
                        0.25,
                        0.25,
                        0
                    ],
                    "texture": "#0"
                },
                "down": {
                    "uv": [
                        0.75,
                        0,
                        0.5,
                        0.25
                    ],
                    "texture": "#0"
                }
            }
        },
        {
            "from": [
                -3,
                14,
                0.9
            ],
            "to": [
                -2,
                18,
                0.9
            ],
            "faces": {
                "east": {
                    "uv": [
                        1.125,
                        0,
                        1.125,
                        0.5
                    ],
                    "texture": "#0"
                },
                "south": {
                    "uv": [
                        1.25,
                        0,
                        1.375,
                        0.5
                    ],
                    "texture": "#0"
                },
                "north": {
                    "uv": [
                        1.125,
                        0,
                        1.25,
                        0.5
                    ],
                    "texture": "#0"
                },
                "west": {
                    "uv": [
                        1.25,
                        0,
                        1.25,
                        0.5
                    ],
                    "texture": "#0"
                },
                "up": {
                    "uv": [
                        1.25,
                        0,
                        1.125,
                        0
                    ],
                    "texture": "#0"
                },
                "down": {
                    "uv": [
                        1.375,
                        0,
                        1.25,
                        0
                    ],
                    "texture": "#0"
                }
            }
        },
        {
            "from": [
                2,
                14,
                0.9
            ],
            "to": [
                3,
                18,
                0.9
            ],
            "faces": {
                "east": {
                    "uv": [
                        1.125,
                        0.625,
                        1.125,
                        1.125
                    ],
                    "texture": "#0"
                },
                "south": {
                    "uv": [
                        1.25,
                        0.625,
                        1.375,
                        1.125
                    ],
                    "texture": "#0"
                },
                "north": {
                    "uv": [
                        1.125,
                        0.625,
                        1.25,
                        1.125
                    ],
                    "texture": "#0"
                },
                "west": {
                    "uv": [
                        1.25,
                        0.625,
                        1.25,
                        1.125
                    ],
                    "texture": "#0"
                },
                "up": {
                    "uv": [
                        1.25,
                        0.625,
                        1.125,
                        0.625
                    ],
                    "texture": "#0"
                },
                "down": {
                    "uv": [
                        1.375,
                        0.625,
                        1.25,
                        0.625
                    ],
                    "texture": "#0"
                }
            }
        }
    ],
    "display": {
        "head": {
            "rotation": [
                0,
                -180,
                0
            ],
            "translation": [
                0,
                -30.4,
                0
            ],
            "scale": [
                1.6,
                1.6,
                1.6
            ]
        },
        "firstperson_righthand": {
            "rotation": [
                0,
                -73,
                6
            ],
            "translation": [
                0,
                -0.75,
                0
            ],
            "scale": [
                -0.4,
                0.4,
                -0.4
            ]
        },
        "thirdperson_lefthand": {
            "rotation": [
                60,
                -160,
                0
            ],
            "translation": [
                -2.75,
                -1.25,
                -5.25
            ],
            "scale": [
                -0.6,
                0.6,
                -0.6
            ]
        },
        "firstperson_lefthand": {
            "rotation": [
                0,
                -73,
                6
            ],
            "translation": [
                0,
                -0.25,
                6
            ],
            "scale": [
                -0.4,
                0.4,
                -0.4
            ]
        },
        "thirdperson_righthand": {
            "translation": [
                -8.2,
                -5,
                -2.7
            ],
            "scale": [
                1,
                1,
                1
            ],
            "rotation": [
                75,
                0,
                -10
            ]
        },
        "ground": {
            "translation": [
                2.75,
                1.5,
                0
            ],
            "scale": [
                0.35,
                0.35,
                0.35
            ]
        },
        "gui": {
            "rotation": [
                30,
                -40,
                0
            ],
            "translation": [
                -2.5,
                -2,
                0
            ],
            "scale": [
                -0.4,
                0.4,
                -0.4
            ]
        },
        "fixed": {
            "rotation": [
                90,
                -180,
                -180
            ],
            "translation": [
                0,
                0,
                -15
            ],
            "scale": [
                2,
                2,
                2
            ]
        }
    },
    "credit": "Made by LZLeon with Blockbench, Contact - Discord: LZBlocks#0261 - E-Mail: lzblocks@outlook.com"
}