{
    "textures": {
        "0": "blockmodels/bedroom/textures/bedroom_nightstand",
        "particle": "blockmodels/bedroom/textures/bedroom_nightstand"
    },
    "texture_size": [
        64,
        64
    ],
    "elements": [
        {
            "from": [
                1,
                0,
                13
            ],
            "to": [
                3,
                2,
                15
            ],
            "faces": {
                "east": {
                    "uv": [
                        10.75,
                        10.25,
                        11.25,
                        10.75
                    ],
                    "texture": "#0"
                },
                "south": {
                    "uv": [
                        12.25,
                        10.25,
                        12.75,
                        10.75
                    ],
                    "texture": "#0"
                },
                "north": {
                    "uv": [
                        11.25,
                        10.25,
                        11.75,
                        10.75
                    ],
                    "texture": "#0"
                },
                "west": {
                    "uv": [
                        11.75,
                        10.25,
                        12.25,
                        10.75
                    ],
                    "texture": "#0"
                },
                "up": {
                    "uv": [
                        11.75,
                        10.25,
                        11.25,
                        9.75
                    ],
                    "texture": "#0"
                },
                "down": {
                    "uv": [
                        12.25,
                        9.75,
                        11.75,
                        10.25
                    ],
                    "texture": "#0"
                }
            }
        },
        {
            "from": [
                13,
                0,
                13
            ],
            "to": [
                15,
                2,
                15
            ],
            "faces": {
                "east": {
                    "uv": [
                        10.75,
                        2.5,
                        11.25,
                        3
                    ],
                    "texture": "#0"
                },
                "south": {
                    "uv": [
                        12.25,
                        2.5,
                        12.75,
                        3
                    ],
                    "texture": "#0"
                },
                "north": {
                    "uv": [
                        11.25,
                        2.5,
                        11.75,
                        3
                    ],
                    "texture": "#0"
                },
                "west": {
                    "uv": [
                        11.75,
                        2.5,
                        12.25,
                        3
                    ],
                    "texture": "#0"
                },
                "up": {
                    "uv": [
                        11.75,
                        2.5,
                        11.25,
                        2
                    ],
                    "texture": "#0"
                },
                "down": {
                    "uv": [
                        12.25,
                        2,
                        11.75,
                        2.5
                    ],
                    "texture": "#0"
                }
            }
        },
        {
            "from": [
                13,
                4,
                13
            ],
            "to": [
                15,
                9,
                15
            ],
            "faces": {
                "east": {
                    "uv": [
                        10.75,
                        0.5,
                        11.25,
                        1.75
                    ],
                    "texture": "#0"
                },
                "south": {
                    "uv": [
                        12.25,
                        0.5,
                        12.75,
                        1.75
                    ],
                    "texture": "#0"
                },
                "north": {
                    "uv": [
                        11.25,
                        0.5,
                        11.75,
                        1.75
                    ],
                    "texture": "#0"
                },
                "west": {
                    "uv": [
                        11.75,
                        0.5,
                        12.25,
                        1.75
                    ],
                    "texture": "#0"
                },
                "up": {
                    "uv": [
                        11.75,
                        0.5,
                        11.25,
                        0
                    ],
                    "texture": "#0"
                },
                "down": {
                    "uv": [
                        12.25,
                        0,
                        11.75,
                        0.5
                    ],
                    "texture": "#0"
                }
            }
        },
        {
            "from": [
                1,
                4,
                13
            ],
            "to": [
                3,
                9,
                15
            ],
            "faces": {
                "east": {
                    "uv": [
                        0,
                        10.25,
                        0.5,
                        11.5
                    ],
                    "texture": "#0"
                },
                "south": {
                    "uv": [
                        1.5,
                        10.25,
                        2,
                        11.5
                    ],
                    "texture": "#0"
                },
                "north": {
                    "uv": [
                        0.5,
                        10.25,
                        1,
                        11.5
                    ],
                    "texture": "#0"
                },
                "west": {
                    "uv": [
                        1,
                        10.25,
                        1.5,
                        11.5
                    ],
                    "texture": "#0"
                },
                "up": {
                    "uv": [
                        1,
                        10.25,
                        0.5,
                        9.75
                    ],
                    "texture": "#0"
                },
                "down": {
                    "uv": [
                        1.5,
                        9.75,
                        1,
                        10.25
                    ],
                    "texture": "#0"
                }
            }
        },
        {
            "from": [
                13,
                4,
                1
            ],
            "to": [
                15,
                9,
                3
            ],
            "faces": {
                "east": {
                    "uv": [
                        0,
                        6,
                        0.5,
                        7.25
                    ],
                    "texture": "#0"
                },
                "south": {
                    "uv": [
                        1.5,
                        6,
                        2,
                        7.25
                    ],
                    "texture": "#0"
                },
                "north": {
                    "uv": [
                        0.5,
                        6,
                        1,
                        7.25
                    ],
                    "texture": "#0"
                },
                "west": {
                    "uv": [
                        1,
                        6,
                        1.5,
                        7.25
                    ],
                    "texture": "#0"
                },
                "up": {
                    "uv": [
                        1,
                        6,
                        0.5,
                        5.5
                    ],
                    "texture": "#0"
                },
                "down": {
                    "uv": [
                        1.5,
                        5.5,
                        1,
                        6
                    ],
                    "texture": "#0"
                }
            }
        },
        {
            "from": [
                1,
                4,
                1
            ],
            "to": [
                3,
                9,
                3
            ],
            "faces": {
                "east": {
                    "uv": [
                        0,
                        0.5,
                        0.5,
                        1.75
                    ],
                    "texture": "#0"
                },
                "south": {
                    "uv": [
                        1.5,
                        0.5,
                        2,
                        1.75
                    ],
                    "texture": "#0"
                },
                "north": {
                    "uv": [
                        0.5,
                        0.5,
                        1,
                        1.75
                    ],
                    "texture": "#0"
                },
                "west": {
                    "uv": [
                        1,
                        0.5,
                        1.5,
                        1.75
                    ],
                    "texture": "#0"
                },
                "up": {
                    "uv": [
                        1,
                        0.5,
                        0.5,
                        0
                    ],
                    "texture": "#0"
                },
                "down": {
                    "uv": [
                        1.5,
                        0,
                        1,
                        0.5
                    ],
                    "texture": "#0"
                }
            }
        },
        {
            "from": [
                1,
                0,
                1
            ],
            "to": [
                3,
                2,
                3
            ],
            "faces": {
                "east": {
                    "uv": [
                        0,
                        8,
                        0.5,
                        8.5
                    ],
                    "texture": "#0"
                },
                "south": {
                    "uv": [
                        1.5,
                        8,
                        2,
                        8.5
                    ],
                    "texture": "#0"
                },
                "north": {
                    "uv": [
                        0.5,
                        8,
                        1,
                        8.5
                    ],
                    "texture": "#0"
                },
                "west": {
                    "uv": [
                        1,
                        8,
                        1.5,
                        8.5
                    ],
                    "texture": "#0"
                },
                "up": {
                    "uv": [
                        1,
                        8,
                        0.5,
                        7.5
                    ],
                    "texture": "#0"
                },
                "down": {
                    "uv": [
                        1.5,
                        7.5,
                        1,
                        8
                    ],
                    "texture": "#0"
                }
            }
        },
        {
            "from": [
                13,
                0,
                1
            ],
            "to": [
                15,
                2,
                3
            ],
            "faces": {
                "east": {
                    "uv": [
                        0,
                        2.5,
                        0.5,
                        3
                    ],
                    "texture": "#0"
                },
                "south": {
                    "uv": [
                        1.5,
                        2.5,
                        2,
                        3
                    ],
                    "texture": "#0"
                },
                "north": {
                    "uv": [
                        0.5,
                        2.5,
                        1,
                        3
                    ],
                    "texture": "#0"
                },
                "west": {
                    "uv": [
                        1,
                        2.5,
                        1.5,
                        3
                    ],
                    "texture": "#0"
                },
                "up": {
                    "uv": [
                        1,
                        2.5,
                        0.5,
                        2
                    ],
                    "texture": "#0"
                },
                "down": {
                    "uv": [
                        1.5,
                        2,
                        1,
                        2.5
                    ],
                    "texture": "#0"
                }
            }
        },
        {
            "from": [
                1,
                2,
                1
            ],
            "to": [
                15,
                4,
                15
            ],
            "faces": {
                "east": {
                    "uv": [
                        0,
                        13.25,
                        3.5,
                        13.75
                    ],
                    "texture": "#0"
                },
                "south": {
                    "uv": [
                        10.5,
                        13.25,
                        14,
                        13.75
                    ],
                    "texture": "#0"
                },
                "north": {
                    "uv": [
                        3.5,
                        13.25,
                        7,
                        13.75
                    ],
                    "texture": "#0"
                },
                "west": {
                    "uv": [
                        7,
                        13.25,
                        10.5,
                        13.75
                    ],
                    "texture": "#0"
                },
                "up": {
                    "uv": [
                        7,
                        13.25,
                        3.5,
                        9.75
                    ],
                    "texture": "#0"
                },
                "down": {
                    "uv": [
                        10.5,
                        9.75,
                        7,
                        13.25
                    ],
                    "texture": "#0"
                }
            }
        },
        {
            "from": [
                1,
                9,
                1
            ],
            "to": [
                15,
                16,
                15
            ],
            "faces": {
                "east": {
                    "uv": [
                        0,
                        3.5,
                        3.5,
                        5.25
                    ],
                    "texture": "#0"
                },
                "south": {
                    "uv": [
                        10.5,
                        3.5,
                        14,
                        5.25
                    ],
                    "texture": "#0"
                },
                "north": {
                    "uv": [
                        3.5,
                        3.5,
                        7,
                        5.25
                    ],
                    "texture": "#0"
                },
                "west": {
                    "uv": [
                        7,
                        3.5,
                        10.5,
                        5.25
                    ],
                    "texture": "#0"
                },
                "up": {
                    "uv": [
                        7,
                        3.5,
                        3.5,
                        0
                    ],
                    "texture": "#0"
                },
                "down": {
                    "uv": [
                        10.5,
                        0,
                        7,
                        3.5
                    ],
                    "texture": "#0"
                }
            }
        },
        {
            "from": [
                0.5,
                15.00391,
                0.5
            ],
            "to": [
                15.5,
                16.00391,
                15.5
            ],
            "faces": {
                "east": {
                    "uv": [
                        0,
                        9.25,
                        3.75,
                        9.5
                    ],
                    "texture": "#0"
                },
                "south": {
                    "uv": [
                        11.25,
                        9.25,
                        15,
                        9.5
                    ],
                    "texture": "#0"
                },
                "north": {
                    "uv": [
                        3.75,
                        9.25,
                        7.5,
                        9.5
                    ],
                    "texture": "#0"
                },
                "west": {
                    "uv": [
                        7.5,
                        9.25,
                        11.25,
                        9.5
                    ],
                    "texture": "#0"
                },
                "up": {
                    "uv": [
                        7.5,
                        9.25,
                        3.75,
                        5.5
                    ],
                    "texture": "#0"
                },
                "down": {
                    "uv": [
                        11.25,
                        5.5,
                        7.5,
                        9.25
                    ],
                    "texture": "#0"
                }
            }
        },
        {
            "from": [
                6,
                12,
                0.9
            ],
            "to": [
                10,
                13,
                0.9
            ],
            "faces": {
                "east": {
                    "uv": [
                        0,
                        8.75,
                        0,
                        9
                    ],
                    "texture": "#0"
                },
                "south": {
                    "uv": [
                        1,
                        8.75,
                        2,
                        9
                    ],
                    "texture": "#0"
                },
                "north": {
                    "uv": [
                        0,
                        8.75,
                        1,
                        9
                    ],
                    "texture": "#0"
                },
                "west": {
                    "uv": [
                        1,
                        8.75,
                        1,
                        9
                    ],
                    "texture": "#0"
                },
                "up": {
                    "uv": [
                        1,
                        8.75,
                        0,
                        8.75
                    ],
                    "texture": "#0"
                },
                "down": {
                    "uv": [
                        2,
                        8.75,
                        1,
                        8.75
                    ],
                    "texture": "#0"
                }
            }
        }
    ],
    "display": {
        "head": {
            "rotation": [
                0,
                -180,
                0
            ],
            "translation": [
                0,
                -30.4,
                0
            ],
            "scale": [
                1.6,
                1.6,
                1.6
            ]
        },
        "firstperson_righthand": {
            "rotation": [
                0,
                -73,
                6
            ],
            "translation": [
                0,
                1.5,
                0
            ],
            "scale": [
                -0.4,
                0.4,
                -0.4
            ]
        },
        "thirdperson_lefthand": {
            "rotation": [
                60,
                -160,
                0
            ],
            "translation": [
                0,
                2.5,
                -2
            ],
            "scale": [
                -0.6,
                0.6,
                -0.6
            ]
        },
        "firstperson_lefthand": {
            "rotation": [
                0,
                -73,
                6
            ],
            "translation": [
                0,
                1.5,
                0
            ],
            "scale": [
                -0.4,
                0.4,
                -0.4
            ]
        },
        "thirdperson_righthand": {
            "translation": [
                -8.2,
                -5,
                -2.7
            ],
            "scale": [
                1,
                1,
                1
            ],
            "rotation": [
                75,
                0,
                -10
            ]
        },
        "ground": {
            "translation": [
                0,
                1.5,
                0
            ],
            "scale": [
                0.35,
                0.35,
                0.35
            ]
        },
        "gui": {
            "rotation": [
                30,
                -40,
                0
            ],
            "translation": [
                0,
                -0.5,
                0
            ],
            "scale": [
                -0.55,
                0.55,
                -0.55
            ]
        },
        "fixed": {
            "rotation": [
                90,
                -180,
                -180
            ],
            "translation": [
                0,
                0,
                -15
            ],
            "scale": [
                2,
                2,
                2
            ]
        }
    },
    "credit": "Made by LZLeon with Blockbench, Contact - Discord: LZBlocks#0261 - E-Mail: lzblocks@outlook.com"
}