{
    "textures": {
        "0": "blockmodels/architect/textures/blue_print_medium",
        "particle": "blockmodels/architect/textures/blue_print_medium"
    },
    "texture_size": [
        64,
        64
    ],
    "elements": [{
        "from": [
            -16,
            0.1,
            -8
        ],
        "to": [
            32,
            0.1,
            24
        ],
        "faces": {
            "east": {
                "uv": [
                    0,
                    0,
                    8,
                    0
                ],
                "texture": "#0"
            },
            "south": {
                "uv": [
                    0,
                    0,
                    12,
                    0
                ],
                "texture": "#0"
            },
            "north": {
                "uv": [
                    0,
                    0,
                    12,
                    0
                ],
                "texture": "#0"
            },
            "west": {
                "uv": [
                    0,
                    0,
                    8,
                    0
                ],
                "texture": "#0"
            },
            "up": {
                "uv": [
                    12,
                    8,
                    0,
                    0
                ],
                "texture": "#0"
            },
            "down": {
                "uv": [
                    12,
                    8,
                    0,
                    16
                ],
                "texture": "#0"
            }
        }
    }],
    "display": {
        "firstperson_righthand": {
            "rotation": [
                0,
                45,
                0
            ],
            "scale": [
                0.4,
                0.4,
                0.4
            ]
        },
        "thirdperson_lefthand": {
            "rotation": [
                75,
                45,
                0
            ],
            "translation": [
                0,
                2.5,
                0
            ],
            "scale": [
                0.375,
                0.375,
                0.375
            ]
        },
        "firstperson_lefthand": {
            "rotation": [
                0,
                225,
                0
            ],
            "scale": [
                0.4,
                0.4,
                0.4
            ]
        },
        "thirdperson_righthand": {
            "translation": [
                -8.2,
                -5,
                -2.7
            ],
            "scale": [
                1,
                1,
                1
            ],
            "rotation": [
                75,
                0,
                -10
            ]
        },
        "ground": {
            "translation": [
                0,
                3,
                0
            ],
            "scale": [
                0.25,
                0.25,
                0.25
            ]
        },
        "gui": {
            "rotation": [
                30,
                225,
                0
            ],
            "scale": [
                0.27,
                0.27,
                0.27
            ]
        },
        "fixed": {
            "rotation": [
                -90,
                0,
                0
            ],
            "translation": [
                0,
                0,
                -16
            ],
            "scale": [
                2,
                2,
                2
            ]
        }
    },
    "credit": "Made with Blockbench"
}