{
    "gui_light": "front",
    "textures": {
        "0": "blockmodels/bakery/textures/board2",
        "particle": "blockmodels/bakery/textures/board2"
    },
    "texture_size": [
        32,
        32
    ],
    "elements": [
        {
            "rotation": {
                "origin": [
                    8,
                    0,
                    0
                ],
                "angle": 0,
                "axis": "y"
            },
            "from": [
                3,
                2,
                15
            ],
            "to": [
                13,
                14,
                16
            ],
            "faces": {
                "east": {
                    "uv": [
                        0,
                        6,
                        0.5,
                        12
                    ],
                    "texture": "#0"
                },
                "south": {
                    "uv": [
                        5,
                        0,
                        10,
                        6
                    ],
                    "texture": "#0"
                },
                "north": {
                    "uv": [
                        0,
                        0,
                        5,
                        6
                    ],
                    "texture": "#0"
                },
                "west": {
                    "uv": [
                        0.5,
                        6,
                        1,
                        12
                    ],
                    "texture": "#0"
                },
                "up": {
                    "uv": [
                        6,
                        6.5,
                        1,
                        6
                    ],
                    "texture": "#0"
                },
                "down": {
                    "uv": [
                        11,
                        6,
                        6,
                        6.5
                    ],
                    "texture": "#0"
                }
            }
        },
        {
            "rotation": {
                "origin": [
                    8,
                    0,
                    0
                ],
                "angle": 0,
                "axis": "y"
            },
            "from": [
                4,
                1,
                15
            ],
            "to": [
                12,
                2,
                16
            ],
            "faces": {
                "east": {
                    "uv": [
                        5,
                        9,
                        5.5,
                        9.5
                    ],
                    "texture": "#0"
                },
                "south": {
                    "uv": [
                        5,
                        6.5,
                        9,
                        7
                    ],
                    "texture": "#0"
                },
                "north": {
                    "uv": [
                        1,
                        6.5,
                        5,
                        7
                    ],
                    "texture": "#0"
                },
                "west": {
                    "uv": [
                        5.5,
                        9,
                        6,
                        9.5
                    ],
                    "texture": "#0"
                },
                "up": {
                    "uv": [
                        5,
                        7.5,
                        1,
                        7
                    ],
                    "texture": "#0"
                },
                "down": {
                    "uv": [
                        9,
                        7,
                        5,
                        7.5
                    ],
                    "texture": "#0"
                }
            }
        },
        {
            "rotation": {
                "origin": [
                    8,
                    0,
                    0
                ],
                "angle": 0,
                "axis": "y"
            },
            "from": [
                4,
                14,
                15
            ],
            "to": [
                12,
                15,
                16
            ],
            "faces": {
                "east": {
                    "uv": [
                        9,
                        6.5,
                        9.5,
                        7
                    ],
                    "texture": "#0"
                },
                "south": {
                    "uv": [
                        5,
                        7.5,
                        9,
                        8
                    ],
                    "texture": "#0"
                },
                "north": {
                    "uv": [
                        1,
                        7.5,
                        5,
                        8
                    ],
                    "texture": "#0"
                },
                "west": {
                    "uv": [
                        7,
                        9,
                        7.5,
                        9.5
                    ],
                    "texture": "#0"
                },
                "up": {
                    "uv": [
                        5,
                        8.5,
                        1,
                        8
                    ],
                    "texture": "#0"
                },
                "down": {
                    "uv": [
                        9,
                        8,
                        5,
                        8.5
                    ],
                    "texture": "#0"
                }
            }
        }
    ],
    "display": {
        "head": {
            "translation": [
                0,
                -14.25,
                0
            ],
            "scale": [
                2.26781,
                2.26781,
                2.26781
            ]
        },
        "firstperson_righthand": {
            "rotation": [
                0,
                138,
                0
            ],
            "translation": [
                -1,
                3.25,
                2.5
            ],
            "scale": [
                0.72266,
                0.72266,
                0.72266
            ]
        },
        "thirdperson_lefthand": {
            "rotation": [
                67,
                21,
                0
            ],
            "translation": [
                -2.25,
                8,
                -1.75
            ]
        },
        "firstperson_lefthand": {
            "rotation": [
                0,
                138,
                0
            ],
            "translation": [
                -1,
                3.25,
                2.5
            ],
            "scale": [
                0.72266,
                0.72266,
                0.72266
            ]
        },
        "thirdperson_righthand": {
            "translation": [
                -8.2,
                -5,
                -2.7
            ],
            "scale": [
                1,
                1,
                1
            ],
            "rotation": [
                75,
                0,
                -10
            ]
        },
        "ground": {
            "rotation": [
                29,
                0,
                0
            ],
            "translation": [
                0,
                5,
                0
            ],
            "scale": [
                0.61719,
                0.61719,
                0.61719
            ]
        },
        "gui": {"rotation": [
            0,
            -180,
            0
        ]},
        "fixed": {
            "translation": [
                0,
                0,
                -19.75
            ],
            "scale": [
                2.61,
                2.61,
                2.61
            ]
        }
    },
    "credit": "Made with Blockbench"
}