{
    "textures": {
        "2": "blockmodels/mhp/textures/book_pile_2",
        "particle": "blockmodels/mhp/textures/book_pile_2"
    },
    "texture_size": [
        64,
        64
    ],
    "elements": [
        {
            "from": [
                4.5,
                0.1,
                2
            ],
            "to": [
                11.5,
                0.1,
                10
            ],
            "faces": {
                "east": {
                    "uv": [
                        0,
                        0,
                        2,
                        0
                    ],
                    "texture": "#2"
                },
                "south": {
                    "uv": [
                        0,
                        0,
                        1.75,
                        0
                    ],
                    "texture": "#2"
                },
                "north": {
                    "uv": [
                        0,
                        0,
                        1.75,
                        0
                    ],
                    "texture": "#2"
                },
                "west": {
                    "uv": [
                        0,
                        0,
                        2,
                        0
                    ],
                    "texture": "#2"
                },
                "up": {
                    "uv": [
                        1.75,
                        2,
                        0,
                        0
                    ],
                    "texture": "#2"
                },
                "down": {
                    "uv": [
                        3.5,
                        0,
                        1.75,
                        2
                    ],
                    "texture": "#2"
                }
            }
        },
        {
            "rotation": {
                "origin": [
                    10.5,
                    0.101,
                    2
                ],
                "angle": 0,
                "axis": "y"
            },
            "from": [
                5,
                0.201,
                2.5
            ],
            "to": [
                11.4,
                1.201,
                9.5
            ],
            "faces": {
                "east": {
                    "uv": [
                        8.5,
                        1.5,
                        10.25,
                        1.75
                    ],
                    "texture": "#2"
                },
                "south": {
                    "uv": [
                        8.5,
                        3.75,
                        10,
                        4
                    ],
                    "texture": "#2"
                },
                "north": {
                    "uv": [
                        8.5,
                        3.5,
                        10,
                        3.75
                    ],
                    "texture": "#2"
                },
                "west": {
                    "uv": [
                        8.5,
                        1.75,
                        10.25,
                        2
                    ],
                    "texture": "#2"
                },
                "up": {
                    "uv": [
                        8.5,
                        1.75,
                        7,
                        0
                    ],
                    "texture": "#2"
                },
                "down": {
                    "uv": [
                        8.5,
                        1.75,
                        7,
                        3.5
                    ],
                    "texture": "#2"
                }
            }
        },
        {
            "rotation": {
                "origin": [
                    10.5,
                    0.101,
                    2
                ],
                "angle": 0,
                "axis": "y"
            },
            "from": [
                11.5,
                0.101,
                2
            ],
            "to": [
                11.5,
                1.301,
                10
            ],
            "faces": {
                "east": {
                    "uv": [
                        4.5,
                        8,
                        6.5,
                        8.25
                    ],
                    "texture": "#2"
                },
                "south": {
                    "uv": [
                        0,
                        0,
                        0,
                        0.25
                    ],
                    "texture": "#2"
                },
                "north": {
                    "uv": [
                        0,
                        0,
                        0,
                        0.25
                    ],
                    "texture": "#2"
                },
                "west": {
                    "uv": [
                        4.5,
                        8.25,
                        6.5,
                        8.5
                    ],
                    "texture": "#2"
                },
                "up": {
                    "uv": [
                        0,
                        2,
                        0,
                        0
                    ],
                    "texture": "#2"
                },
                "down": {
                    "uv": [
                        0,
                        0,
                        0,
                        2
                    ],
                    "texture": "#2"
                }
            }
        },
        {
            "rotation": {
                "origin": [
                    0,
                    1.1,
                    0
                ],
                "angle": 0,
                "axis": "y"
            },
            "from": [
                4.5,
                1.3,
                2
            ],
            "to": [
                11.5,
                1.3,
                10
            ],
            "faces": {
                "east": {
                    "uv": [
                        0,
                        0,
                        2,
                        0
                    ],
                    "texture": "#2"
                },
                "south": {
                    "uv": [
                        0,
                        0,
                        1.75,
                        0
                    ],
                    "texture": "#2"
                },
                "north": {
                    "uv": [
                        0,
                        0,
                        1.75,
                        0
                    ],
                    "texture": "#2"
                },
                "west": {
                    "uv": [
                        0,
                        0,
                        2,
                        0
                    ],
                    "texture": "#2"
                },
                "up": {
                    "uv": [
                        1.75,
                        4,
                        0,
                        2
                    ],
                    "texture": "#2"
                },
                "down": {
                    "uv": [
                        3.5,
                        2,
                        1.75,
                        4
                    ],
                    "texture": "#2"
                }
            }
        },
        {
            "rotation": {
                "origin": [
                    9.75,
                    2,
                    6
                ],
                "angle": 22.5,
                "axis": "y"
            },
            "from": [
                4.5,
                1.4,
                2
            ],
            "to": [
                11.5,
                1.4,
                10
            ],
            "faces": {
                "east": {
                    "uv": [
                        0,
                        0,
                        2,
                        0
                    ],
                    "texture": "#2"
                },
                "south": {
                    "uv": [
                        0,
                        0,
                        1.75,
                        0
                    ],
                    "texture": "#2"
                },
                "north": {
                    "uv": [
                        0,
                        0,
                        1.75,
                        0
                    ],
                    "texture": "#2"
                },
                "west": {
                    "uv": [
                        0,
                        0,
                        2,
                        0
                    ],
                    "texture": "#2"
                },
                "up": {
                    "uv": [
                        5.25,
                        2,
                        3.5,
                        0
                    ],
                    "texture": "#2"
                },
                "down": {
                    "uv": [
                        5.25,
                        2,
                        3.5,
                        4
                    ],
                    "texture": "#2"
                }
            }
        },
        {
            "rotation": {
                "origin": [
                    9.75,
                    2,
                    6
                ],
                "angle": 22.5,
                "axis": "y"
            },
            "from": [
                5,
                1.501,
                2.5
            ],
            "to": [
                11.4,
                2.501,
                9.5
            ],
            "faces": {
                "east": {
                    "uv": [
                        8.5,
                        2,
                        10.25,
                        2.25
                    ],
                    "texture": "#2"
                },
                "south": {
                    "uv": [
                        8.5,
                        4.25,
                        10,
                        4.5
                    ],
                    "texture": "#2"
                },
                "north": {
                    "uv": [
                        8.5,
                        4,
                        10,
                        4.25
                    ],
                    "texture": "#2"
                },
                "west": {
                    "uv": [
                        8.5,
                        2.25,
                        10.25,
                        2.5
                    ],
                    "texture": "#2"
                },
                "up": {
                    "uv": [
                        8.5,
                        5.25,
                        7,
                        3.5
                    ],
                    "texture": "#2"
                },
                "down": {
                    "uv": [
                        8.5,
                        5.25,
                        7,
                        7
                    ],
                    "texture": "#2"
                }
            }
        },
        {
            "rotation": {
                "origin": [
                    9.75,
                    2,
                    6
                ],
                "angle": 22.5,
                "axis": "y"
            },
            "from": [
                11.5,
                1.401,
                2
            ],
            "to": [
                11.5,
                2.601,
                10
            ],
            "faces": {
                "east": {
                    "uv": [
                        8.5,
                        0,
                        10.5,
                        0.25
                    ],
                    "texture": "#2"
                },
                "south": {
                    "uv": [
                        0,
                        0,
                        0,
                        0.25
                    ],
                    "texture": "#2"
                },
                "north": {
                    "uv": [
                        0,
                        0,
                        0,
                        0.25
                    ],
                    "texture": "#2"
                },
                "west": {
                    "uv": [
                        8.5,
                        0.25,
                        10.5,
                        0.5
                    ],
                    "texture": "#2"
                },
                "up": {
                    "uv": [
                        0,
                        2,
                        0,
                        0
                    ],
                    "texture": "#2"
                },
                "down": {
                    "uv": [
                        0,
                        0,
                        0,
                        2
                    ],
                    "texture": "#2"
                }
            }
        },
        {
            "rotation": {
                "origin": [
                    9.75,
                    2,
                    6
                ],
                "angle": 22.5,
                "axis": "y"
            },
            "from": [
                4.5,
                2.6,
                2
            ],
            "to": [
                11.5,
                2.6,
                10
            ],
            "faces": {
                "east": {
                    "uv": [
                        0,
                        0,
                        2,
                        0
                    ],
                    "texture": "#2"
                },
                "south": {
                    "uv": [
                        0,
                        0,
                        1.75,
                        0
                    ],
                    "texture": "#2"
                },
                "north": {
                    "uv": [
                        0,
                        0,
                        1.75,
                        0
                    ],
                    "texture": "#2"
                },
                "west": {
                    "uv": [
                        0,
                        0,
                        2,
                        0
                    ],
                    "texture": "#2"
                },
                "up": {
                    "uv": [
                        1.75,
                        6,
                        0,
                        4
                    ],
                    "texture": "#2"
                },
                "down": {
                    "uv": [
                        3.5,
                        4,
                        1.75,
                        6
                    ],
                    "texture": "#2"
                }
            }
        },
        {
            "rotation": {
                "origin": [
                    9.75,
                    3.3,
                    6
                ],
                "angle": -22.5,
                "axis": "y"
            },
            "from": [
                4.5,
                2.7,
                3
            ],
            "to": [
                11.5,
                2.7,
                11
            ],
            "faces": {
                "east": {
                    "uv": [
                        0,
                        0,
                        2,
                        0
                    ],
                    "texture": "#2"
                },
                "south": {
                    "uv": [
                        0,
                        0,
                        1.75,
                        0
                    ],
                    "texture": "#2"
                },
                "north": {
                    "uv": [
                        0,
                        0,
                        1.75,
                        0
                    ],
                    "texture": "#2"
                },
                "west": {
                    "uv": [
                        0,
                        0,
                        2,
                        0
                    ],
                    "texture": "#2"
                },
                "up": {
                    "uv": [
                        5.25,
                        6,
                        3.5,
                        4
                    ],
                    "texture": "#2"
                },
                "down": {
                    "uv": [
                        7,
                        0,
                        5.25,
                        2
                    ],
                    "texture": "#2"
                }
            }
        },
        {
            "rotation": {
                "origin": [
                    9.75,
                    3.3,
                    6
                ],
                "angle": -22.5,
                "axis": "y"
            },
            "from": [
                5,
                2.801,
                3.5
            ],
            "to": [
                11.4,
                3.801,
                10.5
            ],
            "faces": {
                "east": {
                    "uv": [
                        8.5,
                        2.5,
                        10.25,
                        2.75
                    ],
                    "texture": "#2"
                },
                "south": {
                    "uv": [
                        8.5,
                        4.5,
                        10,
                        4.75
                    ],
                    "texture": "#2"
                },
                "north": {
                    "uv": [
                        4.5,
                        8.5,
                        6,
                        8.75
                    ],
                    "texture": "#2"
                },
                "west": {
                    "uv": [
                        8.5,
                        2.75,
                        10.25,
                        3
                    ],
                    "texture": "#2"
                },
                "up": {
                    "uv": [
                        8.5,
                        8.75,
                        7,
                        7
                    ],
                    "texture": "#2"
                },
                "down": {
                    "uv": [
                        1.5,
                        8,
                        0,
                        9.75
                    ],
                    "texture": "#2"
                }
            }
        },
        {
            "rotation": {
                "origin": [
                    9.75,
                    3.3,
                    6
                ],
                "angle": -22.5,
                "axis": "y"
            },
            "from": [
                11.5,
                2.701,
                3
            ],
            "to": [
                11.5,
                3.901,
                11
            ],
            "faces": {
                "east": {
                    "uv": [
                        8.5,
                        0.5,
                        10.5,
                        0.75
                    ],
                    "texture": "#2"
                },
                "south": {
                    "uv": [
                        0,
                        0,
                        0,
                        0.25
                    ],
                    "texture": "#2"
                },
                "north": {
                    "uv": [
                        0,
                        0,
                        0,
                        0.25
                    ],
                    "texture": "#2"
                },
                "west": {
                    "uv": [
                        8.5,
                        0.75,
                        10.5,
                        1
                    ],
                    "texture": "#2"
                },
                "up": {
                    "uv": [
                        0,
                        2,
                        0,
                        0
                    ],
                    "texture": "#2"
                },
                "down": {
                    "uv": [
                        0,
                        0,
                        0,
                        2
                    ],
                    "texture": "#2"
                }
            }
        },
        {
            "rotation": {
                "origin": [
                    9.75,
                    3.3,
                    6
                ],
                "angle": -22.5,
                "axis": "y"
            },
            "from": [
                4.5,
                3.9,
                3
            ],
            "to": [
                11.5,
                3.9,
                11
            ],
            "faces": {
                "east": {
                    "uv": [
                        0,
                        0,
                        2,
                        0
                    ],
                    "texture": "#2"
                },
                "south": {
                    "uv": [
                        0,
                        0,
                        1.75,
                        0
                    ],
                    "texture": "#2"
                },
                "north": {
                    "uv": [
                        0,
                        0,
                        1.75,
                        0
                    ],
                    "texture": "#2"
                },
                "west": {
                    "uv": [
                        0,
                        0,
                        2,
                        0
                    ],
                    "texture": "#2"
                },
                "up": {
                    "uv": [
                        7,
                        4,
                        5.25,
                        2
                    ],
                    "texture": "#2"
                },
                "down": {
                    "uv": [
                        7,
                        4,
                        5.25,
                        6
                    ],
                    "texture": "#2"
                }
            }
        },
        {
            "rotation": {
                "origin": [
                    10.13268,
                    4.6,
                    6.92388
                ],
                "angle": 0,
                "axis": "y"
            },
            "from": [
                4.88268,
                4,
                2.92388
            ],
            "to": [
                11.88268,
                4,
                10.92388
            ],
            "faces": {
                "east": {
                    "uv": [
                        0,
                        0,
                        2,
                        0
                    ],
                    "texture": "#2"
                },
                "south": {
                    "uv": [
                        0,
                        0,
                        1.75,
                        0
                    ],
                    "texture": "#2"
                },
                "north": {
                    "uv": [
                        0,
                        0,
                        1.75,
                        0
                    ],
                    "texture": "#2"
                },
                "west": {
                    "uv": [
                        0,
                        0,
                        2,
                        0
                    ],
                    "texture": "#2"
                },
                "up": {
                    "uv": [
                        1.75,
                        8,
                        0,
                        6
                    ],
                    "texture": "#2"
                },
                "down": {
                    "uv": [
                        3.5,
                        6,
                        1.75,
                        8
                    ],
                    "texture": "#2"
                }
            }
        },
        {
            "rotation": {
                "origin": [
                    10.13268,
                    4.6,
                    6.92388
                ],
                "angle": 0,
                "axis": "y"
            },
            "from": [
                5.38268,
                4.101,
                3.42388
            ],
            "to": [
                11.78268,
                5.101,
                10.42388
            ],
            "faces": {
                "east": {
                    "uv": [
                        8.5,
                        3,
                        10.25,
                        3.25
                    ],
                    "texture": "#2"
                },
                "south": {
                    "uv": [
                        8.5,
                        5,
                        10,
                        5.25
                    ],
                    "texture": "#2"
                },
                "north": {
                    "uv": [
                        8.5,
                        4.75,
                        10,
                        5
                    ],
                    "texture": "#2"
                },
                "west": {
                    "uv": [
                        8.5,
                        3.25,
                        10.25,
                        3.5
                    ],
                    "texture": "#2"
                },
                "up": {
                    "uv": [
                        3,
                        9.75,
                        1.5,
                        8
                    ],
                    "texture": "#2"
                },
                "down": {
                    "uv": [
                        4.5,
                        8,
                        3,
                        9.75
                    ],
                    "texture": "#2"
                }
            }
        },
        {
            "rotation": {
                "origin": [
                    10.13268,
                    4.6,
                    6.92388
                ],
                "angle": 0,
                "axis": "y"
            },
            "from": [
                11.88268,
                4.001,
                2.92388
            ],
            "to": [
                11.88268,
                5.201,
                10.92388
            ],
            "faces": {
                "east": {
                    "uv": [
                        8.5,
                        1,
                        10.5,
                        1.25
                    ],
                    "texture": "#2"
                },
                "south": {
                    "uv": [
                        0,
                        0,
                        0,
                        0.25
                    ],
                    "texture": "#2"
                },
                "north": {
                    "uv": [
                        0,
                        0,
                        0,
                        0.25
                    ],
                    "texture": "#2"
                },
                "west": {
                    "uv": [
                        8.5,
                        1.25,
                        10.5,
                        1.5
                    ],
                    "texture": "#2"
                },
                "up": {
                    "uv": [
                        0,
                        2,
                        0,
                        0
                    ],
                    "texture": "#2"
                },
                "down": {
                    "uv": [
                        0,
                        0,
                        0,
                        2
                    ],
                    "texture": "#2"
                }
            }
        },
        {
            "rotation": {
                "origin": [
                    10.13268,
                    4.6,
                    6.92388
                ],
                "angle": 0,
                "axis": "y"
            },
            "from": [
                4.88268,
                5.2,
                2.92388
            ],
            "to": [
                11.88268,
                5.2,
                10.92388
            ],
            "faces": {
                "east": {
                    "uv": [
                        0,
                        0,
                        2,
                        0
                    ],
                    "texture": "#2"
                },
                "south": {
                    "uv": [
                        0,
                        0,
                        1.75,
                        0
                    ],
                    "texture": "#2"
                },
                "north": {
                    "uv": [
                        0,
                        0,
                        1.75,
                        0
                    ],
                    "texture": "#2"
                },
                "west": {
                    "uv": [
                        0,
                        0,
                        2,
                        0
                    ],
                    "texture": "#2"
                },
                "up": {
                    "uv": [
                        5.25,
                        8,
                        3.5,
                        6
                    ],
                    "texture": "#2"
                },
                "down": {
                    "uv": [
                        7,
                        6,
                        5.25,
                        8
                    ],
                    "texture": "#2"
                }
            }
        }
    ],
    "display": {
        "firstperson_righthand": {
            "rotation": [
                0,
                45,
                0
            ],
            "scale": [
                0.4,
                0.4,
                0.4
            ]
        },
        "firstperson_lefthand": {
            "rotation": [
                0,
                225,
                0
            ],
            "scale": [
                0.4,
                0.4,
                0.4
            ]
        },
        "ground": {
            "translation": [
                0,
                3,
                0
            ],
            "scale": [
                0.25,
                0.25,
                0.25
            ]
        },
        "gui": {
            "rotation": [
                30,
                225,
                0
            ],
            "scale": [
                0.625,
                0.625,
                0.625
            ]
        },
        "fixed": {
            "rotation": [
                -90,
                0,
                0
            ],
            "translation": [
                0,
                0,
                -16
            ],
            "scale": [
                2,
                2,
                2
            ]
        },
        "thirdperson_righthand": {
            "translation": [
                -8.2,
                -5,
                -2.7
            ],
            "scale": [
                1,
                1,
                1
            ],
            "rotation": [
                75,
                0,
                -10
            ]
        }
    },
    "groups": [
        {
            "nbt": "{}",
            "color": 0,
            "children": [
                0,
                1,
                2,
                3
            ],
            "origin": [
                0,
                1.1,
                0
            ],
            "name": "group",
            "armAnimationEnabled": false
        },
        {
            "nbt": "{}",
            "color": 0,
            "children": [
                4,
                5,
                6,
                7
            ],
            "origin": [
                0,
                1.1,
                0
            ],
            "name": "group",
            "armAnimationEnabled": false
        },
        {
            "nbt": "{}",
            "color": 0,
            "children": [
                8,
                9,
                10,
                11
            ],
            "origin": [
                0,
                1.1,
                0
            ],
            "name": "group",
            "armAnimationEnabled": false
        },
        {
            "nbt": "{}",
            "color": 0,
            "children": [
                12,
                13,
                14,
                15
            ],
            "origin": [
                0,
                1.1,
                0
            ],
            "name": "group",
            "armAnimationEnabled": false
        }
    ],
    "credit": "Made with Blockbench"
}