{
    "textures": {"3": "blockmodels/mhp/textures/bottle"},
    "elements": [
        {
            "from": [
                6.5,
                0,
                6
            ],
            "to": [
                9.5,
                7,
                9
            ],
            "faces": {
                "east": {
                    "uv": [
                        3,
                        0,
                        6,
                        7
                    ],
                    "texture": "#3",
                    "tintindex": 0
                },
                "south": {
                    "uv": [
                        6,
                        0,
                        9,
                        7
                    ],
                    "texture": "#3",
                    "tintindex": 0
                },
                "north": {
                    "uv": [
                        0,
                        0,
                        3,
                        7
                    ],
                    "texture": "#3",
                    "tintindex": 0
                },
                "west": {
                    "uv": [
                        0,
                        7,
                        3,
                        14
                    ],
                    "texture": "#3",
                    "tintindex": 0
                },
                "up": {
                    "uv": [
                        6,
                        10,
                        3,
                        7
                    ],
                    "texture": "#3",
                    "tintindex": 0
                },
                "down": {
                    "uv": [
                        9,
                        7,
                        6,
                        10
                    ],
                    "texture": "#3",
                    "tintindex": 0
                }
            }
        },
        {
            "from": [
                7,
                7,
                6.5
            ],
            "to": [
                9,
                11,
                8.5
            ],
            "faces": {
                "east": {
                    "uv": [
                        9,
                        4,
                        11,
                        8
                    ],
                    "texture": "#3",
                    "tintindex": 0
                },
                "south": {
                    "uv": [
                        9,
                        8,
                        11,
                        12
                    ],
                    "texture": "#3",
                    "tintindex": 0
                },
                "north": {
                    "uv": [
                        9,
                        0,
                        11,
                        4
                    ],
                    "texture": "#3",
                    "tintindex": 0
                },
                "west": {
                    "uv": [
                        3,
                        10,
                        5,
                        14
                    ],
                    "texture": "#3",
                    "tintindex": 0
                },
                "up": {
                    "uv": [
                        10,
                        14,
                        8,
                        12
                    ],
                    "texture": "#3",
                    "tintindex": 0
                },
                "down": {
                    "uv": [
                        12,
                        12,
                        10,
                        14
                    ],
                    "texture": "#3",
                    "tintindex": 0
                }
            }
        },
        {
            "from": [
                6.8,
                10.5,
                6.3
            ],
            "to": [
                9.2,
                11.5,
                8.7
            ],
            "faces": {
                "east": {
                    "uv": [
                        14,
                        1,
                        16,
                        2
                    ],
                    "texture": "#3",
                    "tintindex": 0
                },
                "south": {
                    "uv": [
                        2,
                        14,
                        4,
                        15
                    ],
                    "texture": "#3",
                    "tintindex": 0
                },
                "north": {
                    "uv": [
                        14,
                        0,
                        16,
                        1
                    ],
                    "texture": "#3",
                    "tintindex": 0
                },
                "west": {
                    "uv": [
                        14,
                        2,
                        16,
                        3
                    ],
                    "texture": "#3",
                    "tintindex": 0
                },
                "up": {
                    "uv": [
                        14,
                        14,
                        12,
                        12
                    ],
                    "texture": "#3",
                    "tintindex": 0
                },
                "down": {
                    "uv": [
                        2,
                        14,
                        0,
                        16
                    ],
                    "texture": "#3",
                    "tintindex": 0
                }
            }
        },
        {
            "from": [
                6.3,
                3,
                5.8
            ],
            "to": [
                9.7,
                5,
                5.8
            ],
            "faces": {
                "east": {
                    "uv": [
                        0,
                        0,
                        0,
                        2
                    ],
                    "texture": "#3"
                },
                "south": {
                    "uv": [
                        11,
                        0,
                        14,
                        2
                    ],
                    "texture": "#3"
                },
                "north": {
                    "uv": [
                        5,
                        10,
                        8,
                        12
                    ],
                    "texture": "#3"
                },
                "west": {
                    "uv": [
                        0,
                        0,
                        0,
                        2
                    ],
                    "texture": "#3"
                },
                "up": {
                    "uv": [
                        3,
                        0,
                        0,
                        0
                    ],
                    "texture": "#3"
                },
                "down": {
                    "uv": [
                        3,
                        0,
                        0,
                        0
                    ],
                    "texture": "#3"
                }
            }
        },
        {
            "rotation": {
                "origin": [
                    6.3,
                    4,
                    7.501
                ],
                "angle": 0,
                "axis": "y"
            },
            "from": [
                6.3,
                3,
                5.801
            ],
            "to": [
                6.3,
                5,
                9.201
            ],
            "faces": {
                "east": {
                    "uv": [
                        11,
                        6,
                        14,
                        8
                    ],
                    "texture": "#3"
                },
                "south": {
                    "uv": [
                        0,
                        0,
                        0,
                        2
                    ],
                    "texture": "#3"
                },
                "north": {
                    "uv": [
                        0,
                        0,
                        0,
                        2
                    ],
                    "texture": "#3"
                },
                "west": {
                    "uv": [
                        11,
                        8,
                        14,
                        10
                    ],
                    "texture": "#3"
                },
                "up": {
                    "uv": [
                        0,
                        3,
                        0,
                        0
                    ],
                    "texture": "#3"
                },
                "down": {
                    "uv": [
                        0,
                        0,
                        0,
                        3
                    ],
                    "texture": "#3"
                }
            }
        },
        {
            "rotation": {
                "origin": [
                    6.3,
                    4,
                    7.501
                ],
                "angle": 0,
                "axis": "y"
            },
            "from": [
                9.7,
                3,
                5.801
            ],
            "to": [
                9.7,
                5,
                9.201
            ],
            "faces": {
                "east": {
                    "uv": [
                        11,
                        10,
                        14,
                        12
                    ],
                    "texture": "#3"
                },
                "south": {
                    "uv": [
                        0,
                        0,
                        0,
                        2
                    ],
                    "texture": "#3"
                },
                "north": {
                    "uv": [
                        0,
                        0,
                        0,
                        2
                    ],
                    "texture": "#3"
                },
                "west": {
                    "uv": [
                        5,
                        12,
                        8,
                        14
                    ],
                    "texture": "#3"
                },
                "up": {
                    "uv": [
                        0,
                        3,
                        0,
                        0
                    ],
                    "texture": "#3"
                },
                "down": {
                    "uv": [
                        0,
                        0,
                        0,
                        3
                    ],
                    "texture": "#3"
                }
            }
        },
        {
            "from": [
                6.3,
                3,
                9.2
            ],
            "to": [
                9.7,
                5,
                9.2
            ],
            "faces": {
                "east": {
                    "uv": [
                        0,
                        0,
                        0,
                        2
                    ],
                    "texture": "#3"
                },
                "south": {
                    "uv": [
                        11,
                        4,
                        14,
                        6
                    ],
                    "texture": "#3"
                },
                "north": {
                    "uv": [
                        11,
                        2,
                        14,
                        4
                    ],
                    "texture": "#3"
                },
                "west": {
                    "uv": [
                        0,
                        0,
                        0,
                        2
                    ],
                    "texture": "#3"
                },
                "up": {
                    "uv": [
                        3,
                        0,
                        0,
                        0
                    ],
                    "texture": "#3"
                },
                "down": {
                    "uv": [
                        3,
                        0,
                        0,
                        0
                    ],
                    "texture": "#3"
                }
            }
        },
        {
            "from": [
                7.5,
                11,
                7
            ],
            "to": [
                8.5,
                12,
                8
            ],
            "faces": {
                "east": {
                    "uv": [
                        8,
                        11,
                        9,
                        12
                    ],
                    "texture": "#3"
                },
                "south": {
                    "uv": [
                        14,
                        3,
                        15,
                        4
                    ],
                    "texture": "#3"
                },
                "north": {
                    "uv": [
                        8,
                        10,
                        9,
                        11
                    ],
                    "texture": "#3"
                },
                "west": {
                    "uv": [
                        4,
                        14,
                        5,
                        15
                    ],
                    "texture": "#3"
                },
                "up": {
                    "uv": [
                        15,
                        5,
                        14,
                        4
                    ],
                    "texture": "#3"
                },
                "down": {
                    "uv": [
                        6,
                        14,
                        5,
                        15
                    ],
                    "texture": "#3"
                }
            }
        }
    ],
    "display": {
        "firstperson_righthand": {
            "rotation": [
                0,
                45,
                0
            ],
            "scale": [
                0.4,
                0.4,
                0.4
            ]
        },
        "firstperson_lefthand": {
            "rotation": [
                0,
                225,
                0
            ],
            "scale": [
                0.4,
                0.4,
                0.4
            ]
        },
        "ground": {
            "translation": [
                0,
                3,
                0
            ],
            "scale": [
                0.25,
                0.25,
                0.25
            ]
        },
        "gui": {
            "rotation": [
                30,
                225,
                0
            ],
            "scale": [
                0.625,
                0.625,
                0.625
            ]
        },
        "fixed": {
            "rotation": [
                -90,
                0,
                0
            ],
            "translation": [
                0,
                0,
                -16
            ],
            "scale": [
                2,
                2,
                2
            ]
        },
        "thirdperson_righthand": {
            "translation": [
                -8.2,
                -5,
                -2.7
            ],
            "scale": [
                1,
                1,
                1
            ],
            "rotation": [
                75,
                0,
                -10
            ]
        }
    },
    "credit": "Made with Blockbench"
}