{
    "textures": {"1": "blockmodels/architect/textures/boulder"},
    "texture_size": [
        32,
        32
    ],
    "elements": [
        {
            "from": [
                8,
                -0.3,
                8
            ],
            "to": [
                13,
                4.7,
                13
            ],
            "faces": {
                "east": {
                    "uv": [
                        8,
                        4,
                        10.5,
                        6.5
                    ],
                    "texture": "#1"
                },
                "south": {
                    "uv": [
                        6.5,
                        8,
                        9,
                        10.5
                    ],
                    "texture": "#1"
                },
                "north": {
                    "uv": [
                        4,
                        8,
                        6.5,
                        10.5
                    ],
                    "texture": "#1"
                },
                "west": {
                    "uv": [
                        9,
                        6.5,
                        11.5,
                        9
                    ],
                    "texture": "#1"
                },
                "up": {
                    "uv": [
                        11.5,
                        11.5,
                        9,
                        9
                    ],
                    "texture": "#1"
                },
                "down": {
                    "uv": [
                        6.5,
                        10.5,
                        4,
                        13
                    ],
                    "texture": "#1"
                }
            }
        },
        {
            "from": [
                3,
                -0.2,
                3
            ],
            "to": [
                11,
                7.8,
                11
            ],
            "faces": {
                "east": {
                    "uv": [
                        0,
                        4,
                        4,
                        8
                    ],
                    "texture": "#1"
                },
                "south": {
                    "uv": [
                        4,
                        0,
                        8,
                        4
                    ],
                    "texture": "#1"
                },
                "north": {
                    "uv": [
                        0,
                        0,
                        4,
                        4
                    ],
                    "texture": "#1"
                },
                "west": {
                    "uv": [
                        4,
                        4,
                        8,
                        8
                    ],
                    "texture": "#1"
                },
                "up": {
                    "uv": [
                        4,
                        12,
                        0,
                        8
                    ],
                    "texture": "#1"
                },
                "down": {
                    "uv": [
                        12,
                        0,
                        8,
                        4
                    ],
                    "texture": "#1"
                }
            }
        }
    ],
    "display": {
        "firstperson_righthand": {
            "rotation": [
                0,
                45,
                0
            ],
            "scale": [
                0.4,
                0.4,
                0.4
            ]
        },
        "thirdperson_lefthand": {
            "rotation": [
                75,
                45,
                0
            ],
            "translation": [
                0,
                2.5,
                0
            ],
            "scale": [
                0.375,
                0.375,
                0.375
            ]
        },
        "firstperson_lefthand": {
            "rotation": [
                0,
                225,
                0
            ],
            "scale": [
                0.4,
                0.4,
                0.4
            ]
        },
        "thirdperson_righthand": {
            "translation": [
                -8.2,
                -5,
                -2.7
            ],
            "scale": [
                1,
                1,
                1
            ],
            "rotation": [
                75,
                0,
                -10
            ]
        },
        "ground": {
            "translation": [
                0,
                3,
                0
            ],
            "scale": [
                0.25,
                0.25,
                0.25
            ]
        },
        "gui": {
            "rotation": [
                30,
                225,
                0
            ],
            "scale": [
                0.625,
                0.625,
                0.625
            ]
        },
        "fixed": {
            "rotation": [
                -89,
                0,
                0
            ],
            "translation": [
                0,
                0,
                -15.5
            ],
            "scale": [
                2,
                2,
                2
            ]
        }
    },
    "credit": "Made with Blockbench"
}