{
    "textures": {
        "1": "blockmodels/mhp2/textures/cake_stand",
        "particle": "blockmodels/mhp2/textures/cake_stand"
    },
    "texture_size": [
        64,
        64
    ],
    "elements": [
        {
            "from": [
                4,
                0,
                4
            ],
            "to": [
                12,
                1,
                12
            ],
            "faces": {
                "east": {
                    "uv": [
                        6.5,
                        2.75,
                        8.5,
                        3
                    ],
                    "texture": "#1"
                },
                "south": {
                    "uv": [
                        6.5,
                        3,
                        8.5,
                        3.25
                    ],
                    "texture": "#1"
                },
                "north": {
                    "uv": [
                        6.5,
                        2.5,
                        8.5,
                        2.75
                    ],
                    "texture": "#1"
                },
                "west": {
                    "uv": [
                        6.5,
                        3.25,
                        8.5,
                        3.5
                    ],
                    "texture": "#1"
                },
                "up": {
                    "uv": [
                        4.5,
                        2,
                        2.5,
                        0
                    ],
                    "texture": "#1"
                },
                "down": {
                    "uv": [
                        4.5,
                        2,
                        2.5,
                        4
                    ],
                    "texture": "#1"
                }
            }
        },
        {
            "from": [
                3,
                4,
                3
            ],
            "to": [
                13,
                4,
                13
            ],
            "faces": {
                "east": {
                    "uv": [
                        0,
                        0,
                        2.5,
                        0
                    ],
                    "texture": "#1"
                },
                "south": {
                    "uv": [
                        0,
                        0,
                        2.5,
                        0
                    ],
                    "texture": "#1"
                },
                "north": {
                    "uv": [
                        0,
                        0,
                        2.5,
                        0
                    ],
                    "texture": "#1"
                },
                "west": {
                    "uv": [
                        0,
                        0,
                        2.5,
                        0
                    ],
                    "texture": "#1"
                },
                "up": {
                    "uv": [
                        2.5,
                        2.5,
                        0,
                        0
                    ],
                    "texture": "#1"
                },
                "down": {
                    "uv": [
                        2.5,
                        2.5,
                        0,
                        5
                    ],
                    "texture": "#1"
                }
            }
        },
        {
            "from": [
                3,
                4,
                3
            ],
            "to": [
                3,
                5,
                13
            ],
            "faces": {
                "east": {
                    "uv": [
                        6.5,
                        0.5,
                        9,
                        0.75
                    ],
                    "texture": "#1"
                },
                "south": {
                    "uv": [
                        0,
                        0,
                        0,
                        0.25
                    ],
                    "texture": "#1"
                },
                "north": {
                    "uv": [
                        0,
                        0,
                        0,
                        0.25
                    ],
                    "texture": "#1"
                },
                "west": {
                    "uv": [
                        6.5,
                        0.75,
                        9,
                        1
                    ],
                    "texture": "#1"
                },
                "up": {
                    "uv": [
                        0,
                        2.5,
                        0,
                        0
                    ],
                    "texture": "#1"
                },
                "down": {
                    "uv": [
                        0,
                        0,
                        0,
                        2.5
                    ],
                    "texture": "#1"
                }
            }
        },
        {
            "from": [
                13,
                4,
                3
            ],
            "to": [
                13,
                5,
                13
            ],
            "faces": {
                "east": {
                    "uv": [
                        6.5,
                        1,
                        9,
                        1.25
                    ],
                    "texture": "#1"
                },
                "south": {
                    "uv": [
                        0,
                        0,
                        0,
                        0.25
                    ],
                    "texture": "#1"
                },
                "north": {
                    "uv": [
                        0,
                        0,
                        0,
                        0.25
                    ],
                    "texture": "#1"
                },
                "west": {
                    "uv": [
                        6.5,
                        1.25,
                        9,
                        1.5
                    ],
                    "texture": "#1"
                },
                "up": {
                    "uv": [
                        0,
                        2.5,
                        0,
                        0
                    ],
                    "texture": "#1"
                },
                "down": {
                    "uv": [
                        0,
                        0,
                        0,
                        2.5
                    ],
                    "texture": "#1"
                }
            }
        },
        {
            "rotation": {
                "origin": [
                    8,
                    4.5,
                    8
                ],
                "angle": 0,
                "axis": "y"
            },
            "from": [
                3,
                4,
                13
            ],
            "to": [
                13,
                5,
                13
            ],
            "faces": {
                "east": {
                    "uv": [
                        0,
                        0,
                        0,
                        0.25
                    ],
                    "texture": "#1"
                },
                "south": {
                    "uv": [
                        6.5,
                        2.25,
                        9,
                        2.5
                    ],
                    "texture": "#1"
                },
                "north": {
                    "uv": [
                        6.5,
                        2,
                        9,
                        2.25
                    ],
                    "texture": "#1"
                },
                "west": {
                    "uv": [
                        0,
                        0,
                        0,
                        0.25
                    ],
                    "texture": "#1"
                },
                "up": {
                    "uv": [
                        2.5,
                        0,
                        0,
                        0
                    ],
                    "texture": "#1"
                },
                "down": {
                    "uv": [
                        2.5,
                        0,
                        0,
                        0
                    ],
                    "texture": "#1"
                }
            }
        },
        {
            "rotation": {
                "origin": [
                    8,
                    4.5,
                    8
                ],
                "angle": 0,
                "axis": "y"
            },
            "from": [
                3,
                4,
                3
            ],
            "to": [
                13,
                5,
                3
            ],
            "faces": {
                "east": {
                    "uv": [
                        0,
                        0,
                        0,
                        0.25
                    ],
                    "texture": "#1"
                },
                "south": {
                    "uv": [
                        6.5,
                        1.75,
                        9,
                        2
                    ],
                    "texture": "#1"
                },
                "north": {
                    "uv": [
                        6.5,
                        1.5,
                        9,
                        1.75
                    ],
                    "texture": "#1"
                },
                "west": {
                    "uv": [
                        0,
                        0,
                        0,
                        0.25
                    ],
                    "texture": "#1"
                },
                "up": {
                    "uv": [
                        2.5,
                        0,
                        0,
                        0
                    ],
                    "texture": "#1"
                },
                "down": {
                    "uv": [
                        2.5,
                        0,
                        0,
                        0
                    ],
                    "texture": "#1"
                }
            }
        },
        {
            "from": [
                7,
                1,
                7
            ],
            "to": [
                9,
                4,
                9
            ],
            "faces": {
                "east": {
                    "uv": [
                        6.5,
                        3.5,
                        7,
                        4.25
                    ],
                    "texture": "#1"
                },
                "south": {
                    "uv": [
                        6.5,
                        4.25,
                        7,
                        5
                    ],
                    "texture": "#1"
                },
                "north": {
                    "uv": [
                        2,
                        5,
                        2.5,
                        5.75
                    ],
                    "texture": "#1"
                },
                "west": {
                    "uv": [
                        6.5,
                        5,
                        7,
                        5.75
                    ],
                    "texture": "#1"
                },
                "up": {
                    "uv": [
                        6.5,
                        7,
                        6,
                        6.5
                    ],
                    "texture": "#1"
                },
                "down": {
                    "uv": [
                        7,
                        6.5,
                        6.5,
                        7
                    ],
                    "texture": "#1"
                }
            }
        },
        {
            "from": [
                4,
                4.1,
                4
            ],
            "to": [
                12,
                8.1,
                12
            ],
            "faces": {
                "east": {
                    "uv": [
                        0,
                        6,
                        2,
                        7
                    ],
                    "texture": "#1"
                },
                "south": {
                    "uv": [
                        2,
                        6,
                        4,
                        7
                    ],
                    "texture": "#1"
                },
                "north": {
                    "uv": [
                        0,
                        5,
                        2,
                        6
                    ],
                    "texture": "#1"
                },
                "west": {
                    "uv": [
                        4,
                        6,
                        6,
                        7
                    ],
                    "texture": "#1"
                },
                "up": {
                    "uv": [
                        4.5,
                        6,
                        2.5,
                        4
                    ],
                    "texture": "#1"
                },
                "down": {
                    "uv": [
                        6.5,
                        0,
                        4.5,
                        2
                    ],
                    "texture": "#1"
                }
            }
        },
        {
            "from": [
                3.8,
                6.3,
                3.8
            ],
            "to": [
                12.2,
                8.3,
                3.8
            ],
            "faces": {
                "east": {
                    "uv": [
                        0,
                        0,
                        0,
                        0.5
                    ],
                    "texture": "#1"
                },
                "south": {
                    "uv": [
                        6.5,
                        0,
                        8.5,
                        0.5
                    ],
                    "texture": "#1",
                    "tintindex": 0
                },
                "north": {
                    "uv": [
                        6,
                        6,
                        8,
                        6.5
                    ],
                    "texture": "#1",
                    "tintindex": 0
                },
                "west": {
                    "uv": [
                        0,
                        0,
                        0,
                        0.5
                    ],
                    "texture": "#1"
                },
                "up": {
                    "uv": [
                        2,
                        0,
                        0,
                        0
                    ],
                    "texture": "#1",
                    "tintindex": 0
                },
                "down": {
                    "uv": [
                        2,
                        0,
                        0,
                        0
                    ],
                    "texture": "#1",
                    "tintindex": 0
                }
            }
        },
        {
            "from": [
                3.8,
                6.3,
                12.2
            ],
            "to": [
                12.2,
                8.3,
                12.2
            ],
            "faces": {
                "east": {
                    "uv": [
                        0,
                        0,
                        0,
                        0.5
                    ],
                    "texture": "#1"
                },
                "south": {
                    "uv": [
                        6.5,
                        0,
                        8.5,
                        0.5
                    ],
                    "texture": "#1",
                    "tintindex": 0
                },
                "north": {
                    "uv": [
                        6,
                        6,
                        8,
                        6.5
                    ],
                    "texture": "#1",
                    "tintindex": 0
                },
                "west": {
                    "uv": [
                        0,
                        0,
                        0,
                        0.5
                    ],
                    "texture": "#1"
                },
                "up": {
                    "uv": [
                        2,
                        0,
                        0,
                        0
                    ],
                    "texture": "#1",
                    "tintindex": 0
                },
                "down": {
                    "uv": [
                        2,
                        0,
                        0,
                        0
                    ],
                    "texture": "#1",
                    "tintindex": 0
                }
            }
        },
        {
            "rotation": {
                "origin": [
                    8,
                    7.3,
                    8
                ],
                "angle": 0,
                "axis": "y"
            },
            "from": [
                3.8,
                6.3,
                3.8
            ],
            "to": [
                3.8,
                8.3,
                12.2
            ],
            "faces": {
                "east": {
                    "uv": [
                        6,
                        6,
                        8,
                        6.5
                    ],
                    "texture": "#1",
                    "tintindex": 0
                },
                "south": {
                    "uv": [
                        0,
                        0,
                        0,
                        0.5
                    ],
                    "texture": "#1"
                },
                "north": {
                    "uv": [
                        0,
                        0,
                        0,
                        0.5
                    ],
                    "texture": "#1"
                },
                "west": {
                    "uv": [
                        6.5,
                        0,
                        8.5,
                        0.5
                    ],
                    "texture": "#1",
                    "tintindex": 0
                },
                "up": {
                    "uv": [
                        2,
                        0,
                        0,
                        0
                    ],
                    "texture": "#1",
                    "rotation": 90,
                    "tintindex": 0
                },
                "down": {
                    "uv": [
                        2,
                        0,
                        0,
                        0
                    ],
                    "texture": "#1",
                    "rotation": 270,
                    "tintindex": 0
                }
            }
        },
        {
            "rotation": {
                "origin": [
                    8,
                    7.3,
                    8
                ],
                "angle": 0,
                "axis": "y"
            },
            "from": [
                12.2,
                6.3,
                3.8
            ],
            "to": [
                12.2,
                8.3,
                12.2
            ],
            "faces": {
                "east": {
                    "uv": [
                        6,
                        6,
                        8,
                        6.5
                    ],
                    "texture": "#1",
                    "tintindex": 0
                },
                "south": {
                    "uv": [
                        0,
                        0,
                        0,
                        0.5
                    ],
                    "texture": "#1"
                },
                "north": {
                    "uv": [
                        0,
                        0,
                        0,
                        0.5
                    ],
                    "texture": "#1"
                },
                "west": {
                    "uv": [
                        6.5,
                        0,
                        8.5,
                        0.5
                    ],
                    "texture": "#1",
                    "tintindex": 0
                },
                "up": {
                    "uv": [
                        2,
                        0,
                        0,
                        0
                    ],
                    "texture": "#1",
                    "rotation": 90,
                    "tintindex": 0
                },
                "down": {
                    "uv": [
                        2,
                        0,
                        0,
                        0
                    ],
                    "texture": "#1",
                    "rotation": 270,
                    "tintindex": 0
                }
            }
        },
        {
            "from": [
                3.8,
                8.3,
                3.8
            ],
            "to": [
                12.2,
                8.3,
                12.2
            ],
            "faces": {
                "east": {
                    "uv": [
                        0,
                        0,
                        2,
                        0
                    ],
                    "texture": "#1"
                },
                "south": {
                    "uv": [
                        0,
                        0,
                        2,
                        0
                    ],
                    "texture": "#1",
                    "tintindex": 0
                },
                "north": {
                    "uv": [
                        0,
                        0,
                        2,
                        0
                    ],
                    "texture": "#1",
                    "tintindex": 0
                },
                "west": {
                    "uv": [
                        0,
                        0,
                        2,
                        0
                    ],
                    "texture": "#1"
                },
                "up": {
                    "uv": [
                        6.5,
                        4,
                        4.5,
                        2
                    ],
                    "texture": "#1",
                    "tintindex": 0
                },
                "down": {
                    "uv": [
                        6.5,
                        4,
                        4.5,
                        6
                    ],
                    "texture": "#1",
                    "tintindex": 0
                }
            }
        }
    ],
    "display": {
        "firstperson_righthand": {
            "rotation": [
                0,
                45,
                0
            ],
            "scale": [
                0.4,
                0.4,
                0.4
            ]
        },
        "thirdperson_lefthand": {
            "rotation": [
                75,
                45,
                0
            ],
            "translation": [
                0,
                2.5,
                0
            ],
            "scale": [
                0.375,
                0.375,
                0.375
            ]
        },
        "firstperson_lefthand": {
            "rotation": [
                0,
                225,
                0
            ],
            "scale": [
                0.4,
                0.4,
                0.4
            ]
        },
        "thirdperson_righthand": {
            "translation": [
                -8.2,
                -5,
                -2.7
            ],
            "scale": [
                1,
                1,
                1
            ],
            "rotation": [
                75,
                0,
                -10
            ]
        },
        "ground": {
            "translation": [
                0,
                3,
                0
            ],
            "scale": [
                0.25,
                0.25,
                0.25
            ]
        },
        "gui": {
            "rotation": [
                30,
                225,
                0
            ],
            "translation": [
                0,
                1.75,
                0
            ],
            "scale": [
                0.625,
                0.625,
                0.625
            ]
        },
        "fixed": {
            "rotation": [
                -90,
                0,
                0
            ],
            "translation": [
                0,
                0,
                -16
            ],
            "scale": [
                2,
                2,
                2
            ]
        }
    },
    "credit": "Made with Blockbench"
}