{
    "textures": {"3": "blockmodels/dungeon/textures/candle_holder_wall"},
    "texture_size": [
        32,
        32
    ],
    "elements": [
        {
            "rotation": {
                "origin": [
                    -1,
                    0,
                    0
                ],
                "angle": 0,
                "axis": "y"
            },
            "from": [
                2,
                7,
                10
            ],
            "to": [
                4,
                10,
                12
            ],
            "faces": {
                "east": {
                    "uv": [
                        0,
                        8.5,
                        1,
                        10
                    ],
                    "texture": "#3",
                    "tintindex": 0
                },
                "south": {
                    "uv": [
                        1,
                        8.5,
                        2,
                        10
                    ],
                    "texture": "#3",
                    "tintindex": 0
                },
                "north": {
                    "uv": [
                        6.5,
                        8,
                        7.5,
                        9.5
                    ],
                    "texture": "#3"
                },
                "west": {
                    "uv": [
                        2,
                        8.5,
                        3,
                        10
                    ],
                    "texture": "#3"
                },
                "up": {
                    "uv": [
                        4,
                        10,
                        3,
                        9
                    ],
                    "texture": "#3"
                },
                "down": {
                    "uv": [
                        10,
                        3,
                        9,
                        4
                    ],
                    "texture": "#3"
                }
            }
        },
        {
            "rotation": {
                "origin": [
                    13,
                    23,
                    10
                ],
                "angle": 0,
                "axis": "y"
            },
            "from": [
                3,
                10,
                10.5
            ],
            "to": [
                3,
                11,
                11.5
            ],
            "faces": {
                "east": {
                    "uv": [
                        7.5,
                        9,
                        8,
                        9.5
                    ],
                    "texture": "#3"
                },
                "south": {
                    "uv": [
                        0,
                        0,
                        0,
                        0.5
                    ],
                    "texture": "#3"
                },
                "north": {
                    "uv": [
                        0,
                        0,
                        0,
                        0.5
                    ],
                    "texture": "#3"
                },
                "west": {
                    "uv": [
                        8.5,
                        9.5,
                        9,
                        10
                    ],
                    "texture": "#3"
                },
                "up": {
                    "uv": [
                        0,
                        0.5,
                        0,
                        0
                    ],
                    "texture": "#3"
                },
                "down": {
                    "uv": [
                        0,
                        0,
                        0,
                        0.5
                    ],
                    "texture": "#3"
                }
            }
        },
        {
            "rotation": {
                "origin": [
                    13,
                    23,
                    10
                ],
                "angle": 0,
                "axis": "y"
            },
            "from": [
                13,
                10,
                10.5
            ],
            "to": [
                13,
                11,
                11.5
            ],
            "faces": {
                "east": {
                    "uv": [
                        7.5,
                        9,
                        8,
                        9.5
                    ],
                    "texture": "#3"
                },
                "south": {
                    "uv": [
                        0,
                        0,
                        0,
                        0.5
                    ],
                    "texture": "#3"
                },
                "north": {
                    "uv": [
                        0,
                        0,
                        0,
                        0.5
                    ],
                    "texture": "#3"
                },
                "west": {
                    "uv": [
                        8.5,
                        9.5,
                        9,
                        10
                    ],
                    "texture": "#3"
                },
                "up": {
                    "uv": [
                        0,
                        0.5,
                        0,
                        0
                    ],
                    "texture": "#3"
                },
                "down": {
                    "uv": [
                        0,
                        0,
                        0,
                        0.5
                    ],
                    "texture": "#3"
                }
            }
        },
        {
            "rotation": {
                "origin": [
                    12,
                    23,
                    10
                ],
                "angle": 0,
                "axis": "y"
            },
            "from": [
                2.5,
                10,
                11
            ],
            "to": [
                3.5,
                11,
                11
            ],
            "faces": {
                "east": {
                    "uv": [
                        0,
                        0,
                        0,
                        0.5
                    ],
                    "texture": "#3"
                },
                "south": {
                    "uv": [
                        7.5,
                        8.5,
                        8,
                        9
                    ],
                    "texture": "#3"
                },
                "north": {
                    "uv": [
                        7.5,
                        8,
                        8,
                        8.5
                    ],
                    "texture": "#3"
                },
                "west": {
                    "uv": [
                        0,
                        0,
                        0,
                        0.5
                    ],
                    "texture": "#3"
                },
                "up": {
                    "uv": [
                        0.5,
                        0,
                        0,
                        0
                    ],
                    "texture": "#3"
                },
                "down": {
                    "uv": [
                        0.5,
                        0,
                        0,
                        0
                    ],
                    "texture": "#3"
                }
            }
        },
        {
            "rotation": {
                "origin": [
                    -1,
                    0,
                    0
                ],
                "angle": 0,
                "axis": "y"
            },
            "from": [
                1,
                6,
                9
            ],
            "to": [
                5,
                7,
                13
            ],
            "faces": {
                "east": {
                    "uv": [
                        9,
                        4,
                        11,
                        4.5
                    ],
                    "texture": "#3"
                },
                "south": {
                    "uv": [
                        9,
                        4.5,
                        11,
                        5
                    ],
                    "texture": "#3"
                },
                "north": {
                    "uv": [
                        4,
                        9,
                        6,
                        9.5
                    ],
                    "texture": "#3"
                },
                "west": {
                    "uv": [
                        9,
                        5,
                        11,
                        5.5
                    ],
                    "texture": "#3"
                },
                "up": {
                    "uv": [
                        8,
                        8,
                        6,
                        6
                    ],
                    "texture": "#3"
                },
                "down": {
                    "uv": [
                        2,
                        6.5,
                        0,
                        8.5
                    ],
                    "texture": "#3"
                }
            }
        },
        {
            "from": [
                5,
                0,
                15
            ],
            "to": [
                11,
                7,
                16
            ],
            "faces": {
                "east": {
                    "uv": [
                        6,
                        8,
                        6.5,
                        11.5
                    ],
                    "texture": "#3"
                },
                "south": {
                    "uv": [
                        3,
                        0,
                        6,
                        3.5
                    ],
                    "texture": "#3"
                },
                "north": {
                    "uv": [
                        0,
                        0,
                        3,
                        3.5
                    ],
                    "texture": "#3"
                },
                "west": {
                    "uv": [
                        8,
                        6,
                        8.5,
                        9.5
                    ],
                    "texture": "#3"
                },
                "up": {
                    "uv": [
                        6,
                        9,
                        3,
                        8.5
                    ],
                    "texture": "#3"
                },
                "down": {
                    "uv": [
                        11.5,
                        6,
                        8.5,
                        6.5
                    ],
                    "texture": "#3"
                }
            }
        },
        {
            "rotation": {
                "origin": [
                    7,
                    3,
                    15
                ],
                "angle": 45,
                "axis": "y"
            },
            "from": [
                7,
                0,
                9
            ],
            "to": [
                7,
                6,
                15
            ],
            "faces": {
                "east": {
                    "uv": [
                        0,
                        3.5,
                        3,
                        6.5
                    ],
                    "texture": "#3"
                },
                "south": {
                    "uv": [
                        0,
                        0,
                        0,
                        3
                    ],
                    "texture": "#3"
                },
                "north": {
                    "uv": [
                        0,
                        0,
                        0,
                        3
                    ],
                    "texture": "#3"
                },
                "west": {
                    "uv": [
                        3,
                        3.5,
                        6,
                        6.5
                    ],
                    "texture": "#3"
                },
                "up": {
                    "uv": [
                        0,
                        3,
                        0,
                        0
                    ],
                    "texture": "#3"
                },
                "down": {
                    "uv": [
                        0,
                        0,
                        0,
                        3
                    ],
                    "texture": "#3"
                }
            }
        },
        {
            "rotation": {
                "origin": [
                    17,
                    0,
                    0
                ],
                "angle": 0,
                "axis": "y"
            },
            "from": [
                12,
                7,
                10
            ],
            "to": [
                14,
                10,
                12
            ],
            "faces": {
                "east": {
                    "uv": [
                        8.5,
                        8,
                        9.5,
                        9.5
                    ],
                    "texture": "#3"
                },
                "south": {
                    "uv": [
                        9,
                        0,
                        10,
                        1.5
                    ],
                    "texture": "#3",
                    "tintindex": 0
                },
                "north": {
                    "uv": [
                        8.5,
                        6.5,
                        9.5,
                        8
                    ],
                    "texture": "#3"
                },
                "west": {
                    "uv": [
                        9,
                        1.5,
                        10,
                        3
                    ],
                    "texture": "#3",
                    "tintindex": 0
                },
                "up": {
                    "uv": [
                        10.5,
                        8,
                        9.5,
                        7
                    ],
                    "texture": "#3"
                },
                "down": {
                    "uv": [
                        10.5,
                        8,
                        9.5,
                        9
                    ],
                    "texture": "#3"
                }
            }
        },
        {
            "rotation": {
                "origin": [
                    4,
                    23,
                    10
                ],
                "angle": 0,
                "axis": "y"
            },
            "from": [
                12.5,
                10,
                11
            ],
            "to": [
                13.5,
                11,
                11
            ],
            "faces": {
                "east": {
                    "uv": [
                        0,
                        0,
                        0,
                        0.5
                    ],
                    "texture": "#3"
                },
                "south": {
                    "uv": [
                        9.5,
                        9,
                        10,
                        9.5
                    ],
                    "texture": "#3"
                },
                "north": {
                    "uv": [
                        9,
                        9.5,
                        9.5,
                        10
                    ],
                    "texture": "#3"
                },
                "west": {
                    "uv": [
                        0,
                        0,
                        0,
                        0.5
                    ],
                    "texture": "#3"
                },
                "up": {
                    "uv": [
                        0.5,
                        0,
                        0,
                        0
                    ],
                    "texture": "#3"
                },
                "down": {
                    "uv": [
                        0.5,
                        0,
                        0,
                        0
                    ],
                    "texture": "#3"
                }
            }
        },
        {
            "rotation": {
                "origin": [
                    17,
                    0,
                    0
                ],
                "angle": 0,
                "axis": "y"
            },
            "from": [
                11,
                6,
                9
            ],
            "to": [
                15,
                7,
                13
            ],
            "faces": {
                "east": {
                    "uv": [
                        4,
                        9.5,
                        6,
                        10
                    ],
                    "texture": "#3"
                },
                "south": {
                    "uv": [
                        6.5,
                        9.5,
                        8.5,
                        10
                    ],
                    "texture": "#3"
                },
                "north": {
                    "uv": [
                        9,
                        5.5,
                        11,
                        6
                    ],
                    "texture": "#3"
                },
                "west": {
                    "uv": [
                        9.5,
                        6.5,
                        11.5,
                        7
                    ],
                    "texture": "#3"
                },
                "up": {
                    "uv": [
                        4,
                        8.5,
                        2,
                        6.5
                    ],
                    "texture": "#3"
                },
                "down": {
                    "uv": [
                        6,
                        6.5,
                        4,
                        8.5
                    ],
                    "texture": "#3"
                }
            }
        },
        {
            "rotation": {
                "origin": [
                    9,
                    3,
                    15
                ],
                "angle": -45,
                "axis": "y"
            },
            "from": [
                9,
                0,
                9
            ],
            "to": [
                9,
                6,
                15
            ],
            "faces": {
                "east": {
                    "uv": [
                        6,
                        0,
                        9,
                        3
                    ],
                    "texture": "#3"
                },
                "south": {
                    "uv": [
                        0,
                        0,
                        0,
                        3
                    ],
                    "texture": "#3"
                },
                "north": {
                    "uv": [
                        0,
                        0,
                        0,
                        3
                    ],
                    "texture": "#3"
                },
                "west": {
                    "uv": [
                        6,
                        3,
                        9,
                        6
                    ],
                    "texture": "#3"
                },
                "up": {
                    "uv": [
                        0,
                        3,
                        0,
                        0
                    ],
                    "texture": "#3"
                },
                "down": {
                    "uv": [
                        0,
                        0,
                        0,
                        3
                    ],
                    "texture": "#3"
                }
            }
        }
    ],
    "display": {
        "head": {
            "translation": [
                0,
                -10.5,
                3.5
            ],
            "scale": [
                1.61,
                1.61,
                1.61
            ]
        },
        "firstperson_righthand": {
            "rotation": [
                0,
                45,
                0
            ],
            "scale": [
                0.4,
                0.4,
                0.4
            ]
        },
        "thirdperson_lefthand": {
            "rotation": [
                75,
                45,
                0
            ],
            "translation": [
                0,
                2.5,
                0
            ],
            "scale": [
                0.375,
                0.375,
                0.375
            ]
        },
        "firstperson_lefthand": {
            "rotation": [
                0,
                225,
                0
            ],
            "scale": [
                0.4,
                0.4,
                0.4
            ]
        },
        "thirdperson_righthand": {
            "translation": [
                -8.2,
                -5,
                -2.7
            ],
            "scale": [
                1,
                1,
                1
            ],
            "rotation": [
                75,
                0,
                -10
            ]
        },
        "ground": {
            "translation": [
                0,
                3,
                0
            ],
            "scale": [
                0.25,
                0.25,
                0.25
            ]
        },
        "gui": {
            "rotation": [
                30,
                225,
                0
            ],
            "translation": [
                2.75,
                0.75,
                0
            ]
        },
        "fixed": {
            "translation": [
                0,
                0,
                -16
            ],
            "scale": [
                2,
                2,
                2
            ]
        }
    },
    "credit": "Made with Blockbench"
}