{
    "textures": {
        "2": "blockmodels/mhp2/textures/cauldron",
        "particle": "blockmodels/mhp2/textures/cauldron"
    },
    "texture_size": [
        32,
        32
    ],
    "elements": [
        {
            "rotation": {
                "origin": [
                    8,
                    8.25,
                    8
                ],
                "angle": 22.5,
                "axis": "x"
            },
            "from": [
                2.3,
                7.75,
                14.75
            ],
            "to": [
                13.7,
                8.75,
                14.75
            ],
            "faces": {
                "east": {
                    "uv": [
                        0,
                        0,
                        0.5,
                        0
                    ],
                    "texture": "#2",
                    "rotation": 90
                },
                "south": {
                    "uv": [
                        5.5,
                        11,
                        0,
                        11.5
                    ],
                    "texture": "#2"
                },
                "north": {
                    "uv": [
                        16,
                        11,
                        10.5,
                        10.5
                    ],
                    "texture": "#2",
                    "rotation": 180
                },
                "west": {
                    "uv": [
                        0,
                        0,
                        0.5,
                        0
                    ],
                    "texture": "#2",
                    "rotation": 270
                },
                "up": {
                    "uv": [
                        0,
                        0,
                        5.5,
                        0
                    ],
                    "texture": "#2"
                },
                "down": {
                    "uv": [
                        0,
                        0,
                        5.5,
                        0
                    ],
                    "texture": "#2",
                    "rotation": 180
                }
            }
        },
        {
            "rotation": {
                "origin": [
                    8,
                    8.25,
                    8
                ],
                "angle": 22.5,
                "axis": "x"
            },
            "from": [
                13.7,
                7.75,
                7.75
            ],
            "to": [
                13.7,
                8.75,
                14.75
            ],
            "faces": {
                "east": {
                    "uv": [
                        11.5,
                        12,
                        12,
                        15.5
                    ],
                    "texture": "#2",
                    "rotation": 90
                },
                "south": {
                    "uv": [
                        0,
                        0,
                        0,
                        0.5
                    ],
                    "texture": "#2"
                },
                "north": {
                    "uv": [
                        0,
                        0.5,
                        0,
                        0
                    ],
                    "texture": "#2",
                    "rotation": 180
                },
                "west": {
                    "uv": [
                        12,
                        12,
                        12.5,
                        15.5
                    ],
                    "texture": "#2",
                    "rotation": 270
                },
                "up": {
                    "uv": [
                        0,
                        0,
                        0,
                        3.5
                    ],
                    "texture": "#2"
                },
                "down": {
                    "uv": [
                        0,
                        0,
                        0,
                        3.5
                    ],
                    "texture": "#2",
                    "rotation": 180
                }
            }
        },
        {
            "rotation": {
                "origin": [
                    8,
                    8.25,
                    8
                ],
                "angle": 22.5,
                "axis": "x"
            },
            "from": [
                2.3,
                7.75,
                7.75
            ],
            "to": [
                2.3,
                8.75,
                14.75
            ],
            "faces": {
                "east": {
                    "uv": [
                        10.5,
                        12,
                        11,
                        15.5
                    ],
                    "texture": "#2",
                    "rotation": 90
                },
                "south": {
                    "uv": [
                        0,
                        0,
                        0,
                        0.5
                    ],
                    "texture": "#2"
                },
                "north": {
                    "uv": [
                        0,
                        0.5,
                        0,
                        0
                    ],
                    "texture": "#2",
                    "rotation": 180
                },
                "west": {
                    "uv": [
                        11,
                        12,
                        11.5,
                        15.5
                    ],
                    "texture": "#2",
                    "rotation": 270
                },
                "up": {
                    "uv": [
                        0,
                        0,
                        0,
                        3.5
                    ],
                    "texture": "#2"
                },
                "down": {
                    "uv": [
                        0,
                        0,
                        0,
                        3.5
                    ],
                    "texture": "#2",
                    "rotation": 180
                }
            }
        },
        {
            "rotation": {
                "origin": [
                    8,
                    0.75,
                    8
                ],
                "angle": 0,
                "axis": "y"
            },
            "from": [
                2.5,
                8,
                2.5
            ],
            "to": [
                13.5,
                9,
                13.5
            ],
            "faces": {
                "east": {
                    "uv": [
                        0,
                        11.5,
                        5.5,
                        12
                    ],
                    "texture": "#2",
                    "rotation": 180
                },
                "south": {
                    "uv": [
                        10.5,
                        11,
                        16,
                        11.5
                    ],
                    "texture": "#2",
                    "rotation": 180
                },
                "north": {
                    "uv": [
                        10.5,
                        11.5,
                        16,
                        12
                    ],
                    "texture": "#2",
                    "rotation": 180
                },
                "west": {
                    "uv": [
                        0,
                        12,
                        5.5,
                        12.5
                    ],
                    "texture": "#2",
                    "rotation": 180
                },
                "up": {
                    "uv": [
                        5.5,
                        5.5,
                        0,
                        11
                    ],
                    "texture": "#2"
                },
                "down": {
                    "uv": [
                        5.5,
                        5.5,
                        0,
                        0
                    ],
                    "texture": "#2"
                }
            }
        },
        {
            "rotation": {
                "origin": [
                    8,
                    0.75,
                    8
                ],
                "angle": 0,
                "axis": "y"
            },
            "from": [
                3,
                1,
                3
            ],
            "to": [
                13,
                8,
                13
            ],
            "faces": {
                "east": {
                    "uv": [
                        10.5,
                        0,
                        15.5,
                        3.5
                    ],
                    "texture": "#2",
                    "rotation": 180
                },
                "south": {
                    "uv": [
                        5.5,
                        10,
                        10.5,
                        13.5
                    ],
                    "texture": "#2",
                    "rotation": 180
                },
                "north": {
                    "uv": [
                        10.5,
                        3.5,
                        15.5,
                        7
                    ],
                    "texture": "#2",
                    "rotation": 180
                },
                "west": {
                    "uv": [
                        10.5,
                        7,
                        15.5,
                        10.5
                    ],
                    "texture": "#2",
                    "rotation": 180
                },
                "up": {
                    "uv": [
                        10.5,
                        5,
                        5.5,
                        10
                    ],
                    "texture": "#2"
                },
                "down": {
                    "uv": [
                        10.5,
                        5,
                        5.5,
                        0
                    ],
                    "texture": "#2"
                }
            }
        },
        {
            "rotation": {
                "origin": [
                    8,
                    0.75,
                    8
                ],
                "angle": 0,
                "axis": "y"
            },
            "from": [
                9.5,
                0,
                9.5
            ],
            "to": [
                11.5,
                1,
                11.5
            ],
            "faces": {
                "east": {
                    "uv": [
                        2,
                        13.5,
                        3,
                        14
                    ],
                    "texture": "#2",
                    "rotation": 180
                },
                "south": {
                    "uv": [
                        1,
                        13.5,
                        2,
                        14
                    ],
                    "texture": "#2",
                    "rotation": 180
                },
                "north": {
                    "uv": [
                        3,
                        13.5,
                        4,
                        14
                    ],
                    "texture": "#2",
                    "rotation": 180
                },
                "west": {
                    "uv": [
                        4,
                        13.5,
                        5,
                        14
                    ],
                    "texture": "#2",
                    "rotation": 180
                },
                "up": {
                    "uv": [
                        2,
                        12.5,
                        1,
                        13.5
                    ],
                    "texture": "#2"
                },
                "down": {
                    "uv": [
                        1,
                        13.5,
                        0,
                        12.5
                    ],
                    "texture": "#2"
                }
            }
        },
        {
            "rotation": {
                "origin": [
                    8,
                    0.75,
                    8
                ],
                "angle": 0,
                "axis": "y"
            },
            "from": [
                9.5,
                0,
                4.5
            ],
            "to": [
                11.5,
                1,
                6.5
            ],
            "faces": {
                "east": {
                    "uv": [
                        6,
                        13.5,
                        7,
                        14
                    ],
                    "texture": "#2",
                    "rotation": 180
                },
                "south": {
                    "uv": [
                        5,
                        13.5,
                        6,
                        14
                    ],
                    "texture": "#2",
                    "rotation": 180
                },
                "north": {
                    "uv": [
                        7,
                        13.5,
                        8,
                        14
                    ],
                    "texture": "#2",
                    "rotation": 180
                },
                "west": {
                    "uv": [
                        8,
                        13.5,
                        9,
                        14
                    ],
                    "texture": "#2",
                    "rotation": 180
                },
                "up": {
                    "uv": [
                        4,
                        12.5,
                        3,
                        13.5
                    ],
                    "texture": "#2"
                },
                "down": {
                    "uv": [
                        3,
                        13.5,
                        2,
                        12.5
                    ],
                    "texture": "#2"
                }
            }
        },
        {
            "rotation": {
                "origin": [
                    8,
                    0.75,
                    8
                ],
                "angle": 0,
                "axis": "y"
            },
            "from": [
                4.5,
                0,
                4.5
            ],
            "to": [
                6.5,
                1,
                6.5
            ],
            "faces": {
                "east": {
                    "uv": [
                        1,
                        14,
                        2,
                        14.5
                    ],
                    "texture": "#2",
                    "rotation": 180
                },
                "south": {
                    "uv": [
                        13.5,
                        13.5,
                        14.5,
                        14
                    ],
                    "texture": "#2",
                    "rotation": 180
                },
                "north": {
                    "uv": [
                        2,
                        14,
                        3,
                        14.5
                    ],
                    "texture": "#2",
                    "rotation": 180
                },
                "west": {
                    "uv": [
                        3,
                        14,
                        4,
                        14.5
                    ],
                    "texture": "#2",
                    "rotation": 180
                },
                "up": {
                    "uv": [
                        1,
                        13.5,
                        0,
                        14.5
                    ],
                    "texture": "#2"
                },
                "down": {
                    "uv": [
                        13.5,
                        14,
                        12.5,
                        13
                    ],
                    "texture": "#2"
                }
            }
        },
        {
            "rotation": {
                "origin": [
                    8,
                    0.75,
                    8
                ],
                "angle": 0,
                "axis": "y"
            },
            "from": [
                4.5,
                0,
                9.5
            ],
            "to": [
                6.5,
                1,
                11.5
            ],
            "faces": {
                "east": {
                    "uv": [
                        13.5,
                        12,
                        14.5,
                        12.5
                    ],
                    "texture": "#2",
                    "rotation": 180
                },
                "south": {
                    "uv": [
                        9,
                        13.5,
                        10,
                        14
                    ],
                    "texture": "#2",
                    "rotation": 180
                },
                "north": {
                    "uv": [
                        13.5,
                        12.5,
                        14.5,
                        13
                    ],
                    "texture": "#2",
                    "rotation": 180
                },
                "west": {
                    "uv": [
                        13.5,
                        13,
                        14.5,
                        13.5
                    ],
                    "texture": "#2",
                    "rotation": 180
                },
                "up": {
                    "uv": [
                        13.5,
                        12,
                        12.5,
                        13
                    ],
                    "texture": "#2"
                },
                "down": {
                    "uv": [
                        5,
                        13.5,
                        4,
                        12.5
                    ],
                    "texture": "#2"
                }
            }
        }
    ],
    "display": {
        "head": {
            "rotation": [
                15,
                0,
                0
            ],
            "translation": [
                0,
                15.75,
                3
            ],
            "scale": [
                1.6,
                1.6,
                1.6
            ]
        },
        "thirdperson_lefthand": {
            "translation": [
                0,
                3,
                1
            ],
            "scale": [
                0.55,
                0.55,
                0.55
            ]
        },
        "thirdperson_righthand": {
            "translation": [
                -8.2,
                -5,
                -2.7
            ],
            "scale": [
                1,
                1,
                1
            ],
            "rotation": [
                75,
                0,
                -10
            ]
        },
        "ground": {
            "translation": [
                0,
                2,
                0
            ],
            "scale": [
                0.5,
                0.5,
                0.5
            ]
        },
        "gui": {
            "rotation": [
                30,
                225,
                0
            ],
            "translation": [
                0,
                1,
                0
            ],
            "scale": [
                0.625,
                0.625,
                0.625
            ]
        },
        "fixed": {
            "rotation": [
                -89,
                0,
                0
            ],
            "translation": [
                0,
                0,
                -16
            ],
            "scale": [
                2,
                2,
                2
            ]
        }
    },
    "credit": "Made with Blockbench"
}