{
    "textures": {"2": "blockmodels/dungeon2/textures/cell_door_closed"},
    "texture_size": [
        128,
        128
    ],
    "elements": [
        {
            "rotation": {
                "origin": [
                    0,
                    16,
                    0
                ],
                "angle": 0,
                "axis": "y"
            },
            "from": [
                0,
                27,
                6
            ],
            "to": [
                16,
                30,
                10
            ],
            "faces": {
                "east": {
                    "uv": [
                        4.5,
                        2.5,
                        5,
                        2.875
                    ],
                    "texture": "#2"
                },
                "south": {
                    "uv": [
                        2,
                        2.875,
                        4,
                        3.25
                    ],
                    "texture": "#2"
                },
                "north": {
                    "uv": [
                        2,
                        2.5,
                        4,
                        2.875
                    ],
                    "texture": "#2"
                },
                "west": {
                    "uv": [
                        4.5,
                        2.875,
                        5,
                        3.25
                    ],
                    "texture": "#2"
                },
                "up": {
                    "uv": [
                        4,
                        2,
                        2,
                        1.5
                    ],
                    "texture": "#2"
                },
                "down": {
                    "uv": [
                        4,
                        2,
                        2,
                        2.5
                    ],
                    "texture": "#2"
                }
            }
        },
        {
            "rotation": {
                "origin": [
                    0,
                    16,
                    0
                ],
                "angle": 0,
                "axis": "y"
            },
            "from": [
                0,
                30,
                5
            ],
            "to": [
                16,
                32,
                11
            ],
            "faces": {
                "east": {
                    "uv": [
                        4.5,
                        2,
                        5.25,
                        2.25
                    ],
                    "texture": "#2"
                },
                "south": {
                    "uv": [
                        4.5,
                        0.25,
                        6.5,
                        0.5
                    ],
                    "texture": "#2"
                },
                "north": {
                    "uv": [
                        4.5,
                        0,
                        6.5,
                        0.25
                    ],
                    "texture": "#2"
                },
                "west": {
                    "uv": [
                        4.5,
                        2.25,
                        5.25,
                        2.5
                    ],
                    "texture": "#2"
                },
                "up": {
                    "uv": [
                        4,
                        0.75,
                        2,
                        0
                    ],
                    "texture": "#2"
                },
                "down": {
                    "uv": [
                        4,
                        0.75,
                        2,
                        1.5
                    ],
                    "texture": "#2"
                }
            }
        },
        {
            "rotation": {
                "origin": [
                    14,
                    0,
                    0
                ],
                "angle": 0,
                "axis": "y"
            },
            "from": [
                1.5,
                -16,
                7.5
            ],
            "to": [
                2.5,
                27,
                8.5
            ],
            "faces": {
                "east": {
                    "uv": [
                        3.625,
                        3.25,
                        3.75,
                        8.625
                    ],
                    "texture": "#2"
                },
                "south": {
                    "uv": [
                        3.75,
                        3.25,
                        3.875,
                        8.625
                    ],
                    "texture": "#2"
                },
                "north": {
                    "uv": [
                        3.5,
                        3.25,
                        3.625,
                        8.625
                    ],
                    "texture": "#2"
                },
                "west": {
                    "uv": [
                        3.875,
                        3.25,
                        4,
                        8.625
                    ],
                    "texture": "#2"
                },
                "up": {
                    "uv": [
                        1.375,
                        5.25,
                        1.25,
                        5.125
                    ],
                    "texture": "#2"
                },
                "down": {
                    "uv": [
                        1.5,
                        5.125,
                        1.375,
                        5.25
                    ],
                    "texture": "#2"
                }
            }
        },
        {
            "rotation": {
                "origin": [
                    14,
                    0,
                    0
                ],
                "angle": 0,
                "axis": "y"
            },
            "from": [
                5.5,
                -16,
                7.5
            ],
            "to": [
                6.5,
                27,
                8.5
            ],
            "faces": {
                "east": {
                    "uv": [
                        3.125,
                        3.25,
                        3.25,
                        8.625
                    ],
                    "texture": "#2"
                },
                "south": {
                    "uv": [
                        3.25,
                        3.25,
                        3.375,
                        8.625
                    ],
                    "texture": "#2"
                },
                "north": {
                    "uv": [
                        3,
                        3.25,
                        3.125,
                        8.625
                    ],
                    "texture": "#2"
                },
                "west": {
                    "uv": [
                        3.375,
                        3.25,
                        3.5,
                        8.625
                    ],
                    "texture": "#2"
                },
                "up": {
                    "uv": [
                        1.125,
                        5.25,
                        1,
                        5.125
                    ],
                    "texture": "#2"
                },
                "down": {
                    "uv": [
                        1.25,
                        5.125,
                        1.125,
                        5.25
                    ],
                    "texture": "#2"
                }
            }
        },
        {
            "rotation": {
                "origin": [
                    14,
                    0,
                    0
                ],
                "angle": 0,
                "axis": "y"
            },
            "from": [
                9.5,
                -16,
                7.5
            ],
            "to": [
                10.5,
                27,
                8.5
            ],
            "faces": {
                "east": {
                    "uv": [
                        2.625,
                        3.25,
                        2.75,
                        8.625
                    ],
                    "texture": "#2"
                },
                "south": {
                    "uv": [
                        2.75,
                        3.25,
                        2.875,
                        8.625
                    ],
                    "texture": "#2"
                },
                "north": {
                    "uv": [
                        2.5,
                        3.25,
                        2.625,
                        8.625
                    ],
                    "texture": "#2"
                },
                "west": {
                    "uv": [
                        2.875,
                        3.25,
                        3,
                        8.625
                    ],
                    "texture": "#2"
                },
                "up": {
                    "uv": [
                        0.875,
                        5.25,
                        0.75,
                        5.125
                    ],
                    "texture": "#2"
                },
                "down": {
                    "uv": [
                        1,
                        5.125,
                        0.875,
                        5.25
                    ],
                    "texture": "#2"
                }
            }
        },
        {
            "rotation": {
                "origin": [
                    14,
                    0,
                    0
                ],
                "angle": 0,
                "axis": "y"
            },
            "from": [
                13.5,
                -16,
                7.5
            ],
            "to": [
                14.5,
                27,
                8.5
            ],
            "faces": {
                "east": {
                    "uv": [
                        2.125,
                        3.25,
                        2.25,
                        8.625
                    ],
                    "texture": "#2"
                },
                "south": {
                    "uv": [
                        2.25,
                        3.25,
                        2.375,
                        8.625
                    ],
                    "texture": "#2"
                },
                "north": {
                    "uv": [
                        2,
                        3.25,
                        2.125,
                        8.625
                    ],
                    "texture": "#2"
                },
                "west": {
                    "uv": [
                        2.375,
                        3.25,
                        2.5,
                        8.625
                    ],
                    "texture": "#2"
                },
                "up": {
                    "uv": [
                        0.625,
                        5.25,
                        0.5,
                        5.125
                    ],
                    "texture": "#2"
                },
                "down": {
                    "uv": [
                        0.75,
                        5.125,
                        0.625,
                        5.25
                    ],
                    "texture": "#2"
                }
            }
        },
        {
            "rotation": {
                "origin": [
                    2,
                    0,
                    0
                ],
                "angle": 0,
                "axis": "y"
            },
            "from": [
                0,
                -7,
                8
            ],
            "to": [
                16,
                -6,
                8
            ],
            "faces": {
                "east": {
                    "uv": [
                        0,
                        0,
                        0,
                        0.125
                    ],
                    "texture": "#2"
                },
                "south": {
                    "uv": [
                        4.5,
                        1.375,
                        6.5,
                        1.5
                    ],
                    "texture": "#2"
                },
                "north": {
                    "uv": [
                        4.5,
                        1.25,
                        6.5,
                        1.375
                    ],
                    "texture": "#2"
                },
                "west": {
                    "uv": [
                        0,
                        0,
                        0,
                        0.125
                    ],
                    "texture": "#2"
                },
                "up": {
                    "uv": [
                        2,
                        0,
                        0,
                        0
                    ],
                    "texture": "#2"
                },
                "down": {
                    "uv": [
                        2,
                        0,
                        0,
                        0
                    ],
                    "texture": "#2"
                }
            }
        },
        {
            "rotation": {
                "origin": [
                    2,
                    0,
                    0
                ],
                "angle": 0,
                "axis": "y"
            },
            "from": [
                0,
                2,
                8
            ],
            "to": [
                16,
                3,
                8
            ],
            "faces": {
                "east": {
                    "uv": [
                        0,
                        0,
                        0,
                        0.125
                    ],
                    "texture": "#2"
                },
                "south": {
                    "uv": [
                        4.5,
                        1.125,
                        6.5,
                        1.25
                    ],
                    "texture": "#2"
                },
                "north": {
                    "uv": [
                        4.5,
                        1,
                        6.5,
                        1.125
                    ],
                    "texture": "#2"
                },
                "west": {
                    "uv": [
                        0,
                        0,
                        0,
                        0.125
                    ],
                    "texture": "#2"
                },
                "up": {
                    "uv": [
                        2,
                        0,
                        0,
                        0
                    ],
                    "texture": "#2"
                },
                "down": {
                    "uv": [
                        2,
                        0,
                        0,
                        0
                    ],
                    "texture": "#2"
                }
            }
        },
        {
            "rotation": {
                "origin": [
                    2,
                    0,
                    0
                ],
                "angle": 0,
                "axis": "y"
            },
            "from": [
                0,
                12,
                8
            ],
            "to": [
                16,
                13,
                8
            ],
            "faces": {
                "east": {
                    "uv": [
                        0,
                        0,
                        0,
                        0.125
                    ],
                    "texture": "#2"
                },
                "south": {
                    "uv": [
                        4.5,
                        0.875,
                        6.5,
                        1
                    ],
                    "texture": "#2"
                },
                "north": {
                    "uv": [
                        4.5,
                        0.75,
                        6.5,
                        0.875
                    ],
                    "texture": "#2"
                },
                "west": {
                    "uv": [
                        0,
                        0,
                        0,
                        0.125
                    ],
                    "texture": "#2"
                },
                "up": {
                    "uv": [
                        2,
                        0,
                        0,
                        0
                    ],
                    "texture": "#2"
                },
                "down": {
                    "uv": [
                        2,
                        0,
                        0,
                        0
                    ],
                    "texture": "#2"
                }
            }
        },
        {
            "rotation": {
                "origin": [
                    2,
                    0,
                    0
                ],
                "angle": 0,
                "axis": "y"
            },
            "from": [
                0,
                22,
                8
            ],
            "to": [
                16,
                23,
                8
            ],
            "faces": {
                "east": {
                    "uv": [
                        0,
                        0,
                        0,
                        0.125
                    ],
                    "texture": "#2"
                },
                "south": {
                    "uv": [
                        4.5,
                        0.625,
                        6.5,
                        0.75
                    ],
                    "texture": "#2"
                },
                "north": {
                    "uv": [
                        4.5,
                        0.5,
                        6.5,
                        0.625
                    ],
                    "texture": "#2"
                },
                "west": {
                    "uv": [
                        0,
                        0,
                        0,
                        0.125
                    ],
                    "texture": "#2"
                },
                "up": {
                    "uv": [
                        2,
                        0,
                        0,
                        0
                    ],
                    "texture": "#2"
                },
                "down": {
                    "uv": [
                        2,
                        0,
                        0,
                        0
                    ],
                    "texture": "#2"
                }
            }
        },
        {
            "from": [
                15,
                -14,
                6
            ],
            "to": [
                16,
                27,
                10
            ],
            "faces": {
                "east": {
                    "uv": [
                        0,
                        0,
                        0.5,
                        5.125
                    ],
                    "texture": "#2"
                },
                "south": {
                    "uv": [
                        4.125,
                        0,
                        4.25,
                        5.125
                    ],
                    "texture": "#2"
                },
                "north": {
                    "uv": [
                        4,
                        0,
                        4.125,
                        5.125
                    ],
                    "texture": "#2"
                },
                "west": {
                    "uv": [
                        0.5,
                        0,
                        1,
                        5.125
                    ],
                    "texture": "#2"
                },
                "up": {
                    "uv": [
                        5,
                        5,
                        4.875,
                        4.5
                    ],
                    "texture": "#2"
                },
                "down": {
                    "uv": [
                        5.125,
                        2.5,
                        5,
                        3
                    ],
                    "texture": "#2"
                }
            }
        },
        {
            "from": [
                15,
                -16,
                5
            ],
            "to": [
                16,
                -14,
                11
            ],
            "faces": {
                "east": {
                    "uv": [
                        4.5,
                        1.5,
                        5.25,
                        1.75
                    ],
                    "texture": "#2"
                },
                "south": {
                    "uv": [
                        0.125,
                        5.125,
                        0.25,
                        5.375
                    ],
                    "texture": "#2"
                },
                "north": {
                    "uv": [
                        0,
                        5.125,
                        0.125,
                        5.375
                    ],
                    "texture": "#2"
                },
                "west": {
                    "uv": [
                        4.5,
                        1.75,
                        5.25,
                        2
                    ],
                    "texture": "#2"
                },
                "up": {
                    "uv": [
                        4.625,
                        5.5,
                        4.5,
                        4.75
                    ],
                    "texture": "#2"
                },
                "down": {
                    "uv": [
                        4.75,
                        4.75,
                        4.625,
                        5.5
                    ],
                    "texture": "#2"
                }
            }
        },
        {
            "rotation": {
                "origin": [
                    16,
                    0,
                    0
                ],
                "angle": 0,
                "axis": "y"
            },
            "from": [
                0,
                -14,
                6
            ],
            "to": [
                1,
                27,
                10
            ],
            "faces": {
                "east": {
                    "uv": [
                        1,
                        0,
                        1.5,
                        5.125
                    ],
                    "texture": "#2"
                },
                "south": {
                    "uv": [
                        4.375,
                        0,
                        4.5,
                        5.125
                    ],
                    "texture": "#2"
                },
                "north": {
                    "uv": [
                        4.25,
                        0,
                        4.375,
                        5.125
                    ],
                    "texture": "#2"
                },
                "west": {
                    "uv": [
                        1.5,
                        0,
                        2,
                        5.125
                    ],
                    "texture": "#2"
                },
                "up": {
                    "uv": [
                        5.125,
                        4.25,
                        5,
                        3.75
                    ],
                    "texture": "#2"
                },
                "down": {
                    "uv": [
                        5.125,
                        4.25,
                        5,
                        4.75
                    ],
                    "texture": "#2"
                }
            }
        },
        {
            "rotation": {
                "origin": [
                    16,
                    0,
                    0
                ],
                "angle": 0,
                "axis": "y"
            },
            "from": [
                0,
                -16,
                5
            ],
            "to": [
                1,
                -14,
                11
            ],
            "faces": {
                "east": {
                    "uv": [
                        4.5,
                        3.25,
                        5.25,
                        3.5
                    ],
                    "texture": "#2"
                },
                "south": {
                    "uv": [
                        0.375,
                        5.125,
                        0.5,
                        5.375
                    ],
                    "texture": "#2"
                },
                "north": {
                    "uv": [
                        0.25,
                        5.125,
                        0.375,
                        5.375
                    ],
                    "texture": "#2"
                },
                "west": {
                    "uv": [
                        4.5,
                        3.5,
                        5.25,
                        3.75
                    ],
                    "texture": "#2"
                },
                "up": {
                    "uv": [
                        4.875,
                        5.5,
                        4.75,
                        4.75
                    ],
                    "texture": "#2"
                },
                "down": {
                    "uv": [
                        5,
                        3.75,
                        4.875,
                        4.5
                    ],
                    "texture": "#2"
                }
            }
        },
        {
            "from": [
                2.5,
                0,
                6.9
            ],
            "to": [
                5.5,
                4,
                7.9
            ],
            "faces": {
                "east": {
                    "uv": [
                        5,
                        4.75,
                        5.125,
                        5.25
                    ],
                    "texture": "#2"
                },
                "south": {
                    "uv": [
                        4.5,
                        4.25,
                        4.875,
                        4.75
                    ],
                    "texture": "#2"
                },
                "north": {
                    "uv": [
                        4.5,
                        3.75,
                        4.875,
                        4.25
                    ],
                    "texture": "#2"
                },
                "west": {
                    "uv": [
                        4.875,
                        5,
                        5,
                        5.5
                    ],
                    "texture": "#2"
                },
                "up": {
                    "uv": [
                        5.375,
                        3.125,
                        5,
                        3
                    ],
                    "texture": "#2"
                },
                "down": {
                    "uv": [
                        5.375,
                        3.125,
                        5,
                        3.25
                    ],
                    "texture": "#2"
                }
            }
        }
    ],
    "display": {
        "firstperson_righthand": {
            "rotation": [
                0,
                45,
                0
            ],
            "scale": [
                0.4,
                0.4,
                0.4
            ]
        },
        "thirdperson_lefthand": {
            "rotation": [
                75,
                45,
                0
            ],
            "translation": [
                0,
                2.5,
                0
            ],
            "scale": [
                0.375,
                0.375,
                0.375
            ]
        },
        "firstperson_lefthand": {
            "rotation": [
                0,
                225,
                0
            ],
            "scale": [
                0.4,
                0.4,
                0.4
            ]
        },
        "thirdperson_righthand": {
            "translation": [
                -8.2,
                -5,
                -2.7
            ],
            "scale": [
                1,
                1,
                1
            ],
            "rotation": [
                75,
                0,
                -10
            ]
        },
        "ground": {
            "translation": [
                0,
                3,
                0
            ],
            "scale": [
                0.25,
                0.25,
                0.25
            ]
        },
        "gui": {
            "rotation": [
                30,
                225,
                0
            ],
            "scale": [
                0.3,
                0.3,
                0.3
            ]
        },
        "fixed": {
            "rotation": [
                -90.5,
                0,
                0
            ],
            "translation": [
                0,
                0,
                -48
            ],
            "scale": [
                2,
                2,
                2
            ]
        }
    },
    "credit": "Made with Blockbench"
}