{
    "textures": {
        "0": "furniture/chair",
        "particle": "furniture/chair"
    },
    "texture_size": [
        64,
        64
    ],
    "elements": [
        {
            "rotation": {
                "origin": [
                    1.6,
                    16,
                    1.1
                ],
                "angle": 0,
                "axis": "y"
            },
            "from": [
                1.6,
                9.6,
                1.1
            ],
            "to": [
                3.2,
                16,
                13.9
            ],
            "faces": {
                "east": {
                    "uv": [
                        0,
                        12.75,
                        4,
                        10.75
                    ],
                    "texture": "#0"
                },
                "south": {
                    "uv": [
                        8.5,
                        12.75,
                        9,
                        10.75
                    ],
                    "texture": "#0"
                },
                "north": {
                    "uv": [
                        8,
                        12.75,
                        8.5,
                        10.75
                    ],
                    "texture": "#0"
                },
                "west": {
                    "uv": [
                        4,
                        12.75,
                        8,
                        10.75
                    ],
                    "texture": "#0"
                },
                "up": {
                    "uv": [
                        9.5,
                        14.75,
                        9,
                        10.75
                    ],
                    "texture": "#0"
                }
            }
        },
        {
            "rotation": {
                "origin": [
                    1.6,
                    16,
                    1.1
                ],
                "angle": 0,
                "axis": "y"
            },
            "from": [
                1.608,
                14.8,
                13.9
            ],
            "to": [
                3.192,
                16,
                15.1
            ],
            "faces": {
                "east": {
                    "uv": [
                        12.5,
                        13.75,
                        13,
                        13.25
                    ],
                    "texture": "#0"
                },
                "south": {
                    "uv": [
                        12,
                        13.75,
                        12.5,
                        13.25
                    ],
                    "texture": "#0"
                },
                "west": {
                    "uv": [
                        11.5,
                        13.75,
                        12,
                        13.25
                    ],
                    "texture": "#0"
                },
                "up": {
                    "uv": [
                        12.5,
                        13.25,
                        12,
                        12.75
                    ],
                    "texture": "#0"
                }
            }
        },
        {
            "rotation": {
                "origin": [
                    1.6,
                    20.15757,
                    2.16569
                ],
                "angle": 22.5,
                "axis": "x"
            },
            "from": [
                1.608,
                16.95757,
                14.96569
            ],
            "to": [
                3.192,
                20.15757,
                16.16569
            ],
            "faces": {
                "east": {
                    "uv": [
                        11.5,
                        14.75,
                        12,
                        13.75
                    ],
                    "texture": "#0"
                },
                "south": {
                    "uv": [
                        12,
                        14.75,
                        12.5,
                        13.75
                    ],
                    "texture": "#0"
                },
                "west": {
                    "uv": [
                        12.5,
                        14.75,
                        13,
                        13.75
                    ],
                    "texture": "#0"
                }
            }
        },
        {
            "rotation": {
                "origin": [
                    14.4,
                    20.15757,
                    2.16569
                ],
                "angle": 22.5,
                "axis": "x"
            },
            "from": [
                12.808,
                16.95757,
                14.96569
            ],
            "to": [
                14.392,
                20.15757,
                16.16569
            ],
            "faces": {
                "east": {
                    "uv": [
                        10,
                        14.75,
                        10.5,
                        13.75
                    ],
                    "texture": "#0"
                },
                "south": {
                    "uv": [
                        10.5,
                        14.75,
                        11,
                        13.75
                    ],
                    "texture": "#0"
                },
                "west": {
                    "uv": [
                        11,
                        14.75,
                        11.5,
                        13.75
                    ],
                    "texture": "#0"
                }
            }
        },
        {
            "rotation": {
                "origin": [
                    14.4,
                    16,
                    1.1
                ],
                "angle": 0,
                "axis": "y"
            },
            "from": [
                12.808,
                14.8,
                13.9
            ],
            "to": [
                14.392,
                16,
                15.1
            ],
            "faces": {
                "east": {
                    "uv": [
                        11,
                        13.75,
                        11.5,
                        13.25
                    ],
                    "texture": "#0"
                },
                "south": {
                    "uv": [
                        10.5,
                        13.75,
                        11,
                        13.25
                    ],
                    "texture": "#0"
                },
                "west": {
                    "uv": [
                        10,
                        13.75,
                        10.5,
                        13.25
                    ],
                    "texture": "#0"
                },
                "up": {
                    "uv": [
                        11,
                        13.25,
                        10.5,
                        12.75
                    ],
                    "texture": "#0"
                }
            }
        },
        {
            "rotation": {
                "origin": [
                    1.6,
                    16,
                    1.1
                ],
                "angle": 0,
                "axis": "y"
            },
            "from": [
                12.8,
                9.6,
                1.1
            ],
            "to": [
                14.4,
                16,
                13.9
            ],
            "faces": {
                "east": {
                    "uv": [
                        0,
                        14.75,
                        4,
                        12.75
                    ],
                    "texture": "#0"
                },
                "south": {
                    "uv": [
                        8.5,
                        14.75,
                        9,
                        12.75
                    ],
                    "texture": "#0"
                },
                "north": {
                    "uv": [
                        8,
                        14.75,
                        8.5,
                        12.75
                    ],
                    "texture": "#0"
                },
                "west": {
                    "uv": [
                        4,
                        14.75,
                        8,
                        12.75
                    ],
                    "texture": "#0"
                },
                "up": {
                    "uv": [
                        10,
                        14.75,
                        9.5,
                        10.75
                    ],
                    "texture": "#0"
                }
            }
        },
        {
            "rotation": {
                "origin": [
                    1.6,
                    16,
                    1.1
                ],
                "angle": 0,
                "axis": "y"
            },
            "from": [
                1.6,
                8,
                1.1
            ],
            "to": [
                14.4,
                9.6,
                13.9
            ],
            "faces": {
                "east": {
                    "uv": [
                        0,
                        9.75,
                        4,
                        9.25
                    ],
                    "texture": "#0"
                },
                "south": {
                    "uv": [
                        0,
                        10.25,
                        4,
                        9.75
                    ],
                    "texture": "#0"
                },
                "north": {
                    "uv": [
                        0,
                        9.25,
                        4,
                        8.75
                    ],
                    "texture": "#0"
                },
                "west": {
                    "uv": [
                        0,
                        10.75,
                        4,
                        10.25
                    ],
                    "texture": "#0"
                },
                "up": {
                    "uv": [
                        8,
                        8.75,
                        4,
                        4.75
                    ],
                    "texture": "#0"
                },
                "down": {
                    "uv": [
                        4,
                        4.75,
                        0,
                        8.75
                    ],
                    "texture": "#0"
                }
            }
        },
        {
            "rotation": {
                "origin": [
                    1.6,
                    16,
                    1.1
                ],
                "angle": 0,
                "axis": "y"
            },
            "from": [
                2.4,
                7.2,
                1.9
            ],
            "to": [
                13.6,
                8,
                12.7
            ],
            "faces": {
                "east": {
                    "uv": [
                        8,
                        9.25,
                        11.5,
                        9
                    ],
                    "texture": "#0"
                },
                "south": {
                    "uv": [
                        8,
                        9,
                        11.5,
                        8.75
                    ],
                    "texture": "#0"
                },
                "north": {
                    "uv": [
                        8,
                        8.75,
                        11.5,
                        8.5
                    ],
                    "texture": "#0"
                },
                "west": {
                    "uv": [
                        8,
                        8.5,
                        11.5,
                        8.25
                    ],
                    "texture": "#0"
                },
                "down": {
                    "uv": [
                        8,
                        4.75,
                        11.5,
                        8.25
                    ],
                    "texture": "#0"
                }
            }
        },
        {
            "rotation": {
                "origin": [
                    1.6,
                    8.4,
                    12.7
                ],
                "angle": 0,
                "axis": "x"
            },
            "from": [
                1.6,
                -8.8,
                12.7
            ],
            "to": [
                14.4,
                4.8,
                13.9
            ],
            "faces": {
                "east": {
                    "uv": [
                        8,
                        4.25,
                        8.5,
                        0
                    ],
                    "texture": "#0"
                },
                "south": {
                    "uv": [
                        4,
                        4.25,
                        8,
                        0
                    ],
                    "texture": "#0"
                },
                "north": {
                    "uv": [
                        0,
                        4.25,
                        4,
                        0
                    ],
                    "texture": "#0"
                },
                "west": {
                    "uv": [
                        8.5,
                        4.25,
                        9,
                        0
                    ],
                    "texture": "#0"
                },
                "up": {
                    "uv": [
                        8,
                        4.75,
                        4,
                        4.25
                    ],
                    "texture": "#0"
                },
                "down": {
                    "uv": [
                        4,
                        4.25,
                        0,
                        4.75
                    ],
                    "texture": "#0"
                }
            }
        },
        {
            "rotation": {
                "origin": [
                    1.6,
                    8.4,
                    12.7
                ],
                "angle": 0,
                "axis": "x"
            },
            "from": [
                11.2,
                4.8,
                12.7
            ],
            "to": [
                14.4,
                8,
                13.9
            ],
            "faces": {
                "east": {
                    "uv": [
                        13.5,
                        6.75,
                        14,
                        5.75
                    ],
                    "texture": "#0"
                },
                "south": {
                    "uv": [
                        11.5,
                        6.75,
                        12.5,
                        5.75
                    ],
                    "texture": "#0"
                },
                "north": {
                    "uv": [
                        12.5,
                        6.75,
                        13.5,
                        5.75
                    ],
                    "texture": "#0"
                },
                "west": {
                    "uv": [
                        14,
                        6.75,
                        14.5,
                        5.75
                    ],
                    "texture": "#0"
                }
            }
        },
        {
            "rotation": {
                "origin": [
                    1.6,
                    8.4,
                    12.7
                ],
                "angle": 0,
                "axis": "x"
            },
            "from": [
                1.6,
                4.8,
                12.7
            ],
            "to": [
                4.8,
                8,
                13.9
            ],
            "faces": {
                "east": {
                    "uv": [
                        13.5,
                        5.75,
                        14,
                        4.75
                    ],
                    "texture": "#0"
                },
                "south": {
                    "uv": [
                        11.5,
                        5.75,
                        12.5,
                        4.75
                    ],
                    "texture": "#0"
                },
                "north": {
                    "uv": [
                        12.5,
                        5.75,
                        13.5,
                        4.75
                    ],
                    "texture": "#0"
                },
                "west": {
                    "uv": [
                        14,
                        5.75,
                        14.5,
                        4.75
                    ],
                    "texture": "#0"
                }
            }
        },
        {
            "rotation": {
                "origin": [
                    1.6,
                    8.4,
                    12.7
                ],
                "angle": 0,
                "axis": "x"
            },
            "from": [
                2.4,
                -8,
                11.9
            ],
            "to": [
                13.6,
                4,
                13.5
            ],
            "faces": {
                "east": {
                    "uv": [
                        13,
                        4.25,
                        13.5,
                        0.5
                    ],
                    "texture": "#0"
                },
                "north": {
                    "uv": [
                        9.5,
                        4.25,
                        13,
                        0.5
                    ],
                    "texture": "#0"
                },
                "west": {
                    "uv": [
                        9,
                        4.25,
                        9.5,
                        0.5
                    ],
                    "texture": "#0"
                },
                "up": {
                    "uv": [
                        13,
                        4.75,
                        9.5,
                        4.25
                    ],
                    "texture": "#0"
                },
                "down": {
                    "uv": [
                        13,
                        0,
                        9.5,
                        0.5
                    ],
                    "texture": "#0"
                }
            }
        }
    ],
    "display": {
        "firstperson": {"rotation": [
            180,
            180,
            0
        ]},
        "ground": {
            "rotation": [
                0,
                90,
                180
            ],
            "scale": [
                1.2,
                1.2,
                1.2
            ]
        },
        "fixed": {
            "rotation": [
                0,
                90,
                180
            ],
            "translation": [
                0,
                1,
                0
            ],
            "scale": [
                2,
                2,
                2
            ]
        },
        "gui": {"rotation": [
            180,
            180,
            0
        ]},
        "thirdperson": {
            "rotation": [
                15,
                0,
                -10
            ],
            "translation": [
                4.189,
                2.805,
                1.1895
            ],
            "scale": [
                1,
                1,
                1
            ]
        }
    },
    "credit": "© 2015-2021 MadstonMagic. All rights reserved. https://madstonmagic.github.io/shop/. Made using BlockBench"
}