{
    "textures": {
        "0": "furniture/coffin",
        "particle": "furniture/coffin"
    },
    "texture_size": [
        128,
        128
    ],
    "elements": [
        {
            "rotation": {
                "origin": [
                    -1.76,
                    0.0425,
                    3.61
                ],
                "angle": 0,
                "axis": "y"
            },
            "from": [
                -0.54,
                0.0425,
                1.17
            ],
            "to": [
                16.54,
                10.4125,
                24.35
            ],
            "faces": {
                "east": {
                    "uv": [
                        10.5,
                        4.625,
                        12.875,
                        5.6875
                    ],
                    "texture": "#0"
                },
                "south": {
                    "uv": [
                        7,
                        7,
                        8.75,
                        8.0625
                    ],
                    "texture": "#0"
                },
                "north": {
                    "uv": [
                        8.75,
                        7,
                        10.5,
                        8.0625
                    ],
                    "texture": "#0"
                },
                "west": {
                    "uv": [
                        10.5,
                        5.6875,
                        12.875,
                        6.75
                    ],
                    "texture": "#0"
                },
                "up": {
                    "uv": [
                        8.75,
                        7,
                        7,
                        4.625
                    ],
                    "texture": "#0"
                },
                "down": {
                    "uv": [
                        10.5,
                        4.625,
                        8.75,
                        7
                    ],
                    "texture": "#0"
                }
            }
        },
        {
            "rotation": {
                "origin": [
                    -1.76,
                    0.0425,
                    3.61
                ],
                "angle": 0,
                "axis": "y"
            },
            "from": [
                -1.76,
                7.9725,
                -0.05
            ],
            "to": [
                17.76,
                9.1925,
                25.57
            ],
            "faces": {
                "east": {
                    "uv": [
                        0,
                        2.625,
                        2.625,
                        2.75
                    ],
                    "texture": "#0"
                },
                "south": {
                    "uv": [
                        0,
                        3,
                        2,
                        3.125
                    ],
                    "texture": "#0"
                },
                "north": {
                    "uv": [
                        0,
                        2.875,
                        2,
                        3
                    ],
                    "texture": "#0"
                },
                "west": {
                    "uv": [
                        0,
                        2.75,
                        2.625,
                        2.875
                    ],
                    "texture": "#0"
                },
                "up": {
                    "uv": [
                        2,
                        2.625,
                        0,
                        0
                    ],
                    "texture": "#0"
                },
                "down": {
                    "uv": [
                        4,
                        0,
                        2,
                        2.625
                    ],
                    "texture": "#0"
                }
            }
        },
        {
            "rotation": {
                "origin": [
                    -1.76,
                    0.0425,
                    3.61
                ],
                "angle": 0,
                "axis": "y"
            },
            "from": [
                -0.54,
                7.9725,
                -14.69
            ],
            "to": [
                16.54,
                9.1925,
                26.79
            ],
            "faces": {
                "east": {
                    "uv": [
                        7.5,
                        0,
                        11.75,
                        0.125
                    ],
                    "texture": "#0"
                },
                "south": {
                    "uv": [
                        7.5,
                        0.375,
                        9.25,
                        0.5
                    ],
                    "texture": "#0"
                },
                "north": {
                    "uv": [
                        7.5,
                        0.25,
                        9.25,
                        0.375
                    ],
                    "texture": "#0"
                },
                "west": {
                    "uv": [
                        7.5,
                        0.125,
                        11.75,
                        0.25
                    ],
                    "texture": "#0"
                },
                "up": {
                    "uv": [
                        5.75,
                        4.25,
                        4,
                        0
                    ],
                    "texture": "#0"
                },
                "down": {
                    "uv": [
                        7.5,
                        0,
                        5.75,
                        4.25
                    ],
                    "texture": "#0"
                }
            }
        },
        {
            "rotation": {
                "origin": [
                    -1.76,
                    0.0425,
                    3.61
                ],
                "angle": 0,
                "axis": "y"
            },
            "from": [
                0.68,
                7.9725,
                -15.91
            ],
            "to": [
                15.32,
                9.1925,
                -14.69
            ],
            "faces": {
                "east": {
                    "uv": [
                        5.625,
                        4.5,
                        5.75,
                        4.625
                    ],
                    "texture": "#0"
                },
                "north": {
                    "uv": [
                        4.125,
                        4.5,
                        5.625,
                        4.625
                    ],
                    "texture": "#0"
                },
                "west": {
                    "uv": [
                        5.75,
                        4.5,
                        5.875,
                        4.625
                    ],
                    "texture": "#0"
                },
                "up": {
                    "uv": [
                        5.625,
                        4.5,
                        4.125,
                        4.375
                    ],
                    "texture": "#0"
                },
                "down": {
                    "uv": [
                        7.125,
                        4.375,
                        5.625,
                        4.5
                    ],
                    "texture": "#0"
                }
            }
        },
        {
            "rotation": {
                "origin": [
                    -1.76,
                    0.0425,
                    3.61
                ],
                "angle": 0,
                "axis": "y"
            },
            "from": [
                0.68,
                0.0425,
                -13.47
            ],
            "to": [
                15.32,
                10.4125,
                25.57
            ],
            "faces": {
                "east": {
                    "uv": [
                        3,
                        4.625,
                        7,
                        5.6875
                    ],
                    "texture": "#0"
                },
                "south": {
                    "uv": [
                        4.5,
                        6.75,
                        6,
                        7.8125
                    ],
                    "texture": "#0"
                },
                "north": {
                    "uv": [
                        3,
                        6.75,
                        4.5,
                        7.8125
                    ],
                    "texture": "#0"
                },
                "west": {
                    "uv": [
                        3,
                        5.6875,
                        7,
                        6.75
                    ],
                    "texture": "#0"
                },
                "up": {
                    "uv": [
                        1.5,
                        8.625,
                        0,
                        4.625
                    ],
                    "texture": "#0"
                },
                "down": {
                    "uv": [
                        3,
                        4.625,
                        1.5,
                        8.625
                    ],
                    "texture": "#0"
                }
            }
        },
        {
            "rotation": {
                "origin": [
                    -1.76,
                    0.0425,
                    3.61
                ],
                "angle": 0,
                "axis": "y"
            },
            "from": [
                1.9,
                0.0425,
                -14.69
            ],
            "to": [
                14.1,
                10.4125,
                -13.47
            ],
            "faces": {
                "east": {
                    "uv": [
                        1.25,
                        3.375,
                        1.375,
                        4.4375
                    ],
                    "texture": "#0"
                },
                "north": {
                    "uv": [
                        0,
                        3.125,
                        1.25,
                        4.1875
                    ],
                    "texture": "#0"
                },
                "west": {
                    "uv": [
                        1.375,
                        3.375,
                        1.5,
                        4.4375
                    ],
                    "texture": "#0"
                },
                "up": {
                    "uv": [
                        1.25,
                        4.4375,
                        0,
                        4.3125
                    ],
                    "texture": "#0"
                },
                "down": {
                    "uv": [
                        1.25,
                        4.1875,
                        0,
                        4.3125
                    ],
                    "texture": "#0"
                }
            }
        },
        {
            "rotation": {
                "origin": [
                    -1.76,
                    0.0425,
                    5.44
                ],
                "angle": 0,
                "axis": "y"
            },
            "from": [
                -1.15,
                3.0925,
                5.135
            ],
            "to": [
                -0.845,
                3.7025,
                6.05
            ],
            "faces": {
                "south": {
                    "uv": [
                        1.0625,
                        8.75,
                        1.125,
                        8.875
                    ],
                    "texture": "#0"
                },
                "north": {
                    "uv": [
                        0.8125,
                        8.75,
                        0.875,
                        8.875
                    ],
                    "texture": "#0"
                },
                "west": {
                    "uv": [
                        0.875,
                        8.75,
                        1.0625,
                        8.875
                    ],
                    "texture": "#0"
                },
                "up": {
                    "uv": [
                        0.875,
                        8.6875,
                        1.0625,
                        8.75
                    ],
                    "texture": "#0",
                    "rotation": 90
                },
                "down": {
                    "uv": [
                        1.0625,
                        8.6875,
                        1.25,
                        8.75
                    ],
                    "texture": "#0",
                    "rotation": 90
                }
            }
        },
        {
            "rotation": {
                "origin": [
                    -1.76,
                    0.0425,
                    5.44
                ],
                "angle": 0,
                "axis": "y"
            },
            "from": [
                -0.845,
                2.4825,
                4.22
            ],
            "to": [
                -0.54,
                4.9225,
                6.965
            ],
            "faces": {
                "south": {
                    "uv": [
                        0.6875,
                        8.75,
                        0.75,
                        9.25
                    ],
                    "texture": "#0"
                },
                "north": {
                    "uv": [
                        0.0625,
                        8.75,
                        0.125,
                        9.25
                    ],
                    "texture": "#0"
                },
                "west": {
                    "uv": [
                        0.125,
                        8.75,
                        0.6875,
                        9.25
                    ],
                    "texture": "#0"
                },
                "up": {
                    "uv": [
                        0.125,
                        8.6875,
                        0.6875,
                        8.75
                    ],
                    "texture": "#0",
                    "rotation": 90
                },
                "down": {
                    "uv": [
                        0.125,
                        9.25,
                        0.6875,
                        9.3125
                    ],
                    "texture": "#0",
                    "rotation": 90
                }
            }
        },
        {
            "rotation": {
                "origin": [
                    -1.76,
                    0.0425,
                    5.44
                ],
                "angle": 0,
                "axis": "y"
            },
            "from": [
                -0.6925,
                4.9225,
                6.05
            ],
            "to": [
                -0.6864,
                5.8375,
                6.965
            ],
            "faces": {
                "east": {
                    "uv": [
                        0.21875,
                        9.4375,
                        0.40625,
                        9.625
                    ],
                    "texture": "#0"
                },
                "west": {
                    "uv": [
                        0.59375,
                        9.4375,
                        0.78125,
                        9.625
                    ],
                    "texture": "#0"
                }
            }
        },
        {
            "rotation": {
                "origin": [
                    -1.76,
                    0.0425,
                    5.44
                ],
                "angle": 0,
                "axis": "y"
            },
            "from": [
                -0.6925,
                3.7025,
                6.965
            ],
            "to": [
                -0.6864,
                4.9225,
                7.575
            ],
            "faces": {
                "east": {
                    "uv": [
                        0.0625,
                        9.375,
                        0.1875,
                        9.625
                    ],
                    "texture": "#0"
                },
                "west": {
                    "uv": [
                        0.875,
                        9.375,
                        1,
                        9.625
                    ],
                    "texture": "#0"
                }
            }
        },
        {
            "rotation": {
                "origin": [
                    -1.76,
                    0.0425,
                    5.44
                ],
                "angle": 0,
                "axis": "y"
            },
            "from": [
                -0.6925,
                4.9225,
                4.22
            ],
            "to": [
                -0.6864,
                5.8375,
                5.135
            ],
            "faces": {
                "east": {
                    "uv": [
                        0.59375,
                        9.4375,
                        0.78125,
                        9.625
                    ],
                    "texture": "#0"
                },
                "west": {
                    "uv": [
                        0.21875,
                        9.4375,
                        0.40625,
                        9.625
                    ],
                    "texture": "#0"
                }
            }
        },
        {
            "rotation": {
                "origin": [
                    -1.76,
                    0.0425,
                    5.44
                ],
                "angle": 0,
                "axis": "y"
            },
            "from": [
                -0.6925,
                3.7025,
                3.61
            ],
            "to": [
                -0.6864,
                4.9225,
                4.22
            ],
            "faces": {
                "east": {
                    "uv": [
                        0.875,
                        9.375,
                        1,
                        9.625
                    ],
                    "texture": "#0"
                },
                "west": {
                    "uv": [
                        0.0625,
                        9.375,
                        0.1875,
                        9.625
                    ],
                    "texture": "#0"
                }
            }
        },
        {
            "rotation": {
                "origin": [
                    -0.845,
                    3.3975,
                    5.44
                ],
                "angle": -22.5,
                "axis": "z"
            },
            "from": [
                -0.8511,
                1.2625,
                3.915
            ],
            "to": [
                -0.845,
                3.3975,
                7.27
            ],
            "faces": {
                "east": {
                    "uv": [
                        1.3125,
                        8.6875,
                        2,
                        9.125
                    ],
                    "texture": "#0",
                    "rotation": 180
                },
                "west": {
                    "uv": [
                        1.3125,
                        8.6875,
                        2,
                        9.125
                    ],
                    "texture": "#0",
                    "rotation": 180
                }
            }
        },
        {
            "rotation": {
                "origin": [
                    17.76,
                    0.0425,
                    5.44
                ],
                "angle": 0,
                "axis": "y"
            },
            "from": [
                16.845,
                3.0925,
                5.135
            ],
            "to": [
                17.15,
                3.7025,
                6.05
            ],
            "faces": {
                "east": {
                    "uv": [
                        1.0625,
                        8.75,
                        0.875,
                        8.875
                    ],
                    "texture": "#0"
                },
                "south": {
                    "uv": [
                        1.125,
                        8.75,
                        1.0625,
                        8.875
                    ],
                    "texture": "#0"
                },
                "north": {
                    "uv": [
                        0.875,
                        8.75,
                        0.8125,
                        8.875
                    ],
                    "texture": "#0"
                },
                "up": {
                    "uv": [
                        0.875,
                        8.75,
                        1.0625,
                        8.6875
                    ],
                    "texture": "#0",
                    "rotation": 90
                },
                "down": {
                    "uv": [
                        1.0625,
                        8.75,
                        1.25,
                        8.6875
                    ],
                    "texture": "#0",
                    "rotation": 90
                }
            }
        },
        {
            "rotation": {
                "origin": [
                    17.76,
                    0.0425,
                    5.44
                ],
                "angle": 0,
                "axis": "y"
            },
            "from": [
                16.54,
                2.4825,
                4.22
            ],
            "to": [
                16.845,
                4.9225,
                6.965
            ],
            "faces": {
                "east": {
                    "uv": [
                        0.6875,
                        8.75,
                        0.125,
                        9.25
                    ],
                    "texture": "#0"
                },
                "south": {
                    "uv": [
                        0.75,
                        8.75,
                        0.6875,
                        9.25
                    ],
                    "texture": "#0"
                },
                "north": {
                    "uv": [
                        0.125,
                        8.75,
                        0.0625,
                        9.25
                    ],
                    "texture": "#0"
                },
                "up": {
                    "uv": [
                        0.125,
                        8.75,
                        0.6875,
                        8.6875
                    ],
                    "texture": "#0",
                    "rotation": 90
                },
                "down": {
                    "uv": [
                        0.125,
                        9.3125,
                        0.6875,
                        9.25
                    ],
                    "texture": "#0",
                    "rotation": 90
                }
            }
        },
        {
            "rotation": {
                "origin": [
                    17.76,
                    0.0425,
                    5.44
                ],
                "angle": 0,
                "axis": "y"
            },
            "from": [
                16.6864,
                4.9225,
                6.05
            ],
            "to": [
                16.6925,
                5.8375,
                6.965
            ],
            "faces": {
                "east": {
                    "uv": [
                        0.78125,
                        9.4375,
                        0.59375,
                        9.625
                    ],
                    "texture": "#0"
                },
                "west": {
                    "uv": [
                        0.40625,
                        9.4375,
                        0.21875,
                        9.625
                    ],
                    "texture": "#0"
                }
            }
        },
        {
            "rotation": {
                "origin": [
                    17.76,
                    0.0425,
                    5.44
                ],
                "angle": 0,
                "axis": "y"
            },
            "from": [
                16.6864,
                3.7025,
                6.965
            ],
            "to": [
                16.6925,
                4.9225,
                7.575
            ],
            "faces": {
                "east": {
                    "uv": [
                        1,
                        9.375,
                        0.875,
                        9.625
                    ],
                    "texture": "#0"
                },
                "west": {
                    "uv": [
                        0.1875,
                        9.375,
                        0.0625,
                        9.625
                    ],
                    "texture": "#0"
                }
            }
        },
        {
            "rotation": {
                "origin": [
                    17.76,
                    0.0425,
                    5.44
                ],
                "angle": 0,
                "axis": "y"
            },
            "from": [
                16.6864,
                4.9225,
                4.22
            ],
            "to": [
                16.6925,
                5.8375,
                5.135
            ],
            "faces": {
                "east": {
                    "uv": [
                        0.40625,
                        9.4375,
                        0.21875,
                        9.625
                    ],
                    "texture": "#0"
                },
                "west": {
                    "uv": [
                        0.78125,
                        9.4375,
                        0.59375,
                        9.625
                    ],
                    "texture": "#0"
                }
            }
        },
        {
            "rotation": {
                "origin": [
                    17.76,
                    0.0425,
                    5.44
                ],
                "angle": 0,
                "axis": "y"
            },
            "from": [
                16.6864,
                3.7025,
                3.61
            ],
            "to": [
                16.6925,
                4.9225,
                4.22
            ],
            "faces": {
                "east": {
                    "uv": [
                        0.1875,
                        9.375,
                        0.0625,
                        9.625
                    ],
                    "texture": "#0"
                },
                "west": {
                    "uv": [
                        1,
                        9.375,
                        0.875,
                        9.625
                    ],
                    "texture": "#0"
                }
            }
        },
        {
            "rotation": {
                "origin": [
                    16.845,
                    3.3975,
                    5.44
                ],
                "angle": 22.5,
                "axis": "z"
            },
            "from": [
                16.845,
                1.2625,
                3.915
            ],
            "to": [
                16.8511,
                3.3975,
                7.27
            ],
            "faces": {
                "east": {
                    "uv": [
                        2,
                        8.6875,
                        1.3125,
                        9.125
                    ],
                    "texture": "#0",
                    "rotation": 180
                },
                "west": {
                    "uv": [
                        2,
                        8.6875,
                        1.3125,
                        9.125
                    ],
                    "texture": "#0",
                    "rotation": 180
                }
            }
        },
        {
            "rotation": {
                "origin": [
                    -1.76,
                    0.0425,
                    20.69
                ],
                "angle": 0,
                "axis": "y"
            },
            "from": [
                -1.15,
                3.0925,
                20.385
            ],
            "to": [
                -0.845,
                3.7025,
                21.3
            ],
            "faces": {
                "south": {
                    "uv": [
                        1.0625,
                        8.75,
                        1.125,
                        8.875
                    ],
                    "texture": "#0"
                },
                "north": {
                    "uv": [
                        0.8125,
                        8.75,
                        0.875,
                        8.875
                    ],
                    "texture": "#0"
                },
                "west": {
                    "uv": [
                        0.875,
                        8.75,
                        1.0625,
                        8.875
                    ],
                    "texture": "#0"
                },
                "up": {
                    "uv": [
                        0.875,
                        8.6875,
                        1.0625,
                        8.75
                    ],
                    "texture": "#0",
                    "rotation": 90
                },
                "down": {
                    "uv": [
                        1.0625,
                        8.6875,
                        1.25,
                        8.75
                    ],
                    "texture": "#0",
                    "rotation": 90
                }
            }
        },
        {
            "rotation": {
                "origin": [
                    -1.76,
                    0.0425,
                    20.69
                ],
                "angle": 0,
                "axis": "y"
            },
            "from": [
                -0.845,
                2.4825,
                19.47
            ],
            "to": [
                -0.54,
                4.9225,
                22.215
            ],
            "faces": {
                "south": {
                    "uv": [
                        0.6875,
                        8.75,
                        0.75,
                        9.25
                    ],
                    "texture": "#0"
                },
                "north": {
                    "uv": [
                        0.0625,
                        8.75,
                        0.125,
                        9.25
                    ],
                    "texture": "#0"
                },
                "west": {
                    "uv": [
                        0.125,
                        8.75,
                        0.6875,
                        9.25
                    ],
                    "texture": "#0"
                },
                "up": {
                    "uv": [
                        0.125,
                        8.6875,
                        0.6875,
                        8.75
                    ],
                    "texture": "#0",
                    "rotation": 90
                },
                "down": {
                    "uv": [
                        0.125,
                        9.25,
                        0.6875,
                        9.3125
                    ],
                    "texture": "#0",
                    "rotation": 90
                }
            }
        },
        {
            "rotation": {
                "origin": [
                    -1.76,
                    0.0425,
                    20.69
                ],
                "angle": 0,
                "axis": "y"
            },
            "from": [
                -0.6925,
                4.9225,
                21.3
            ],
            "to": [
                -0.6864,
                5.8375,
                22.215
            ],
            "faces": {
                "east": {
                    "uv": [
                        0.21875,
                        9.4375,
                        0.40625,
                        9.625
                    ],
                    "texture": "#0"
                },
                "west": {
                    "uv": [
                        0.59375,
                        9.4375,
                        0.78125,
                        9.625
                    ],
                    "texture": "#0"
                }
            }
        },
        {
            "rotation": {
                "origin": [
                    -1.76,
                    0.0425,
                    20.69
                ],
                "angle": 0,
                "axis": "y"
            },
            "from": [
                -0.6925,
                3.7025,
                22.215
            ],
            "to": [
                -0.6864,
                4.9225,
                22.825
            ],
            "faces": {
                "east": {
                    "uv": [
                        0.0625,
                        9.375,
                        0.1875,
                        9.625
                    ],
                    "texture": "#0"
                },
                "west": {
                    "uv": [
                        0.875,
                        9.375,
                        1,
                        9.625
                    ],
                    "texture": "#0"
                }
            }
        },
        {
            "rotation": {
                "origin": [
                    -1.76,
                    0.0425,
                    20.69
                ],
                "angle": 0,
                "axis": "y"
            },
            "from": [
                -0.6925,
                4.9225,
                19.47
            ],
            "to": [
                -0.6864,
                5.8375,
                20.385
            ],
            "faces": {
                "east": {
                    "uv": [
                        0.59375,
                        9.4375,
                        0.78125,
                        9.625
                    ],
                    "texture": "#0"
                },
                "west": {
                    "uv": [
                        0.21875,
                        9.4375,
                        0.40625,
                        9.625
                    ],
                    "texture": "#0"
                }
            }
        },
        {
            "rotation": {
                "origin": [
                    -1.76,
                    0.0425,
                    20.69
                ],
                "angle": 0,
                "axis": "y"
            },
            "from": [
                -0.6925,
                3.7025,
                18.86
            ],
            "to": [
                -0.6864,
                4.9225,
                19.47
            ],
            "faces": {
                "east": {
                    "uv": [
                        0.875,
                        9.375,
                        1,
                        9.625
                    ],
                    "texture": "#0"
                },
                "west": {
                    "uv": [
                        0.0625,
                        9.375,
                        0.1875,
                        9.625
                    ],
                    "texture": "#0"
                }
            }
        },
        {
            "rotation": {
                "origin": [
                    -0.845,
                    3.3975,
                    20.69
                ],
                "angle": -22.5,
                "axis": "z"
            },
            "from": [
                -0.8511,
                1.2625,
                19.165
            ],
            "to": [
                -0.845,
                3.3975,
                22.52
            ],
            "faces": {
                "east": {
                    "uv": [
                        1.3125,
                        8.6875,
                        2,
                        9.125
                    ],
                    "texture": "#0",
                    "rotation": 180
                },
                "west": {
                    "uv": [
                        1.3125,
                        8.6875,
                        2,
                        9.125
                    ],
                    "texture": "#0",
                    "rotation": 180
                }
            }
        },
        {
            "rotation": {
                "origin": [
                    17.76,
                    0.0425,
                    20.69
                ],
                "angle": 0,
                "axis": "y"
            },
            "from": [
                16.845,
                3.0925,
                20.385
            ],
            "to": [
                17.15,
                3.7025,
                21.3
            ],
            "faces": {
                "east": {
                    "uv": [
                        1.0625,
                        8.75,
                        0.875,
                        8.875
                    ],
                    "texture": "#0"
                },
                "south": {
                    "uv": [
                        1.125,
                        8.75,
                        1.0625,
                        8.875
                    ],
                    "texture": "#0"
                },
                "north": {
                    "uv": [
                        0.875,
                        8.75,
                        0.8125,
                        8.875
                    ],
                    "texture": "#0"
                },
                "up": {
                    "uv": [
                        0.875,
                        8.75,
                        1.0625,
                        8.6875
                    ],
                    "texture": "#0",
                    "rotation": 90
                },
                "down": {
                    "uv": [
                        1.0625,
                        8.75,
                        1.25,
                        8.6875
                    ],
                    "texture": "#0",
                    "rotation": 90
                }
            }
        },
        {
            "rotation": {
                "origin": [
                    17.76,
                    0.0425,
                    20.69
                ],
                "angle": 0,
                "axis": "y"
            },
            "from": [
                16.54,
                2.4825,
                19.47
            ],
            "to": [
                16.845,
                4.9225,
                22.215
            ],
            "faces": {
                "east": {
                    "uv": [
                        0.6875,
                        8.75,
                        0.125,
                        9.25
                    ],
                    "texture": "#0"
                },
                "south": {
                    "uv": [
                        0.75,
                        8.75,
                        0.6875,
                        9.25
                    ],
                    "texture": "#0"
                },
                "north": {
                    "uv": [
                        0.125,
                        8.75,
                        0.0625,
                        9.25
                    ],
                    "texture": "#0"
                },
                "up": {
                    "uv": [
                        0.125,
                        8.75,
                        0.6875,
                        8.6875
                    ],
                    "texture": "#0",
                    "rotation": 90
                },
                "down": {
                    "uv": [
                        0.125,
                        9.3125,
                        0.6875,
                        9.25
                    ],
                    "texture": "#0",
                    "rotation": 90
                }
            }
        },
        {
            "rotation": {
                "origin": [
                    17.76,
                    0.0425,
                    20.69
                ],
                "angle": 0,
                "axis": "y"
            },
            "from": [
                16.6864,
                4.9225,
                21.3
            ],
            "to": [
                16.6925,
                5.8375,
                22.215
            ],
            "faces": {
                "east": {
                    "uv": [
                        0.78125,
                        9.4375,
                        0.59375,
                        9.625
                    ],
                    "texture": "#0"
                },
                "west": {
                    "uv": [
                        0.40625,
                        9.4375,
                        0.21875,
                        9.625
                    ],
                    "texture": "#0"
                }
            }
        },
        {
            "rotation": {
                "origin": [
                    17.76,
                    0.0425,
                    20.69
                ],
                "angle": 0,
                "axis": "y"
            },
            "from": [
                16.6864,
                3.7025,
                22.215
            ],
            "to": [
                16.6925,
                4.9225,
                22.825
            ],
            "faces": {
                "east": {
                    "uv": [
                        1,
                        9.375,
                        0.875,
                        9.625
                    ],
                    "texture": "#0"
                },
                "west": {
                    "uv": [
                        0.1875,
                        9.375,
                        0.0625,
                        9.625
                    ],
                    "texture": "#0"
                }
            }
        },
        {
            "rotation": {
                "origin": [
                    17.76,
                    0.0425,
                    20.69
                ],
                "angle": 0,
                "axis": "y"
            },
            "from": [
                16.6864,
                4.9225,
                19.47
            ],
            "to": [
                16.6925,
                5.8375,
                20.385
            ],
            "faces": {
                "east": {
                    "uv": [
                        0.40625,
                        9.4375,
                        0.21875,
                        9.625
                    ],
                    "texture": "#0"
                },
                "west": {
                    "uv": [
                        0.78125,
                        9.4375,
                        0.59375,
                        9.625
                    ],
                    "texture": "#0"
                }
            }
        },
        {
            "rotation": {
                "origin": [
                    17.76,
                    0.0425,
                    20.69
                ],
                "angle": 0,
                "axis": "y"
            },
            "from": [
                16.6864,
                3.7025,
                18.86
            ],
            "to": [
                16.6925,
                4.9225,
                19.47
            ],
            "faces": {
                "east": {
                    "uv": [
                        0.1875,
                        9.375,
                        0.0625,
                        9.625
                    ],
                    "texture": "#0"
                },
                "west": {
                    "uv": [
                        1,
                        9.375,
                        0.875,
                        9.625
                    ],
                    "texture": "#0"
                }
            }
        },
        {
            "rotation": {
                "origin": [
                    16.845,
                    3.3975,
                    20.69
                ],
                "angle": 22.5,
                "axis": "z"
            },
            "from": [
                16.845,
                1.2625,
                19.165
            ],
            "to": [
                16.8511,
                3.3975,
                22.52
            ],
            "faces": {
                "east": {
                    "uv": [
                        2,
                        8.6875,
                        1.3125,
                        9.125
                    ],
                    "texture": "#0",
                    "rotation": 180
                },
                "west": {
                    "uv": [
                        2,
                        8.6875,
                        1.3125,
                        9.125
                    ],
                    "texture": "#0",
                    "rotation": 180
                }
            }
        },
        {
            "rotation": {
                "origin": [
                    -0.54,
                    0.0425,
                    -7.37
                ],
                "angle": 0,
                "axis": "y"
            },
            "from": [
                0.07,
                3.0925,
                -7.675
            ],
            "to": [
                0.375,
                3.7025,
                -6.76
            ],
            "faces": {
                "south": {
                    "uv": [
                        1.0625,
                        8.75,
                        1.125,
                        8.875
                    ],
                    "texture": "#0"
                },
                "north": {
                    "uv": [
                        0.8125,
                        8.75,
                        0.875,
                        8.875
                    ],
                    "texture": "#0"
                },
                "west": {
                    "uv": [
                        0.875,
                        8.75,
                        1.0625,
                        8.875
                    ],
                    "texture": "#0"
                },
                "up": {
                    "uv": [
                        0.875,
                        8.6875,
                        1.0625,
                        8.75
                    ],
                    "texture": "#0",
                    "rotation": 90
                },
                "down": {
                    "uv": [
                        1.0625,
                        8.6875,
                        1.25,
                        8.75
                    ],
                    "texture": "#0",
                    "rotation": 90
                }
            }
        },
        {
            "rotation": {
                "origin": [
                    -0.54,
                    0.0425,
                    -7.37
                ],
                "angle": 0,
                "axis": "y"
            },
            "from": [
                0.375,
                2.4825,
                -8.59
            ],
            "to": [
                0.68,
                4.9225,
                -5.845
            ],
            "faces": {
                "south": {
                    "uv": [
                        0.6875,
                        8.75,
                        0.75,
                        9.25
                    ],
                    "texture": "#0"
                },
                "north": {
                    "uv": [
                        0.0625,
                        8.75,
                        0.125,
                        9.25
                    ],
                    "texture": "#0"
                },
                "west": {
                    "uv": [
                        0.125,
                        8.75,
                        0.6875,
                        9.25
                    ],
                    "texture": "#0"
                },
                "up": {
                    "uv": [
                        0.125,
                        8.6875,
                        0.6875,
                        8.75
                    ],
                    "texture": "#0",
                    "rotation": 90
                },
                "down": {
                    "uv": [
                        0.125,
                        9.25,
                        0.6875,
                        9.3125
                    ],
                    "texture": "#0",
                    "rotation": 90
                }
            }
        },
        {
            "rotation": {
                "origin": [
                    -0.54,
                    0.0425,
                    -7.37
                ],
                "angle": 0,
                "axis": "y"
            },
            "from": [
                0.5275,
                4.9225,
                -6.76
            ],
            "to": [
                0.5336,
                5.8375,
                -5.845
            ],
            "faces": {
                "east": {
                    "uv": [
                        0.21875,
                        9.4375,
                        0.40625,
                        9.625
                    ],
                    "texture": "#0"
                },
                "west": {
                    "uv": [
                        0.59375,
                        9.4375,
                        0.78125,
                        9.625
                    ],
                    "texture": "#0"
                }
            }
        },
        {
            "rotation": {
                "origin": [
                    -0.54,
                    0.0425,
                    -7.37
                ],
                "angle": 0,
                "axis": "y"
            },
            "from": [
                0.5275,
                3.7025,
                -5.845
            ],
            "to": [
                0.5336,
                4.9225,
                -5.235
            ],
            "faces": {
                "east": {
                    "uv": [
                        0.0625,
                        9.375,
                        0.1875,
                        9.625
                    ],
                    "texture": "#0"
                },
                "west": {
                    "uv": [
                        0.875,
                        9.375,
                        1,
                        9.625
                    ],
                    "texture": "#0"
                }
            }
        },
        {
            "rotation": {
                "origin": [
                    -0.54,
                    0.0425,
                    -7.37
                ],
                "angle": 0,
                "axis": "y"
            },
            "from": [
                0.5275,
                4.9225,
                -8.59
            ],
            "to": [
                0.5336,
                5.8375,
                -7.675
            ],
            "faces": {
                "east": {
                    "uv": [
                        0.59375,
                        9.4375,
                        0.78125,
                        9.625
                    ],
                    "texture": "#0"
                },
                "west": {
                    "uv": [
                        0.21875,
                        9.4375,
                        0.40625,
                        9.625
                    ],
                    "texture": "#0"
                }
            }
        },
        {
            "rotation": {
                "origin": [
                    -0.54,
                    0.0425,
                    -7.37
                ],
                "angle": 0,
                "axis": "y"
            },
            "from": [
                0.5275,
                3.7025,
                -9.2
            ],
            "to": [
                0.5336,
                4.9225,
                -8.59
            ],
            "faces": {
                "east": {
                    "uv": [
                        0.875,
                        9.375,
                        1,
                        9.625
                    ],
                    "texture": "#0"
                },
                "west": {
                    "uv": [
                        0.0625,
                        9.375,
                        0.1875,
                        9.625
                    ],
                    "texture": "#0"
                }
            }
        },
        {
            "rotation": {
                "origin": [
                    0.375,
                    3.3975,
                    -7.37
                ],
                "angle": -22.5,
                "axis": "z"
            },
            "from": [
                0.3689,
                1.2625,
                -8.895
            ],
            "to": [
                0.375,
                3.3975,
                -5.54
            ],
            "faces": {
                "east": {
                    "uv": [
                        1.3125,
                        8.6875,
                        2,
                        9.125
                    ],
                    "texture": "#0",
                    "rotation": 180
                },
                "west": {
                    "uv": [
                        1.3125,
                        8.6875,
                        2,
                        9.125
                    ],
                    "texture": "#0",
                    "rotation": 180
                }
            }
        },
        {
            "rotation": {
                "origin": [
                    16.54,
                    0.0425,
                    -7.37
                ],
                "angle": 0,
                "axis": "y"
            },
            "from": [
                15.625,
                3.0925,
                -7.675
            ],
            "to": [
                15.93,
                3.7025,
                -6.76
            ],
            "faces": {
                "east": {
                    "uv": [
                        1.0625,
                        8.75,
                        0.875,
                        8.875
                    ],
                    "texture": "#0"
                },
                "south": {
                    "uv": [
                        1.125,
                        8.75,
                        1.0625,
                        8.875
                    ],
                    "texture": "#0"
                },
                "north": {
                    "uv": [
                        0.875,
                        8.75,
                        0.8125,
                        8.875
                    ],
                    "texture": "#0"
                },
                "up": {
                    "uv": [
                        0.875,
                        8.75,
                        1.0625,
                        8.6875
                    ],
                    "texture": "#0",
                    "rotation": 90
                },
                "down": {
                    "uv": [
                        1.0625,
                        8.75,
                        1.25,
                        8.6875
                    ],
                    "texture": "#0",
                    "rotation": 90
                }
            }
        },
        {
            "rotation": {
                "origin": [
                    16.54,
                    0.0425,
                    -7.37
                ],
                "angle": 0,
                "axis": "y"
            },
            "from": [
                15.32,
                2.4825,
                -8.59
            ],
            "to": [
                15.625,
                4.9225,
                -5.845
            ],
            "faces": {
                "east": {
                    "uv": [
                        0.6875,
                        8.75,
                        0.125,
                        9.25
                    ],
                    "texture": "#0"
                },
                "south": {
                    "uv": [
                        0.75,
                        8.75,
                        0.6875,
                        9.25
                    ],
                    "texture": "#0"
                },
                "north": {
                    "uv": [
                        0.125,
                        8.75,
                        0.0625,
                        9.25
                    ],
                    "texture": "#0"
                },
                "up": {
                    "uv": [
                        0.125,
                        8.75,
                        0.6875,
                        8.6875
                    ],
                    "texture": "#0",
                    "rotation": 90
                },
                "down": {
                    "uv": [
                        0.125,
                        9.3125,
                        0.6875,
                        9.25
                    ],
                    "texture": "#0",
                    "rotation": 90
                }
            }
        },
        {
            "rotation": {
                "origin": [
                    16.54,
                    0.0425,
                    -7.37
                ],
                "angle": 0,
                "axis": "y"
            },
            "from": [
                15.4664,
                4.9225,
                -6.76
            ],
            "to": [
                15.4725,
                5.8375,
                -5.845
            ],
            "faces": {
                "east": {
                    "uv": [
                        0.78125,
                        9.4375,
                        0.59375,
                        9.625
                    ],
                    "texture": "#0"
                },
                "west": {
                    "uv": [
                        0.40625,
                        9.4375,
                        0.21875,
                        9.625
                    ],
                    "texture": "#0"
                }
            }
        },
        {
            "rotation": {
                "origin": [
                    16.54,
                    0.0425,
                    -7.37
                ],
                "angle": 0,
                "axis": "y"
            },
            "from": [
                15.4664,
                3.7025,
                -5.845
            ],
            "to": [
                15.4725,
                4.9225,
                -5.235
            ],
            "faces": {
                "east": {
                    "uv": [
                        1,
                        9.375,
                        0.875,
                        9.625
                    ],
                    "texture": "#0"
                },
                "west": {
                    "uv": [
                        0.1875,
                        9.375,
                        0.0625,
                        9.625
                    ],
                    "texture": "#0"
                }
            }
        },
        {
            "rotation": {
                "origin": [
                    16.54,
                    0.0425,
                    -7.37
                ],
                "angle": 0,
                "axis": "y"
            },
            "from": [
                15.4664,
                4.9225,
                -8.59
            ],
            "to": [
                15.4725,
                5.8375,
                -7.675
            ],
            "faces": {
                "east": {
                    "uv": [
                        0.40625,
                        9.4375,
                        0.21875,
                        9.625
                    ],
                    "texture": "#0"
                },
                "west": {
                    "uv": [
                        0.78125,
                        9.4375,
                        0.59375,
                        9.625
                    ],
                    "texture": "#0"
                }
            }
        },
        {
            "rotation": {
                "origin": [
                    16.54,
                    0.0425,
                    -7.37
                ],
                "angle": 0,
                "axis": "y"
            },
            "from": [
                15.4664,
                3.7025,
                -9.2
            ],
            "to": [
                15.4725,
                4.9225,
                -8.59
            ],
            "faces": {
                "east": {
                    "uv": [
                        0.1875,
                        9.375,
                        0.0625,
                        9.625
                    ],
                    "texture": "#0"
                },
                "west": {
                    "uv": [
                        1,
                        9.375,
                        0.875,
                        9.625
                    ],
                    "texture": "#0"
                }
            }
        },
        {
            "rotation": {
                "origin": [
                    15.625,
                    3.3975,
                    -7.37
                ],
                "angle": 22.5,
                "axis": "z"
            },
            "from": [
                15.625,
                1.2625,
                -8.895
            ],
            "to": [
                15.6311,
                3.3975,
                -5.54
            ],
            "faces": {
                "east": {
                    "uv": [
                        2,
                        8.6875,
                        1.3125,
                        9.125
                    ],
                    "texture": "#0",
                    "rotation": 180
                },
                "west": {
                    "uv": [
                        2,
                        8.6875,
                        1.3125,
                        9.125
                    ],
                    "texture": "#0",
                    "rotation": 180
                }
            }
        }
    ],
    "display": {
        "thirdperson_lefthand": {
            "rotation": [
                75,
                0,
                -10
            ],
            "translation": [
                -8.35,
                -5.35,
                -2.5
            ]
        },
        "thirdperson_righthand": {
            "rotation": [
                75,
                0,
                -10
            ],
            "translation": [
                -8.35,
                -5.35,
                -2.5
            ]
        },
        "ground": {
            "rotation": [
                0,
                90,
                180
            ],
            "scale": [
                1.2,
                1.2,
                1.2
            ]
        },
        "gui": {"rotation": [
            180,
            180,
            0
        ]},
        "fixed": {
            "rotation": [
                0,
                90,
                180
            ],
            "translation": [
                0,
                1,
                0
            ],
            "scale": [
                2,
                2,
                2
            ]
        }
    },
    "groups": [
        0,
        1,
        2,
        3,
        4,
        5,
        {
            "color": 0,
            "children": [
                6,
                7,
                8,
                9,
                10,
                11,
                12
            ],
            "origin": [
                0.75,
                2.75,
                0
            ],
            "name": "face_handle"
        },
        {
            "color": 0,
            "children": [
                13,
                14,
                15,
                16,
                17,
                18,
                19
            ],
            "origin": [
                0.75,
                2.75,
                0
            ],
            "name": "face_handle"
        },
        {
            "color": 0,
            "children": [
                20,
                21,
                22,
                23,
                24,
                25,
                26
            ],
            "origin": [
                0.75,
                2.75,
                0
            ],
            "name": "face_handle"
        },
        {
            "color": 0,
            "children": [
                27,
                28,
                29,
                30,
                31,
                32,
                33
            ],
            "origin": [
                0.75,
                2.75,
                0
            ],
            "name": "face_handle"
        },
        {
            "color": 0,
            "children": [
                34,
                35,
                36,
                37,
                38,
                39,
                40
            ],
            "origin": [
                0.75,
                2.75,
                0
            ],
            "name": "face_handle"
        },
        {
            "color": 0,
            "children": [
                41,
                42,
                43,
                44,
                45,
                46,
                47
            ],
            "origin": [
                0.75,
                2.75,
                0
            ],
            "name": "face_handle"
        }
    ],
    "credit": "© 2015-2022 MadstonMagic. All rights reserved. https://madstonmagic.github.io/shop/. Made using BlockBench"
}