{
    "textures": {
        "0": "furniture/pile_of_coins",
        "particle": "furniture/pile_of_coins"
    },
    "texture_size": [
        64,
        64
    ],
    "elements": [
        {
            "rotation": {
                "origin": [
                    8,
                    5.5,
                    8
                ],
                "angle": 22.5,
                "axis": "z"
            },
            "from": [
                -6.5,
                5.5,
                -1
            ],
            "to": [
                9.5,
                5.505,
                15
            ],
            "faces": {
                "up": {
                    "uv": [
                        4,
                        4,
                        0,
                        0
                    ],
                    "texture": "#0"
                },
                "down": {
                    "uv": [
                        4,
                        4,
                        0,
                        8
                    ],
                    "texture": "#0"
                }
            }
        },
        {
            "rotation": {
                "origin": [
                    8,
                    5.5,
                    8
                ],
                "angle": -22.5,
                "axis": "z"
            },
            "from": [
                6.5,
                5.5,
                2
            ],
            "to": [
                22.5,
                5.505,
                18
            ],
            "faces": {
                "up": {
                    "uv": [
                        8,
                        4,
                        4,
                        0
                    ],
                    "texture": "#0"
                },
                "down": {
                    "uv": [
                        8,
                        4,
                        4,
                        8
                    ],
                    "texture": "#0"
                }
            }
        },
        {
            "rotation": {
                "origin": [
                    8,
                    5.5,
                    8
                ],
                "angle": 22.5,
                "axis": "x"
            },
            "from": [
                -1.5,
                5.5,
                6
            ],
            "to": [
                14.5,
                5.505,
                22
            ],
            "faces": {
                "up": {
                    "uv": [
                        12,
                        4,
                        8,
                        0
                    ],
                    "texture": "#0"
                },
                "down": {
                    "uv": [
                        12,
                        4,
                        8,
                        8
                    ],
                    "texture": "#0"
                }
            }
        },
        {
            "rotation": {
                "origin": [
                    8,
                    5.5,
                    8
                ],
                "angle": -22.5,
                "axis": "x"
            },
            "from": [
                0.5,
                5.5,
                -6
            ],
            "to": [
                16.5,
                5.505,
                10
            ],
            "faces": {
                "up": {
                    "uv": [
                        4,
                        12,
                        0,
                        8
                    ],
                    "texture": "#0"
                },
                "down": {
                    "uv": [
                        8,
                        8,
                        4,
                        12
                    ],
                    "texture": "#0"
                }
            }
        },
        {
            "rotation": {
                "origin": [
                    0,
                    0,
                    -1
                ],
                "angle": 0,
                "axis": "y"
            },
            "from": [
                20.5,
                0,
                -3.5
            ],
            "to": [
                24,
                0.5,
                0
            ],
            "faces": {
                "east": {
                    "uv": [
                        12.5,
                        1.625,
                        13.375,
                        1.75
                    ],
                    "texture": "#0"
                },
                "south": {
                    "uv": [
                        13.75,
                        1.5,
                        14.625,
                        1.625
                    ],
                    "texture": "#0"
                },
                "north": {
                    "uv": [
                        13.75,
                        1.375,
                        14.625,
                        1.5
                    ],
                    "texture": "#0"
                },
                "west": {
                    "uv": [
                        12.5,
                        1.25,
                        13.375,
                        1.375
                    ],
                    "texture": "#0"
                },
                "up": {
                    "uv": [
                        12.5,
                        0.125,
                        13.375,
                        1
                    ],
                    "texture": "#0"
                }
            }
        },
        {
            "rotation": {
                "origin": [
                    0,
                    0,
                    -1
                ],
                "angle": 0,
                "axis": "y"
            },
            "from": [
                21,
                0,
                -4
            ],
            "to": [
                23.5,
                0.5,
                0.5
            ],
            "faces": {
                "east": {
                    "uv": [
                        12.5,
                        1.5,
                        13.625,
                        1.625
                    ],
                    "texture": "#0"
                },
                "south": {
                    "uv": [
                        13.875,
                        1.625,
                        14.5,
                        1.75
                    ],
                    "texture": "#0"
                },
                "north": {
                    "uv": [
                        13.875,
                        1.25,
                        14.5,
                        1.375
                    ],
                    "texture": "#0"
                },
                "west": {
                    "uv": [
                        12.5,
                        1.375,
                        13.625,
                        1.5
                    ],
                    "texture": "#0"
                },
                "up": {
                    "uv": [
                        12.625,
                        0,
                        13.25,
                        1.125
                    ],
                    "texture": "#0"
                }
            }
        },
        {
            "rotation": {
                "origin": [
                    0,
                    0,
                    -1
                ],
                "angle": 22.5,
                "axis": "z"
            },
            "from": [
                18.25,
                -7.4375,
                -2.5
            ],
            "to": [
                20.75,
                -6.9375,
                2
            ],
            "faces": {
                "east": {
                    "uv": [
                        12.5,
                        1.5,
                        13.625,
                        1.625
                    ],
                    "texture": "#0"
                },
                "south": {
                    "uv": [
                        13.875,
                        1.625,
                        14.5,
                        1.75
                    ],
                    "texture": "#0"
                },
                "north": {
                    "uv": [
                        13.875,
                        1.25,
                        14.5,
                        1.375
                    ],
                    "texture": "#0"
                },
                "west": {
                    "uv": [
                        12.5,
                        1.375,
                        13.625,
                        1.5
                    ],
                    "texture": "#0"
                },
                "up": {
                    "uv": [
                        12.625,
                        0,
                        13.25,
                        1.125
                    ],
                    "texture": "#0"
                },
                "down": {
                    "uv": [
                        12.625,
                        0,
                        13.25,
                        1.125
                    ],
                    "texture": "#0"
                }
            }
        },
        {
            "rotation": {
                "origin": [
                    0,
                    0,
                    -1
                ],
                "angle": 22.5,
                "axis": "z"
            },
            "from": [
                17.75,
                -7.4375,
                -2
            ],
            "to": [
                21.25,
                -6.9375,
                1.5
            ],
            "faces": {
                "east": {
                    "uv": [
                        12.5,
                        1.625,
                        13.375,
                        1.75
                    ],
                    "texture": "#0"
                },
                "south": {
                    "uv": [
                        13.75,
                        1.5,
                        14.625,
                        1.625
                    ],
                    "texture": "#0"
                },
                "north": {
                    "uv": [
                        13.75,
                        1.375,
                        14.625,
                        1.5
                    ],
                    "texture": "#0"
                },
                "west": {
                    "uv": [
                        12.5,
                        1.25,
                        13.375,
                        1.375
                    ],
                    "texture": "#0"
                },
                "up": {
                    "uv": [
                        12.5,
                        0.125,
                        13.375,
                        1
                    ],
                    "texture": "#0"
                },
                "down": {
                    "uv": [
                        12.5,
                        0.125,
                        13.375,
                        1
                    ],
                    "texture": "#0"
                }
            }
        },
        {
            "rotation": {
                "origin": [
                    0,
                    0,
                    0
                ],
                "angle": -22.5,
                "axis": "y"
            },
            "from": [
                4.5,
                0,
                -13
            ],
            "to": [
                8,
                0.5,
                -9.5
            ],
            "faces": {
                "east": {
                    "uv": [
                        13.75,
                        1.5,
                        14.625,
                        1.625
                    ],
                    "texture": "#0"
                },
                "south": {
                    "uv": [
                        12.5,
                        1.25,
                        13.375,
                        1.375
                    ],
                    "texture": "#0"
                },
                "north": {
                    "uv": [
                        12.5,
                        1.625,
                        13.375,
                        1.75
                    ],
                    "texture": "#0"
                },
                "west": {
                    "uv": [
                        13.75,
                        1.375,
                        14.625,
                        1.5
                    ],
                    "texture": "#0"
                },
                "up": {
                    "uv": [
                        12.5,
                        0.125,
                        13.375,
                        1
                    ],
                    "texture": "#0",
                    "rotation": 270
                }
            }
        },
        {
            "rotation": {
                "origin": [
                    0,
                    0,
                    0
                ],
                "angle": -22.5,
                "axis": "y"
            },
            "from": [
                4,
                0,
                -12.5
            ],
            "to": [
                8.5,
                0.5,
                -10
            ],
            "faces": {
                "east": {
                    "uv": [
                        13.875,
                        1.625,
                        14.5,
                        1.75
                    ],
                    "texture": "#0"
                },
                "south": {
                    "uv": [
                        12.5,
                        1.375,
                        13.625,
                        1.5
                    ],
                    "texture": "#0"
                },
                "north": {
                    "uv": [
                        12.5,
                        1.5,
                        13.625,
                        1.625
                    ],
                    "texture": "#0"
                },
                "west": {
                    "uv": [
                        13.875,
                        1.25,
                        14.5,
                        1.375
                    ],
                    "texture": "#0"
                },
                "up": {
                    "uv": [
                        12.625,
                        0,
                        13.25,
                        1.125
                    ],
                    "texture": "#0",
                    "rotation": 270
                }
            }
        },
        {
            "from": [
                4.5,
                0,
                25
            ],
            "to": [
                8,
                0.5,
                28.5
            ],
            "faces": {
                "east": {
                    "uv": [
                        13.75,
                        1.5,
                        14.625,
                        1.625
                    ],
                    "texture": "#0"
                },
                "south": {
                    "uv": [
                        12.5,
                        1.25,
                        13.375,
                        1.375
                    ],
                    "texture": "#0"
                },
                "north": {
                    "uv": [
                        12.5,
                        1.625,
                        13.375,
                        1.75
                    ],
                    "texture": "#0"
                },
                "west": {
                    "uv": [
                        13.75,
                        1.375,
                        14.625,
                        1.5
                    ],
                    "texture": "#0"
                },
                "up": {
                    "uv": [
                        12.5,
                        0.125,
                        13.375,
                        1
                    ],
                    "texture": "#0",
                    "rotation": 270
                }
            }
        },
        {
            "from": [
                4,
                0,
                25.5
            ],
            "to": [
                8.5,
                0.5,
                28
            ],
            "faces": {
                "east": {
                    "uv": [
                        13.875,
                        1.625,
                        14.5,
                        1.75
                    ],
                    "texture": "#0"
                },
                "south": {
                    "uv": [
                        12.5,
                        1.375,
                        13.625,
                        1.5
                    ],
                    "texture": "#0"
                },
                "north": {
                    "uv": [
                        12.5,
                        1.5,
                        13.625,
                        1.625
                    ],
                    "texture": "#0"
                },
                "west": {
                    "uv": [
                        13.875,
                        1.25,
                        14.5,
                        1.375
                    ],
                    "texture": "#0"
                },
                "up": {
                    "uv": [
                        12.625,
                        0,
                        13.25,
                        1.125
                    ],
                    "texture": "#0",
                    "rotation": 270
                }
            }
        },
        {
            "rotation": {
                "origin": [
                    0,
                    0,
                    0
                ],
                "angle": 22.5,
                "axis": "y"
            },
            "from": [
                8.5,
                0,
                24
            ],
            "to": [
                12,
                0.5,
                27.5
            ],
            "faces": {
                "east": {
                    "uv": [
                        13.75,
                        1.375,
                        14.625,
                        1.5
                    ],
                    "texture": "#0"
                },
                "south": {
                    "uv": [
                        12.5,
                        1.625,
                        13.375,
                        1.75
                    ],
                    "texture": "#0"
                },
                "north": {
                    "uv": [
                        12.5,
                        1.25,
                        13.375,
                        1.375
                    ],
                    "texture": "#0"
                },
                "west": {
                    "uv": [
                        13.75,
                        1.5,
                        14.625,
                        1.625
                    ],
                    "texture": "#0"
                },
                "up": {
                    "uv": [
                        12.5,
                        0.125,
                        13.375,
                        1
                    ],
                    "texture": "#0",
                    "rotation": 90
                }
            }
        },
        {
            "rotation": {
                "origin": [
                    0,
                    0,
                    0
                ],
                "angle": 22.5,
                "axis": "y"
            },
            "from": [
                8,
                0,
                24.5
            ],
            "to": [
                12.5,
                0.5,
                27
            ],
            "faces": {
                "east": {
                    "uv": [
                        13.875,
                        1.25,
                        14.5,
                        1.375
                    ],
                    "texture": "#0"
                },
                "south": {
                    "uv": [
                        12.5,
                        1.5,
                        13.625,
                        1.625
                    ],
                    "texture": "#0"
                },
                "north": {
                    "uv": [
                        12.5,
                        1.375,
                        13.625,
                        1.5
                    ],
                    "texture": "#0"
                },
                "west": {
                    "uv": [
                        13.875,
                        1.625,
                        14.5,
                        1.75
                    ],
                    "texture": "#0"
                },
                "up": {
                    "uv": [
                        12.625,
                        0,
                        13.25,
                        1.125
                    ],
                    "texture": "#0",
                    "rotation": 90
                }
            }
        },
        {
            "rotation": {
                "origin": [
                    0,
                    0,
                    0
                ],
                "angle": 22.5,
                "axis": "y"
            },
            "from": [
                -2.5,
                0,
                -7
            ],
            "to": [
                1,
                0.5,
                -3.5
            ],
            "faces": {
                "east": {
                    "uv": [
                        13.75,
                        1.5,
                        14.625,
                        1.625
                    ],
                    "texture": "#0"
                },
                "south": {
                    "uv": [
                        12.5,
                        1.25,
                        13.375,
                        1.375
                    ],
                    "texture": "#0"
                },
                "north": {
                    "uv": [
                        12.5,
                        1.625,
                        13.375,
                        1.75
                    ],
                    "texture": "#0"
                },
                "west": {
                    "uv": [
                        13.75,
                        1.375,
                        14.625,
                        1.5
                    ],
                    "texture": "#0"
                },
                "up": {
                    "uv": [
                        12.5,
                        0.125,
                        13.375,
                        1
                    ],
                    "texture": "#0",
                    "rotation": 270
                }
            }
        },
        {
            "rotation": {
                "origin": [
                    0,
                    0,
                    0
                ],
                "angle": 22.5,
                "axis": "y"
            },
            "from": [
                -3,
                0,
                -6.5
            ],
            "to": [
                1.5,
                0.5,
                -4
            ],
            "faces": {
                "east": {
                    "uv": [
                        13.875,
                        1.625,
                        14.5,
                        1.75
                    ],
                    "texture": "#0"
                },
                "south": {
                    "uv": [
                        12.5,
                        1.375,
                        13.625,
                        1.5
                    ],
                    "texture": "#0"
                },
                "north": {
                    "uv": [
                        12.5,
                        1.5,
                        13.625,
                        1.625
                    ],
                    "texture": "#0"
                },
                "west": {
                    "uv": [
                        13.875,
                        1.25,
                        14.5,
                        1.375
                    ],
                    "texture": "#0"
                },
                "up": {
                    "uv": [
                        12.625,
                        0,
                        13.25,
                        1.125
                    ],
                    "texture": "#0",
                    "rotation": 270
                }
            }
        },
        {
            "rotation": {
                "origin": [
                    -3,
                    0,
                    0
                ],
                "angle": 0,
                "axis": "y"
            },
            "from": [
                -9.5,
                0,
                17
            ],
            "to": [
                -6,
                0.5,
                20.5
            ],
            "faces": {
                "east": {
                    "uv": [
                        13.75,
                        1.375,
                        14.625,
                        1.5
                    ],
                    "texture": "#0"
                },
                "south": {
                    "uv": [
                        12.5,
                        1.625,
                        13.375,
                        1.75
                    ],
                    "texture": "#0"
                },
                "north": {
                    "uv": [
                        12.5,
                        1.25,
                        13.375,
                        1.375
                    ],
                    "texture": "#0"
                },
                "west": {
                    "uv": [
                        13.75,
                        1.5,
                        14.625,
                        1.625
                    ],
                    "texture": "#0"
                },
                "up": {
                    "uv": [
                        12.5,
                        0.125,
                        13.375,
                        1
                    ],
                    "texture": "#0",
                    "rotation": 90
                }
            }
        },
        {
            "rotation": {
                "origin": [
                    -3,
                    0,
                    0
                ],
                "angle": 0,
                "axis": "y"
            },
            "from": [
                -10,
                0,
                17.5
            ],
            "to": [
                -5.5,
                0.5,
                20
            ],
            "faces": {
                "east": {
                    "uv": [
                        13.875,
                        1.25,
                        14.5,
                        1.375
                    ],
                    "texture": "#0"
                },
                "south": {
                    "uv": [
                        12.5,
                        1.5,
                        13.625,
                        1.625
                    ],
                    "texture": "#0"
                },
                "north": {
                    "uv": [
                        12.5,
                        1.375,
                        13.625,
                        1.5
                    ],
                    "texture": "#0"
                },
                "west": {
                    "uv": [
                        13.875,
                        1.625,
                        14.5,
                        1.75
                    ],
                    "texture": "#0"
                },
                "up": {
                    "uv": [
                        12.625,
                        0,
                        13.25,
                        1.125
                    ],
                    "texture": "#0",
                    "rotation": 90
                }
            }
        },
        {
            "rotation": {
                "origin": [
                    -3,
                    0,
                    0
                ],
                "angle": -22.5,
                "axis": "x"
            },
            "from": [
                -7.5,
                -6.125,
                14.375
            ],
            "to": [
                -4,
                -5.625,
                17.875
            ],
            "faces": {
                "east": {
                    "uv": [
                        13.75,
                        1.375,
                        14.625,
                        1.5
                    ],
                    "texture": "#0"
                },
                "south": {
                    "uv": [
                        12.5,
                        1.625,
                        13.375,
                        1.75
                    ],
                    "texture": "#0"
                },
                "north": {
                    "uv": [
                        12.5,
                        1.25,
                        13.375,
                        1.375
                    ],
                    "texture": "#0"
                },
                "west": {
                    "uv": [
                        13.75,
                        1.5,
                        14.625,
                        1.625
                    ],
                    "texture": "#0"
                },
                "up": {
                    "uv": [
                        12.5,
                        0.125,
                        13.375,
                        1
                    ],
                    "texture": "#0",
                    "rotation": 90
                },
                "down": {
                    "uv": [
                        12.5,
                        0.125,
                        13.375,
                        1
                    ],
                    "texture": "#0",
                    "rotation": 270
                }
            }
        },
        {
            "rotation": {
                "origin": [
                    -3,
                    0,
                    0
                ],
                "angle": -22.5,
                "axis": "x"
            },
            "from": [
                -8,
                -6.125,
                14.875
            ],
            "to": [
                -3.5,
                -5.625,
                17.375
            ],
            "faces": {
                "east": {
                    "uv": [
                        13.875,
                        1.25,
                        14.5,
                        1.375
                    ],
                    "texture": "#0"
                },
                "south": {
                    "uv": [
                        12.5,
                        1.5,
                        13.625,
                        1.625
                    ],
                    "texture": "#0"
                },
                "north": {
                    "uv": [
                        12.5,
                        1.375,
                        13.625,
                        1.5
                    ],
                    "texture": "#0"
                },
                "west": {
                    "uv": [
                        13.875,
                        1.625,
                        14.5,
                        1.75
                    ],
                    "texture": "#0"
                },
                "up": {
                    "uv": [
                        12.625,
                        0,
                        13.25,
                        1.125
                    ],
                    "texture": "#0",
                    "rotation": 90
                },
                "down": {
                    "uv": [
                        12.625,
                        0,
                        13.25,
                        1.125
                    ],
                    "texture": "#0",
                    "rotation": 270
                }
            }
        }
    ],
    "display": {
        "thirdperson_lefthand": {
            "rotation": [
                75,
                0,
                -10
            ],
            "translation": [
                -8.35,
                -5.35,
                -2.5
            ]
        },
        "thirdperson_righthand": {
            "rotation": [
                75,
                0,
                -10
            ],
            "translation": [
                -8.35,
                -5.35,
                -2.5
            ]
        },
        "ground": {
            "rotation": [
                0,
                90,
                180
            ],
            "scale": [
                1.2,
                1.2,
                1.2
            ]
        },
        "gui": {"rotation": [
            180,
            180,
            0
        ]},
        "fixed": {
            "rotation": [
                0,
                90,
                180
            ],
            "translation": [
                0,
                1,
                0
            ],
            "scale": [
                2,
                2,
                2
            ]
        }
    },
    "groups": [
        0,
        1,
        2,
        3,
        {
            "color": 0,
            "children": [
                {
                    "color": 0,
                    "children": [
                        4,
                        5,
                        6,
                        7
                    ],
                    "origin": [
                        0,
                        0,
                        0
                    ],
                    "name": "coin"
                },
                {
                    "color": 0,
                    "children": [
                        8,
                        9
                    ],
                    "origin": [
                        0,
                        0,
                        0
                    ],
                    "name": "coin"
                },
                {
                    "color": 0,
                    "children": [
                        10,
                        11
                    ],
                    "origin": [
                        0,
                        0,
                        0
                    ],
                    "name": "coin"
                },
                {
                    "color": 0,
                    "children": [
                        12,
                        13
                    ],
                    "origin": [
                        0,
                        0,
                        0
                    ],
                    "name": "coin"
                },
                {
                    "color": 0,
                    "children": [
                        14,
                        15
                    ],
                    "origin": [
                        0,
                        0,
                        0
                    ],
                    "name": "coin"
                },
                {
                    "color": 0,
                    "children": [
                        16,
                        17
                    ],
                    "origin": [
                        0,
                        0,
                        0
                    ],
                    "name": "coin"
                },
                {
                    "color": 0,
                    "children": [
                        18,
                        19
                    ],
                    "origin": [
                        0,
                        0,
                        0
                    ],
                    "name": "coin"
                }
            ],
            "origin": [
                0,
                0,
                0
            ],
            "name": "coins"
        }
    ],
    "credit": "© 2015-2022 MadstonMagic. All rights reserved. https://madstonmagic.github.io/shop/. Made using BlockBench"
}