{
    "gui_light": "front",
    "textures": {
        "2": "blockmodels/romantic/textures/champagne",
        "3": "blockmodels/romantic/textures/just_a_cup"
    },
    "texture_size": [
        32,
        32
    ],
    "elements": [
        {
            "rotation": {
                "origin": [
                    8,
                    5.25,
                    8
                ],
                "angle": 0,
                "axis": "y"
            },
            "from": [
                6,
                0,
                6
            ],
            "to": [
                10,
                1,
                10
            ],
            "faces": {
                "east": {
                    "uv": [
                        6,
                        6.5,
                        8,
                        7
                    ],
                    "texture": "#3",
                    "tintindex": 0
                },
                "south": {
                    "uv": [
                        7,
                        2,
                        9,
                        2.5
                    ],
                    "texture": "#3",
                    "tintindex": 0
                },
                "north": {
                    "uv": [
                        6,
                        6,
                        8,
                        6.5
                    ],
                    "texture": "#3",
                    "tintindex": 0
                },
                "west": {
                    "uv": [
                        7,
                        2.5,
                        9,
                        3
                    ],
                    "texture": "#3",
                    "tintindex": 0
                },
                "up": {
                    "uv": [
                        4,
                        6,
                        2,
                        4
                    ],
                    "texture": "#3",
                    "tintindex": 0
                },
                "down": {
                    "uv": [
                        6,
                        4,
                        4,
                        6
                    ],
                    "texture": "#3",
                    "tintindex": 0
                }
            }
        },
        {
            "rotation": {
                "origin": [
                    8,
                    5.25,
                    8
                ],
                "angle": 0,
                "axis": "y"
            },
            "from": [
                7.25,
                1,
                7.25
            ],
            "to": [
                8.75,
                5,
                8.75
            ],
            "faces": {
                "east": {
                    "uv": [
                        4,
                        6,
                        5,
                        8
                    ],
                    "texture": "#3",
                    "tintindex": 0
                },
                "south": {
                    "uv": [
                        6,
                        4,
                        7,
                        6
                    ],
                    "texture": "#3",
                    "tintindex": 0
                },
                "north": {
                    "uv": [
                        6,
                        2,
                        7,
                        4
                    ],
                    "texture": "#3",
                    "tintindex": 0
                },
                "west": {
                    "uv": [
                        5,
                        6,
                        6,
                        8
                    ],
                    "texture": "#3",
                    "tintindex": 0
                },
                "up": {
                    "uv": [
                        8,
                        4,
                        7,
                        3
                    ],
                    "texture": "#3",
                    "tintindex": 0
                },
                "down": {
                    "uv": [
                        8,
                        4,
                        7,
                        5
                    ],
                    "texture": "#3",
                    "tintindex": 0
                }
            }
        },
        {
            "rotation": {
                "origin": [
                    8,
                    5.25,
                    8
                ],
                "angle": 0,
                "axis": "y"
            },
            "from": [
                6,
                5,
                6
            ],
            "to": [
                10,
                13,
                10
            ],
            "faces": {
                "east": {
                    "uv": [
                        2,
                        0,
                        4,
                        4
                    ],
                    "texture": "#3",
                    "tintindex": 0
                },
                "south": {
                    "uv": [
                        0,
                        4,
                        2,
                        8
                    ],
                    "texture": "#3",
                    "tintindex": 0
                },
                "north": {
                    "uv": [
                        0,
                        0,
                        2,
                        4
                    ],
                    "texture": "#3",
                    "tintindex": 0
                },
                "west": {
                    "uv": [
                        4,
                        0,
                        6,
                        4
                    ],
                    "texture": "#3",
                    "tintindex": 0
                },
                "up": {
                    "uv": [
                        8,
                        2,
                        6,
                        0
                    ],
                    "texture": "#3",
                    "tintindex": 0
                },
                "down": {
                    "uv": [
                        4,
                        6,
                        2,
                        8
                    ],
                    "texture": "#3",
                    "tintindex": 0
                }
            }
        },
        {
            "rotation": {
                "origin": [
                    8,
                    5.25,
                    8
                ],
                "angle": 0,
                "axis": "y"
            },
            "name": "champagne",
            "from": [
                6.5,
                6,
                6.5
            ],
            "to": [
                9.5,
                11,
                9.5
            ],
            "faces": {
                "east": {
                    "uv": [
                        0,
                        0,
                        6,
                        10
                    ],
                    "texture": "#2",
                    "tintindex": 0
                },
                "south": {
                    "uv": [
                        0,
                        0,
                        6,
                        10
                    ],
                    "texture": "#2",
                    "tintindex": 0
                },
                "north": {
                    "uv": [
                        0,
                        0,
                        6,
                        10
                    ],
                    "texture": "#2",
                    "tintindex": 0
                },
                "west": {
                    "uv": [
                        0,
                        0,
                        6,
                        10
                    ],
                    "texture": "#2",
                    "tintindex": 0
                },
                "up": {
                    "uv": [
                        16,
                        6,
                        10,
                        0
                    ],
                    "texture": "#2",
                    "tintindex": 0
                },
                "down": {
                    "uv": [
                        16,
                        6,
                        10,
                        12
                    ],
                    "texture": "#2",
                    "tintindex": 0
                }
            }
        }
    ],
    "display": {
        "head": {
            "translation": [
                0,
                -14.25,
                0
            ],
            "scale": [
                2.26781,
                2.26781,
                2.26781
            ]
        },
        "firstperson_righthand": {
            "rotation": [
                0,
                177,
                -5
            ],
            "translation": [
                3.25,
                4.75,
                -0.25
            ],
            "scale": [
                0.71289,
                0.71289,
                0.71289
            ]
        },
        "thirdperson_lefthand": {
            "rotation": [
                64,
                16,
                0
            ],
            "translation": [
                -0.5,
                2.75,
                2.75
            ],
            "scale": [
                0.80273,
                0.80273,
                0.80273
            ]
        },
        "firstperson_lefthand": {
            "rotation": [
                0,
                177,
                -5
            ],
            "translation": [
                3.25,
                4.75,
                -0.25
            ],
            "scale": [
                0.70508,
                0.70508,
                0.70508
            ]
        },
        "thirdperson_righthand": {
            "translation": [
                -8.2,
                -5,
                -2.7
            ],
            "scale": [
                1,
                1,
                1
            ],
            "rotation": [
                75,
                0,
                -10
            ]
        },
        "ground": {
            "translation": [
                0,
                1.25,
                0
            ],
            "scale": [
                0.44141,
                0.44141,
                0.44141
            ]
        },
        "gui": {
            "rotation": [
                28,
                153,
                0
            ],
            "translation": [
                0,
                1.25,
                0
            ],
            "scale": [
                1.11914,
                1.11914,
                1.11914
            ]
        },
        "fixed": {
            "rotation": [
                -90,
                0,
                0
            ],
            "translation": [
                0,
                0,
                -15
            ],
            "scale": [
                1.95703,
                1.95703,
                1.95703
            ]
        }
    },
    "groups": [{
        "color": 0,
        "children": [
            0,
            1,
            2,
            3
        ],
        "origin": [
            0,
            0,
            0
        ],
        "name": "cup"
    }],
    "credit": "Made with Blockbench"
}