{
    "textures": {"2": "blockmodels/mhp3/textures/clipboard_empty"},
    "texture_size": [
        32,
        32
    ],
    "elements": [
        {
            "from": [
                3.5,
                0,
                1
            ],
            "to": [
                12.5,
                1,
                14
            ],
            "faces": {
                "east": {
                    "uv": [
                        7,
                        6.5,
                        13.5,
                        7
                    ],
                    "texture": "#2"
                },
                "south": {
                    "uv": [
                        0,
                        8,
                        4.5,
                        8.5
                    ],
                    "texture": "#2"
                },
                "north": {
                    "uv": [
                        7,
                        7.5,
                        11.5,
                        8
                    ],
                    "texture": "#2"
                },
                "west": {
                    "uv": [
                        7,
                        7,
                        13.5,
                        7.5
                    ],
                    "texture": "#2"
                },
                "up": {
                    "uv": [
                        4.5,
                        6.5,
                        0,
                        0
                    ],
                    "texture": "#2"
                },
                "down": {
                    "uv": [
                        9,
                        0,
                        4.5,
                        6.5
                    ],
                    "texture": "#2"
                }
            }
        },
        {
            "from": [
                4.5,
                1.2,
                11.2
            ],
            "to": [
                11.5,
                1.2,
                14.2
            ],
            "faces": {
                "east": {
                    "uv": [
                        0,
                        0,
                        1.5,
                        0
                    ],
                    "texture": "#2"
                },
                "south": {
                    "uv": [
                        0,
                        0,
                        3.5,
                        0
                    ],
                    "texture": "#2"
                },
                "north": {
                    "uv": [
                        0,
                        0,
                        3.5,
                        0
                    ],
                    "texture": "#2"
                },
                "west": {
                    "uv": [
                        0,
                        0,
                        1.5,
                        0
                    ],
                    "texture": "#2"
                },
                "up": {
                    "uv": [
                        3.5,
                        8,
                        0,
                        6.5
                    ],
                    "texture": "#2"
                },
                "down": {
                    "uv": [
                        7,
                        6.5,
                        3.5,
                        8
                    ],
                    "texture": "#2"
                }
            }
        },
        {
            "rotation": {
                "origin": [
                    8,
                    1.2,
                    14.2
                ],
                "angle": -22.5,
                "axis": "x"
            },
            "from": [
                4.5,
                1.2,
                14.2
            ],
            "to": [
                11.5,
                1.2,
                15.2
            ],
            "faces": {
                "east": {
                    "uv": [
                        0,
                        0,
                        0.5,
                        0
                    ],
                    "texture": "#2"
                },
                "south": {
                    "uv": [
                        0,
                        0,
                        3.5,
                        0
                    ],
                    "texture": "#2"
                },
                "north": {
                    "uv": [
                        0,
                        0,
                        3.5,
                        0
                    ],
                    "texture": "#2"
                },
                "west": {
                    "uv": [
                        0,
                        0,
                        0.5,
                        0
                    ],
                    "texture": "#2"
                },
                "up": {
                    "uv": [
                        8,
                        8.5,
                        4.5,
                        8
                    ],
                    "texture": "#2"
                },
                "down": {
                    "uv": [
                        11.5,
                        8,
                        8,
                        8.5
                    ],
                    "texture": "#2"
                }
            }
        },
        {
            "rotation": {
                "origin": [
                    8,
                    1.19908,
                    14.19962
                ],
                "angle": 22.5,
                "axis": "x"
            },
            "from": [
                4.5,
                1.19908,
                14.19962
            ],
            "to": [
                11.5,
                1.19908,
                15.19962
            ],
            "faces": {
                "east": {
                    "uv": [
                        0,
                        0,
                        0.5,
                        0
                    ],
                    "texture": "#2"
                },
                "south": {
                    "uv": [
                        0,
                        0,
                        3.5,
                        0
                    ],
                    "texture": "#2"
                },
                "north": {
                    "uv": [
                        0,
                        0,
                        3.5,
                        0
                    ],
                    "texture": "#2"
                },
                "west": {
                    "uv": [
                        0,
                        0,
                        0.5,
                        0
                    ],
                    "texture": "#2"
                },
                "up": {
                    "uv": [
                        3.5,
                        9,
                        0,
                        8.5
                    ],
                    "texture": "#2"
                },
                "down": {
                    "uv": [
                        7,
                        8.5,
                        3.5,
                        9
                    ],
                    "texture": "#2"
                }
            }
        }
    ],
    "display": {
        "firstperson_righthand": {
            "rotation": [
                0,
                45,
                0
            ],
            "scale": [
                0.4,
                0.4,
                0.4
            ]
        },
        "thirdperson_lefthand": {
            "rotation": [
                75,
                45,
                0
            ],
            "translation": [
                0,
                2.5,
                0
            ],
            "scale": [
                0.375,
                0.375,
                0.375
            ]
        },
        "firstperson_lefthand": {
            "rotation": [
                0,
                225,
                0
            ],
            "scale": [
                0.4,
                0.4,
                0.4
            ]
        },
        "thirdperson_righthand": {
            "translation": [
                -8.2,
                -5,
                -2.7
            ],
            "scale": [
                1,
                1,
                1
            ],
            "rotation": [
                75,
                0,
                -10
            ]
        },
        "ground": {
            "translation": [
                0,
                3,
                0
            ],
            "scale": [
                0.25,
                0.25,
                0.25
            ]
        },
        "gui": {
            "rotation": [
                30,
                225,
                0
            ],
            "translation": [
                0,
                2.75,
                0
            ],
            "scale": [
                0.625,
                0.625,
                0.625
            ]
        },
        "fixed": {
            "rotation": [
                -90,
                0,
                0
            ],
            "translation": [
                0,
                0,
                -16
            ],
            "scale": [
                2,
                2,
                2
            ]
        }
    },
    "credit": "Made with Blockbench"
}