{
    "gui_light": "front",
    "textures": {"texture": "gui/button_uhc"},
    "elements": [{
        "rotation": {
            "origin": [
                0,
                0,
                16
            ],
            "angle": 22.5,
            "axis": "x"
        },
        "from": [
            -10.25,
            -0.25,
            16
        ],
        "to": [
            22.25,
            21.75,
            16.0625
        ],
        "faces": {
            "south": {
                "uv": [
                    0,
                    0,
                    10.875,
                    6.625
                ],
                "texture": "#texture"
            },
            "north": {
                "uv": [
                    0,
                    0,
                    10.875,
                    6.625
                ],
                "texture": "#texture"
            }
        }
    }],
    "display": {
        "firstperson_righthand": {"scale": [
            0,
            0,
            0
        ]},
        "thirdperson_lefthand": {"scale": [
            0,
            0,
            0
        ]},
        "firstperson_lefthand": {"scale": [
            0,
            0,
            0
        ]},
        "thirdperson_righthand": {"scale": [
            0,
            0,
            0
        ]},
        "ground": {"scale": [
            0,
            0,
            0
        ]},
        "gui": {
            "rotation": [
                -22.5,
                0,
                0
            ],
            "translation": [
                0.5,
                -16.5,
                -80
            ],
            "scale": [
                2.5,
                2.5,
                2.5
            ]
        },
        "fixed": {"scale": [
            0,
            0,
            0
        ]}
    },
    "credit": "© 2015-2022 MadstonMagic. All rights reserved. https://madstonmagic.github.io/shop/. Made using BlockBench"
}