{
    "textures": {
        "0": "furniture/bicycle",
        "particle": "furniture/bicycle"
    },
    "texture_size": [
        32,
        32
    ],
    "elements": [
        {
            "rotation": {
                "origin": [
                    9.4875,
                    6.025,
                    -1.5625
                ],
                "angle": 22.5,
                "axis": "x"
            },
            "from": [
                8.85,
                6.025,
                -1.5625
            ],
            "to": [
                9.4875,
                14.525,
                -0.2875
            ],
            "faces": {
                "east": {
                    "uv": [
                        14.75,
                        0,
                        15.25,
                        2.5
                    ],
                    "texture": "#0"
                },
                "south": {
                    "uv": [
                        15.5,
                        0,
                        15.75,
                        2.5
                    ],
                    "texture": "#0"
                },
                "north": {
                    "uv": [
                        15.25,
                        0,
                        15.5,
                        2.5
                    ],
                    "texture": "#0"
                },
                "west": {
                    "uv": [
                        14.25,
                        0,
                        14.75,
                        2.5
                    ],
                    "texture": "#0"
                },
                "up": {
                    "uv": [
                        16,
                        0.5,
                        15.75,
                        0
                    ],
                    "texture": "#0"
                }
            }
        },
        {
            "rotation": {
                "origin": [
                    7.15,
                    6.025,
                    -1.5625
                ],
                "angle": 22.5,
                "axis": "x"
            },
            "from": [
                6.5125,
                6.025,
                -1.5625
            ],
            "to": [
                7.15,
                14.525,
                -0.2875
            ],
            "faces": {
                "east": {
                    "uv": [
                        14.75,
                        0,
                        15.25,
                        2.5
                    ],
                    "texture": "#0"
                },
                "south": {
                    "uv": [
                        15.5,
                        0,
                        15.75,
                        2.5
                    ],
                    "texture": "#0"
                },
                "north": {
                    "uv": [
                        15.25,
                        0,
                        15.5,
                        2.5
                    ],
                    "texture": "#0"
                },
                "west": {
                    "uv": [
                        14.25,
                        0,
                        14.75,
                        2.5
                    ],
                    "texture": "#0"
                },
                "up": {
                    "uv": [
                        16,
                        0.5,
                        15.75,
                        0
                    ],
                    "texture": "#0"
                }
            }
        },
        {
            "rotation": {
                "origin": [
                    9.7,
                    6.025,
                    -1.5625
                ],
                "angle": 22.5,
                "axis": "x"
            },
            "from": [
                7.15,
                11.125,
                -1.5625
            ],
            "to": [
                8.85,
                14.525,
                -0.2875
            ],
            "faces": {
                "south": {
                    "uv": [
                        13.5,
                        0,
                        14.25,
                        1.25
                    ],
                    "texture": "#0"
                },
                "north": {
                    "uv": [
                        12.75,
                        0,
                        13.5,
                        1.25
                    ],
                    "texture": "#0"
                },
                "up": {
                    "uv": [
                        14.25,
                        1.75,
                        13.5,
                        1.25
                    ],
                    "texture": "#0"
                },
                "down": {
                    "uv": [
                        13.5,
                        1.25,
                        12.75,
                        1.75
                    ],
                    "texture": "#0"
                }
            }
        },
        {
            "rotation": {
                "origin": [
                    9.7,
                    6.025,
                    17.5625
                ],
                "angle": -22.5,
                "axis": "x"
            },
            "from": [
                7.15,
                11.55,
                16.2875
            ],
            "to": [
                8.85,
                13.675,
                17.5625
            ],
            "faces": {
                "south": {
                    "uv": [
                        1.75,
                        9.5,
                        2.5,
                        10.25
                    ],
                    "texture": "#0"
                },
                "north": {
                    "uv": [
                        1.75,
                        8.75,
                        2.5,
                        9.5
                    ],
                    "texture": "#0"
                },
                "up": {
                    "uv": [
                        2.5,
                        10.75,
                        1.75,
                        10.25
                    ],
                    "texture": "#0"
                },
                "down": {
                    "uv": [
                        2.5,
                        10.75,
                        1.75,
                        11.5
                    ],
                    "texture": "#0"
                }
            }
        },
        {
            "rotation": {
                "origin": [
                    9.7,
                    6.025,
                    13.7375
                ],
                "angle": 0,
                "axis": "x"
            },
            "from": [
                7.575,
                12.4,
                12.4625
            ],
            "to": [
                8.425,
                13.675,
                14.5875
            ],
            "faces": {
                "east": {
                    "uv": [
                        2,
                        4.25,
                        2.5,
                        5
                    ],
                    "texture": "#0"
                },
                "south": {
                    "uv": [
                        2,
                        5,
                        2.5,
                        5.75
                    ],
                    "texture": "#0"
                },
                "north": {
                    "uv": [
                        2.5,
                        4.25,
                        3,
                        5
                    ],
                    "texture": "#0"
                },
                "west": {
                    "uv": [
                        2.5,
                        5,
                        3,
                        5.75
                    ],
                    "texture": "#0"
                }
            }
        },
        {
            "rotation": {
                "origin": [
                    9.7,
                    5.175,
                    14.5875
                ],
                "angle": 0,
                "axis": "x"
            },
            "from": [
                6.5125,
                13.4625,
                11.6125
            ],
            "to": [
                9.4875,
                14.525,
                15.4375
            ],
            "faces": {
                "east": {
                    "uv": [
                        2,
                        8,
                        3.25,
                        8.5
                    ],
                    "texture": "#0"
                },
                "south": {
                    "uv": [
                        2,
                        7,
                        3,
                        7.5
                    ],
                    "texture": "#0"
                },
                "north": {
                    "uv": [
                        2,
                        6.5,
                        3,
                        7
                    ],
                    "texture": "#0"
                },
                "west": {
                    "uv": [
                        2,
                        7.5,
                        3.25,
                        8
                    ],
                    "texture": "#0"
                },
                "up": {
                    "uv": [
                        2,
                        8.75,
                        1,
                        7.5
                    ],
                    "texture": "#0"
                },
                "down": {
                    "uv": [
                        1,
                        7.5,
                        0,
                        8.75
                    ],
                    "texture": "#0"
                }
            }
        },
        {
            "rotation": {
                "origin": [
                    9.7,
                    2.625,
                    0.1375
                ],
                "angle": 0,
                "axis": "x"
            },
            "from": [
                7.15,
                10.7,
                -0.5
            ],
            "to": [
                8.85,
                12.4,
                1.4125
            ],
            "faces": {
                "east": {
                    "uv": [
                        5.25,
                        12.5,
                        6,
                        13.25
                    ],
                    "texture": "#0"
                },
                "north": {
                    "uv": [
                        7.5,
                        12.5,
                        8.25,
                        13.25
                    ],
                    "texture": "#0"
                },
                "west": {
                    "uv": [
                        4.5,
                        12.5,
                        5.25,
                        13.25
                    ],
                    "texture": "#0"
                },
                "up": {
                    "uv": [
                        6.75,
                        13.25,
                        6,
                        12.5
                    ],
                    "texture": "#0"
                },
                "down": {
                    "uv": [
                        7.5,
                        12.5,
                        6.75,
                        13.25
                    ],
                    "texture": "#0"
                }
            }
        },
        {
            "rotation": {
                "origin": [
                    9.7,
                    5.56144,
                    14.40529
                ],
                "angle": -22.5,
                "axis": "x"
            },
            "from": [
                6.9375,
                13.84894,
                13.98029
            ],
            "to": [
                9.0625,
                14.91144,
                15.25529
            ],
            "faces": {
                "east": {
                    "uv": [
                        4.75,
                        8,
                        5.25,
                        8.5
                    ],
                    "texture": "#0"
                },
                "north": {
                    "uv": [
                        5.25,
                        7.5,
                        6.25,
                        8
                    ],
                    "texture": "#0"
                },
                "west": {
                    "uv": [
                        4.75,
                        7.5,
                        5.25,
                        8
                    ],
                    "texture": "#0"
                },
                "up": {
                    "uv": [
                        4.75,
                        8,
                        3.75,
                        7.5
                    ],
                    "texture": "#0"
                },
                "down": {
                    "uv": [
                        4.75,
                        8,
                        3.75,
                        8.5
                    ],
                    "texture": "#0"
                }
            }
        },
        {
            "rotation": {
                "origin": [
                    8.6375,
                    13.02798,
                    14.30969
                ],
                "angle": -22.5,
                "axis": "x"
            },
            "from": [
                7.575,
                12.39048,
                5.19656
            ],
            "to": [
                8.425,
                13.22205,
                13.52323
            ],
            "faces": {
                "east": {
                    "uv": [
                        0,
                        3.75,
                        2.5,
                        4.25
                    ],
                    "texture": "#0"
                },
                "west": {
                    "uv": [
                        0,
                        3.25,
                        2.5,
                        3.75
                    ],
                    "texture": "#0"
                },
                "up": {
                    "uv": [
                        3,
                        3.25,
                        2.5,
                        0.75
                    ],
                    "texture": "#0"
                },
                "down": {
                    "uv": [
                        2.5,
                        0.75,
                        2,
                        3.25
                    ],
                    "texture": "#0"
                }
            }
        },
        {
            "rotation": {
                "origin": [
                    9.0625,
                    13.87798,
                    20.25969
                ],
                "angle": 0,
                "axis": "x"
            },
            "from": [
                7.15,
                13.34673,
                1.69031
            ],
            "to": [
                8.85,
                16.85298,
                2.83469
            ],
            "faces": {
                "east": {
                    "uv": [
                        15.5,
                        2.5,
                        15.75,
                        3.75
                    ],
                    "texture": "#0"
                },
                "south": {
                    "uv": [
                        14.75,
                        2.5,
                        15.25,
                        3.75
                    ],
                    "texture": "#0"
                },
                "north": {
                    "uv": [
                        14.25,
                        2.5,
                        14.75,
                        3.75
                    ],
                    "texture": "#0"
                },
                "west": {
                    "uv": [
                        15.25,
                        2.5,
                        15.5,
                        3.75
                    ],
                    "texture": "#0"
                }
            }
        },
        {
            "rotation": {
                "origin": [
                    9.0625,
                    14.72798,
                    20.25969
                ],
                "angle": 0,
                "axis": "x"
            },
            "from": [
                5.45,
                16.85298,
                1.69031
            ],
            "to": [
                10.55,
                18.12798,
                2.83469
            ],
            "faces": {
                "south": {
                    "uv": [
                        12.75,
                        4.25,
                        14.25,
                        4.75
                    ],
                    "texture": "#0"
                },
                "north": {
                    "uv": [
                        12.75,
                        3.75,
                        14.25,
                        4.25
                    ],
                    "texture": "#0"
                },
                "up": {
                    "uv": [
                        15.75,
                        4.25,
                        14.25,
                        3.75
                    ],
                    "texture": "#0"
                },
                "down": {
                    "uv": [
                        15.75,
                        4.25,
                        14.25,
                        4.75
                    ],
                    "texture": "#0"
                }
            }
        },
        {
            "rotation": {
                "origin": [
                    11.18192,
                    14.72798,
                    19.41542
                ],
                "angle": 22.5,
                "axis": "y"
            },
            "from": [
                10.11942,
                16.85298,
                0.84604
            ],
            "to": [
                12.66942,
                18.12798,
                1.99042
            ],
            "faces": {
                "south": {
                    "uv": [
                        13.75,
                        5.25,
                        14.75,
                        5.75
                    ],
                    "texture": "#0"
                },
                "north": {
                    "uv": [
                        13.75,
                        4.75,
                        14.75,
                        5.25
                    ],
                    "texture": "#0"
                },
                "west": {
                    "uv": [
                        13.25,
                        4.75,
                        13.75,
                        5.25
                    ],
                    "texture": "#0"
                },
                "up": {
                    "uv": [
                        15.75,
                        5.25,
                        14.75,
                        4.75
                    ],
                    "texture": "#0"
                },
                "down": {
                    "uv": [
                        15.75,
                        5.25,
                        14.75,
                        5.75
                    ],
                    "texture": "#0"
                }
            }
        },
        {
            "rotation": {
                "origin": [
                    4.81808,
                    14.72798,
                    19.41542
                ],
                "angle": -22.5,
                "axis": "y"
            },
            "from": [
                3.33058,
                16.85298,
                0.84604
            ],
            "to": [
                5.88058,
                18.12798,
                1.99042
            ],
            "faces": {
                "east": {
                    "uv": [
                        13.75,
                        4.75,
                        13.25,
                        5.25
                    ],
                    "texture": "#0"
                },
                "south": {
                    "uv": [
                        14.75,
                        5.25,
                        13.75,
                        5.75
                    ],
                    "texture": "#0"
                },
                "north": {
                    "uv": [
                        14.75,
                        4.75,
                        13.75,
                        5.25
                    ],
                    "texture": "#0"
                },
                "up": {
                    "uv": [
                        14.75,
                        5.25,
                        15.75,
                        4.75
                    ],
                    "texture": "#0"
                },
                "down": {
                    "uv": [
                        14.75,
                        5.25,
                        15.75,
                        5.75
                    ],
                    "texture": "#0"
                }
            }
        },
        {
            "rotation": {
                "origin": [
                    6.5125,
                    6.025,
                    17.5625
                ],
                "angle": -22.5,
                "axis": "x"
            },
            "from": [
                6.5125,
                6.025,
                16.2875
            ],
            "to": [
                7.15,
                13.675,
                17.5625
            ],
            "faces": {
                "east": {
                    "uv": [
                        1.25,
                        8.75,
                        1.75,
                        11.5
                    ],
                    "texture": "#0"
                },
                "south": {
                    "uv": [
                        0.5,
                        8.75,
                        0.75,
                        11.5
                    ],
                    "texture": "#0"
                },
                "north": {
                    "uv": [
                        0.25,
                        8.75,
                        0.5,
                        11.5
                    ],
                    "texture": "#0"
                },
                "west": {
                    "uv": [
                        0.75,
                        8.75,
                        1.25,
                        11.5
                    ],
                    "texture": "#0"
                },
                "up": {
                    "uv": [
                        0.25,
                        9.25,
                        0,
                        8.75
                    ],
                    "texture": "#0"
                }
            }
        },
        {
            "rotation": {
                "origin": [
                    8.85,
                    6.025,
                    17.5625
                ],
                "angle": -22.5,
                "axis": "x"
            },
            "from": [
                8.85,
                6.025,
                16.2875
            ],
            "to": [
                9.4875,
                13.675,
                17.5625
            ],
            "faces": {
                "east": {
                    "uv": [
                        1.25,
                        8.75,
                        1.75,
                        11.5
                    ],
                    "texture": "#0"
                },
                "south": {
                    "uv": [
                        0.5,
                        8.75,
                        0.75,
                        11.5
                    ],
                    "texture": "#0"
                },
                "north": {
                    "uv": [
                        0.25,
                        8.75,
                        0.5,
                        11.5
                    ],
                    "texture": "#0"
                },
                "west": {
                    "uv": [
                        0.75,
                        8.75,
                        1.25,
                        11.5
                    ],
                    "texture": "#0"
                },
                "up": {
                    "uv": [
                        0.25,
                        9.25,
                        0,
                        8.75
                    ],
                    "texture": "#0"
                }
            }
        },
        {
            "rotation": {
                "origin": [
                    8,
                    6.025,
                    9.4875
                ],
                "angle": 22.5,
                "axis": "x"
            },
            "from": [
                7.3625,
                5.175,
                9.9125
            ],
            "to": [
                8.6375,
                14.95,
                10.7625
            ],
            "faces": {
                "east": {
                    "uv": [
                        1.5,
                        4.25,
                        2,
                        7.5
                    ],
                    "texture": "#0"
                },
                "south": {
                    "uv": [
                        0.5,
                        4.25,
                        1,
                        7.5
                    ],
                    "texture": "#0"
                },
                "north": {
                    "uv": [
                        0,
                        4.25,
                        0.5,
                        7.5
                    ],
                    "texture": "#0"
                },
                "west": {
                    "uv": [
                        1,
                        4.25,
                        1.5,
                        7.5
                    ],
                    "texture": "#0"
                }
            }
        },
        {
            "rotation": {
                "origin": [
                    8,
                    8.16809,
                    8.00124
                ],
                "angle": -45,
                "axis": "x"
            },
            "from": [
                7.3625,
                4.76809,
                6.72624
            ],
            "to": [
                8.6375,
                15.81809,
                7.57624
            ],
            "faces": {
                "east": {
                    "uv": [
                        1.5,
                        0,
                        2,
                        3.25
                    ],
                    "texture": "#0"
                },
                "south": {
                    "uv": [
                        0.5,
                        0,
                        1,
                        3.25
                    ],
                    "texture": "#0"
                },
                "north": {
                    "uv": [
                        0,
                        0,
                        0.5,
                        3.25
                    ],
                    "texture": "#0"
                },
                "west": {
                    "uv": [
                        1,
                        0,
                        1.5,
                        3.25
                    ],
                    "texture": "#0"
                }
            }
        },
        {
            "rotation": {
                "origin": [
                    -5.6,
                    1.775,
                    -3.05
                ],
                "angle": 0,
                "axis": "y"
            },
            "from": [
                6.3,
                3.475,
                -2.2
            ],
            "to": [
                9.7,
                6.025,
                0.35
            ],
            "faces": {
                "east": {
                    "uv": [
                        3.25,
                        13.25,
                        4,
                        14
                    ],
                    "texture": "#0"
                },
                "south": {
                    "uv": [
                        4,
                        13.25,
                        5,
                        14
                    ],
                    "texture": "#0"
                },
                "north": {
                    "uv": [
                        5,
                        13.25,
                        6,
                        14
                    ],
                    "texture": "#0"
                },
                "west": {
                    "uv": [
                        3.25,
                        14,
                        4,
                        14.75
                    ],
                    "texture": "#0"
                },
                "up": {
                    "uv": [
                        5,
                        14.75,
                        4,
                        14
                    ],
                    "texture": "#0"
                },
                "down": {
                    "uv": [
                        6,
                        14,
                        5,
                        14.75
                    ],
                    "texture": "#0"
                }
            }
        },
        {
            "rotation": {
                "origin": [
                    -5.6,
                    1.775,
                    14.8
                ],
                "angle": 0,
                "axis": "y"
            },
            "from": [
                6.3,
                3.475,
                15.65
            ],
            "to": [
                9.7,
                6.025,
                18.2
            ],
            "faces": {
                "east": {
                    "uv": [
                        3.25,
                        13.25,
                        4,
                        14
                    ],
                    "texture": "#0"
                },
                "south": {
                    "uv": [
                        4,
                        13.25,
                        5,
                        14
                    ],
                    "texture": "#0"
                },
                "north": {
                    "uv": [
                        5,
                        13.25,
                        6,
                        14
                    ],
                    "texture": "#0"
                },
                "west": {
                    "uv": [
                        3.25,
                        14,
                        4,
                        14.75
                    ],
                    "texture": "#0"
                },
                "up": {
                    "uv": [
                        5,
                        14.75,
                        4,
                        14
                    ],
                    "texture": "#0"
                },
                "down": {
                    "uv": [
                        6,
                        14,
                        5,
                        14.75
                    ],
                    "texture": "#0"
                }
            }
        },
        {
            "rotation": {
                "origin": [
                    -5.6,
                    1.775,
                    12.0375
                ],
                "angle": 0,
                "axis": "y"
            },
            "from": [
                6.725,
                4.325,
                9.0625
            ],
            "to": [
                9.275,
                5.6,
                10.3375
            ],
            "faces": {
                "east": {
                    "uv": [
                        13.75,
                        6.75,
                        14.25,
                        7.25
                    ],
                    "texture": "#0"
                },
                "south": {
                    "uv": [
                        14.25,
                        6.75,
                        15,
                        7.25
                    ],
                    "texture": "#0"
                },
                "north": {
                    "uv": [
                        14.25,
                        6.25,
                        15,
                        6.75
                    ],
                    "texture": "#0"
                },
                "west": {
                    "uv": [
                        13.75,
                        6.25,
                        14.25,
                        6.75
                    ],
                    "texture": "#0"
                },
                "up": {
                    "uv": [
                        15.75,
                        6.75,
                        15,
                        6.25
                    ],
                    "texture": "#0"
                },
                "down": {
                    "uv": [
                        15.75,
                        6.75,
                        15,
                        7.25
                    ],
                    "texture": "#0"
                }
            }
        },
        {
            "rotation": {
                "origin": [
                    -5.6,
                    2.2,
                    11.6125
                ],
                "angle": 0,
                "axis": "y"
            },
            "from": [
                5.875,
                4.75,
                9.4875
            ],
            "to": [
                10.125,
                5.175,
                9.9125
            ],
            "faces": {
                "south": {
                    "uv": [
                        14.5,
                        7.5,
                        15.75,
                        7.75
                    ],
                    "texture": "#0"
                },
                "north": {
                    "uv": [
                        14.5,
                        7.25,
                        15.75,
                        7.5
                    ],
                    "texture": "#0"
                },
                "up": {
                    "uv": [
                        15.75,
                        8,
                        14.5,
                        7.75
                    ],
                    "texture": "#0"
                },
                "down": {
                    "uv": [
                        15.75,
                        8,
                        14.5,
                        8.25
                    ],
                    "texture": "#0"
                }
            }
        },
        {
            "rotation": {
                "origin": [
                    5.875,
                    5.175,
                    9.9125
                ],
                "angle": -22.5,
                "axis": "z"
            },
            "from": [
                5.875,
                3.475,
                9.4875
            ],
            "to": [
                6.3,
                5.175,
                9.9125
            ],
            "faces": {
                "east": {
                    "uv": [
                        12.75,
                        7.25,
                        13,
                        8
                    ],
                    "texture": "#0"
                },
                "south": {
                    "uv": [
                        12.5,
                        7.25,
                        12.75,
                        8
                    ],
                    "texture": "#0"
                },
                "north": {
                    "uv": [
                        12.5,
                        8,
                        12.75,
                        8.75
                    ],
                    "texture": "#0"
                },
                "west": {
                    "uv": [
                        12.75,
                        8,
                        13,
                        8.75
                    ],
                    "texture": "#0"
                }
            }
        },
        {
            "rotation": {
                "origin": [
                    5.22444,
                    3.6044,
                    9.9125
                ],
                "angle": 0,
                "axis": "z"
            },
            "from": [
                4.58694,
                3.1794,
                8.2125
            ],
            "to": [
                5.64944,
                3.6044,
                9.9125
            ],
            "faces": {
                "east": {
                    "uv": [
                        13,
                        7.25,
                        13.75,
                        7.5
                    ],
                    "texture": "#0"
                },
                "south": {
                    "uv": [
                        13.25,
                        7.5,
                        13.75,
                        7.75
                    ],
                    "texture": "#0"
                },
                "north": {
                    "uv": [
                        13.75,
                        7.5,
                        14.25,
                        7.75
                    ],
                    "texture": "#0"
                },
                "west": {
                    "uv": [
                        13.75,
                        7.25,
                        14.5,
                        7.5
                    ],
                    "texture": "#0"
                },
                "up": {
                    "uv": [
                        14.25,
                        8.5,
                        13.75,
                        7.75
                    ],
                    "texture": "#0"
                },
                "down": {
                    "uv": [
                        13.75,
                        7.75,
                        13.25,
                        8.5
                    ],
                    "texture": "#0"
                }
            }
        },
        {
            "rotation": {
                "origin": [
                    10.77556,
                    6.3206,
                    9.9125
                ],
                "angle": 0,
                "axis": "z"
            },
            "from": [
                10.35056,
                6.3206,
                8.2125
            ],
            "to": [
                11.41306,
                6.7456,
                9.9125
            ],
            "faces": {
                "east": {
                    "uv": [
                        14.5,
                        7.5,
                        13.75,
                        7.25
                    ],
                    "texture": "#0"
                },
                "south": {
                    "uv": [
                        13.75,
                        7.75,
                        13.25,
                        7.5
                    ],
                    "texture": "#0"
                },
                "north": {
                    "uv": [
                        14.25,
                        7.75,
                        13.75,
                        7.5
                    ],
                    "texture": "#0"
                },
                "west": {
                    "uv": [
                        13.75,
                        7.5,
                        13,
                        7.25
                    ],
                    "texture": "#0"
                },
                "up": {
                    "uv": [
                        13.25,
                        8.5,
                        13.75,
                        7.75
                    ],
                    "texture": "#0"
                },
                "down": {
                    "uv": [
                        13.75,
                        7.75,
                        14.25,
                        8.5
                    ],
                    "texture": "#0"
                }
            }
        },
        {
            "rotation": {
                "origin": [
                    10.125,
                    4.75,
                    9.9125
                ],
                "angle": -22.5,
                "axis": "z"
            },
            "from": [
                9.7,
                4.75,
                9.4875
            ],
            "to": [
                10.125,
                6.45,
                9.9125
            ],
            "faces": {
                "east": {
                    "uv": [
                        13,
                        8.75,
                        12.75,
                        8
                    ],
                    "texture": "#0"
                },
                "south": {
                    "uv": [
                        12.75,
                        8,
                        12.5,
                        7.25
                    ],
                    "texture": "#0"
                },
                "north": {
                    "uv": [
                        12.75,
                        8.75,
                        12.5,
                        8
                    ],
                    "texture": "#0"
                },
                "west": {
                    "uv": [
                        13,
                        8,
                        12.75,
                        7.25
                    ],
                    "texture": "#0"
                }
            }
        },
        {
            "rotation": {
                "origin": [
                    -5.3875,
                    1.9875,
                    19.475
                ],
                "angle": 0,
                "axis": "y"
            },
            "from": [
                9.4875,
                2.8375,
                7.575
            ],
            "to": [
                9.4875,
                7.0875,
                17.775
            ],
            "faces": {
                "east": {
                    "uv": [
                        3.75,
                        0,
                        9.75,
                        2.5
                    ],
                    "texture": "#0"
                },
                "west": {
                    "uv": [
                        3,
                        2.5,
                        9,
                        5
                    ],
                    "texture": "#0"
                }
            }
        },
        {
            "rotation": {
                "origin": [
                    -5.6,
                    4.59268,
                    18.88496
                ],
                "angle": 0,
                "axis": "y"
            },
            "from": [
                6.725,
                10.54268,
                14.63496
            ],
            "to": [
                9.275,
                12.24268,
                18.88496
            ],
            "faces": {
                "east": {
                    "uv": [
                        4.25,
                        8.75,
                        5.5,
                        9.25
                    ],
                    "texture": "#0"
                },
                "south": {
                    "uv": [
                        5.5,
                        8.75,
                        6.25,
                        9.25
                    ],
                    "texture": "#0"
                },
                "west": {
                    "uv": [
                        4.25,
                        9.25,
                        5.5,
                        9.75
                    ],
                    "texture": "#0"
                },
                "up": {
                    "uv": [
                        3.5,
                        10,
                        2.75,
                        8.75
                    ],
                    "texture": "#0"
                },
                "down": {
                    "uv": [
                        4.25,
                        8.75,
                        3.5,
                        10
                    ],
                    "texture": "#0"
                }
            }
        },
        {
            "rotation": {
                "origin": [
                    -5.6,
                    3.54859,
                    19.88394
                ],
                "angle": 22.5,
                "axis": "x"
            },
            "from": [
                6.9375,
                9.49859,
                15.63394
            ],
            "to": [
                9.0625,
                10.98609,
                18.18394
            ],
            "faces": {
                "east": {
                    "uv": [
                        4.25,
                        9.75,
                        5,
                        10.25
                    ],
                    "texture": "#0"
                },
                "south": {
                    "uv": [
                        5.5,
                        8.75,
                        6.25,
                        9.25
                    ],
                    "texture": "#0"
                },
                "west": {
                    "uv": [
                        4.25,
                        10.25,
                        5,
                        10.75
                    ],
                    "texture": "#0"
                },
                "up": {
                    "uv": [
                        3.5,
                        10.75,
                        2.75,
                        10
                    ],
                    "texture": "#0"
                },
                "down": {
                    "uv": [
                        4.25,
                        10,
                        3.5,
                        10.75
                    ],
                    "texture": "#0"
                }
            }
        },
        {
            "rotation": {
                "origin": [
                    -5.6,
                    2.85227,
                    18.8367
                ],
                "angle": 45,
                "axis": "x"
            },
            "from": [
                7.15,
                8.90852,
                14.5867
            ],
            "to": [
                8.85,
                10.18352,
                16.2867
            ],
            "faces": {
                "east": {
                    "uv": [
                        4.25,
                        10.75,
                        5,
                        11.25
                    ],
                    "texture": "#0"
                },
                "south": {
                    "uv": [
                        5.5,
                        8.75,
                        6.25,
                        9.25
                    ],
                    "texture": "#0"
                },
                "west": {
                    "uv": [
                        4.25,
                        11.25,
                        5,
                        11.75
                    ],
                    "texture": "#0"
                },
                "up": {
                    "uv": [
                        3.5,
                        11.5,
                        2.75,
                        10.75
                    ],
                    "texture": "#0"
                },
                "down": {
                    "uv": [
                        4.25,
                        10.75,
                        3.5,
                        11.5
                    ],
                    "texture": "#0"
                }
            }
        },
        {
            "rotation": {
                "origin": [
                    -5.6,
                    1.775,
                    -3.05
                ],
                "angle": 0,
                "axis": "y"
            },
            "from": [
                8,
                0.925,
                -4.75
            ],
            "to": [
                8,
                8.575,
                3.1125
            ],
            "faces": {
                "east": {
                    "uv": [
                        6.75,
                        5.5,
                        10.75,
                        9.5
                    ],
                    "texture": "#0"
                },
                "west": {
                    "uv": [
                        10.75,
                        5.5,
                        6.75,
                        9.5
                    ],
                    "texture": "#0"
                }
            }
        },
        {
            "rotation": {
                "origin": [
                    -5.6,
                    1.775,
                    14.8
                ],
                "angle": 0,
                "axis": "y"
            },
            "from": [
                8,
                0.925,
                13.1
            ],
            "to": [
                8,
                8.575,
                20.9625
            ],
            "faces": {
                "east": {
                    "uv": [
                        6.75,
                        5.5,
                        10.75,
                        9.5
                    ],
                    "texture": "#0"
                },
                "west": {
                    "uv": [
                        10.75,
                        5.5,
                        6.75,
                        9.5
                    ],
                    "texture": "#0"
                }
            }
        },
        {
            "rotation": {
                "origin": [
                    -5.6,
                    1.01043,
                    -1.20416
                ],
                "angle": 45,
                "axis": "x"
            },
            "from": [
                7.15,
                7.81043,
                -5.45416
            ],
            "to": [
                8.85,
                8.66043,
                -1.84791
            ],
            "faces": {
                "east": {
                    "uv": [
                        2,
                        13.75,
                        3.25,
                        14.25
                    ],
                    "texture": "#0"
                },
                "west": {
                    "uv": [
                        2,
                        13.25,
                        3.25,
                        13.75
                    ],
                    "texture": "#0"
                },
                "up": {
                    "uv": [
                        2,
                        14.5,
                        1.5,
                        13.25
                    ],
                    "texture": "#0"
                },
                "down": {
                    "uv": [
                        1.5,
                        13.25,
                        1,
                        14.5
                    ],
                    "texture": "#0"
                }
            }
        },
        {
            "rotation": {
                "origin": [
                    -5.6,
                    1.775,
                    -3.05
                ],
                "angle": 0,
                "axis": "y"
            },
            "from": [
                7.15,
                2.625,
                2.9
            ],
            "to": [
                8.85,
                6.875,
                3.75
            ],
            "faces": {
                "east": {
                    "uv": [
                        0.5,
                        13.25,
                        1,
                        14.5
                    ],
                    "texture": "#0"
                },
                "south": {
                    "uv": [
                        1.5,
                        13.25,
                        2,
                        14.5
                    ],
                    "texture": "#0"
                },
                "north": {
                    "uv": [
                        0,
                        13.25,
                        0.5,
                        14.5
                    ],
                    "texture": "#0"
                },
                "west": {
                    "uv": [
                        1,
                        13.25,
                        1.5,
                        14.5
                    ],
                    "texture": "#0"
                }
            }
        },
        {
            "rotation": {
                "origin": [
                    -5.6,
                    8.48957,
                    -1.20416
                ],
                "angle": -45,
                "axis": "x"
            },
            "from": [
                7.15,
                0.83957,
                -5.45416
            ],
            "to": [
                8.85,
                1.68957,
                -1.84791
            ],
            "faces": {
                "east": {
                    "uv": [
                        2,
                        13.25,
                        3.25,
                        13.75
                    ],
                    "texture": "#0"
                },
                "west": {
                    "uv": [
                        2,
                        13.75,
                        3.25,
                        14.25
                    ],
                    "texture": "#0"
                },
                "up": {
                    "uv": [
                        1.5,
                        14.5,
                        1,
                        13.25
                    ],
                    "texture": "#0"
                },
                "down": {
                    "uv": [
                        2,
                        13.25,
                        1.5,
                        14.5
                    ],
                    "texture": "#0"
                }
            }
        },
        {
            "rotation": {
                "origin": [
                    -5.6,
                    1.775,
                    -3.05
                ],
                "angle": 0,
                "axis": "y"
            },
            "from": [
                7.15,
                0.075,
                -3.05
            ],
            "to": [
                8.85,
                0.925,
                1.2
            ],
            "faces": {
                "east": {
                    "uv": [
                        2,
                        13.25,
                        3.25,
                        13.75
                    ],
                    "texture": "#0"
                },
                "west": {
                    "uv": [
                        2,
                        13.75,
                        3.25,
                        14.25
                    ],
                    "texture": "#0"
                },
                "up": {
                    "uv": [
                        1.5,
                        14.5,
                        1,
                        13.25
                    ],
                    "texture": "#0"
                },
                "down": {
                    "uv": [
                        2,
                        13.25,
                        1.5,
                        14.5
                    ],
                    "texture": "#0"
                }
            }
        },
        {
            "rotation": {
                "origin": [
                    -5.6,
                    8.48957,
                    -0.64584
                ],
                "angle": 45,
                "axis": "x"
            },
            "from": [
                7.15,
                0.83957,
                -0.00209
            ],
            "to": [
                8.85,
                1.68957,
                3.60416
            ],
            "faces": {
                "east": {
                    "uv": [
                        2,
                        13.25,
                        3.25,
                        13.75
                    ],
                    "texture": "#0"
                },
                "west": {
                    "uv": [
                        2,
                        13.75,
                        3.25,
                        14.25
                    ],
                    "texture": "#0"
                },
                "up": {
                    "uv": [
                        1,
                        14.5,
                        0.5,
                        13.25
                    ],
                    "texture": "#0"
                },
                "down": {
                    "uv": [
                        0.5,
                        13.25,
                        0,
                        14.5
                    ],
                    "texture": "#0"
                }
            }
        },
        {
            "rotation": {
                "origin": [
                    -5.6,
                    1.775,
                    -3.05
                ],
                "angle": 0,
                "axis": "y"
            },
            "from": [
                7.15,
                2.625,
                -5.6
            ],
            "to": [
                8.85,
                6.875,
                -4.75
            ],
            "faces": {
                "east": {
                    "uv": [
                        0.5,
                        13.25,
                        1,
                        14.5
                    ],
                    "texture": "#0"
                },
                "south": {
                    "uv": [
                        1.5,
                        13.25,
                        2,
                        14.5
                    ],
                    "texture": "#0"
                },
                "north": {
                    "uv": [
                        1,
                        13.25,
                        1.5,
                        14.5
                    ],
                    "texture": "#0"
                },
                "west": {
                    "uv": [
                        0,
                        13.25,
                        0.5,
                        14.5
                    ],
                    "texture": "#0"
                }
            }
        },
        {
            "rotation": {
                "origin": [
                    -5.6,
                    1.01043,
                    -0.64584
                ],
                "angle": -45,
                "axis": "x"
            },
            "from": [
                7.15,
                7.81043,
                -0.00209
            ],
            "to": [
                8.85,
                8.66043,
                3.60416
            ],
            "faces": {
                "east": {
                    "uv": [
                        2,
                        13.25,
                        3.25,
                        13.75
                    ],
                    "texture": "#0"
                },
                "west": {
                    "uv": [
                        2,
                        13.75,
                        3.25,
                        14.25
                    ],
                    "texture": "#0"
                },
                "up": {
                    "uv": [
                        0.5,
                        14.5,
                        0,
                        13.25
                    ],
                    "texture": "#0"
                },
                "down": {
                    "uv": [
                        1,
                        13.25,
                        0.5,
                        14.5
                    ],
                    "texture": "#0"
                }
            }
        },
        {
            "rotation": {
                "origin": [
                    -5.6,
                    1.775,
                    -3.05
                ],
                "angle": 0,
                "axis": "y"
            },
            "from": [
                7.15,
                8.575,
                -3.05
            ],
            "to": [
                8.85,
                9.425,
                1.2
            ],
            "faces": {
                "east": {
                    "uv": [
                        2,
                        13.25,
                        3.25,
                        13.75
                    ],
                    "texture": "#0"
                },
                "west": {
                    "uv": [
                        2,
                        13.75,
                        3.25,
                        14.25
                    ],
                    "texture": "#0"
                },
                "up": {
                    "uv": [
                        0.5,
                        14.5,
                        0,
                        13.25
                    ],
                    "texture": "#0"
                },
                "down": {
                    "uv": [
                        1,
                        13.25,
                        0.5,
                        14.5
                    ],
                    "texture": "#0"
                }
            }
        },
        {
            "rotation": {
                "origin": [
                    -5.6,
                    1.01043,
                    16.64584
                ],
                "angle": 45,
                "axis": "x"
            },
            "from": [
                7.15,
                7.81043,
                12.39584
            ],
            "to": [
                8.85,
                8.66043,
                16.00209
            ],
            "faces": {
                "east": {
                    "uv": [
                        2,
                        13.75,
                        3.25,
                        14.25
                    ],
                    "texture": "#0"
                },
                "west": {
                    "uv": [
                        2,
                        13.25,
                        3.25,
                        13.75
                    ],
                    "texture": "#0"
                },
                "up": {
                    "uv": [
                        2,
                        14.5,
                        1.5,
                        13.25
                    ],
                    "texture": "#0"
                },
                "down": {
                    "uv": [
                        1.5,
                        13.25,
                        1,
                        14.5
                    ],
                    "texture": "#0"
                }
            }
        },
        {
            "rotation": {
                "origin": [
                    -5.6,
                    1.775,
                    14.8
                ],
                "angle": 0,
                "axis": "y"
            },
            "from": [
                7.15,
                2.625,
                20.75
            ],
            "to": [
                8.85,
                6.875,
                21.6
            ],
            "faces": {
                "east": {
                    "uv": [
                        0.5,
                        13.25,
                        1,
                        14.5
                    ],
                    "texture": "#0"
                },
                "south": {
                    "uv": [
                        1.5,
                        13.25,
                        2,
                        14.5
                    ],
                    "texture": "#0"
                },
                "north": {
                    "uv": [
                        0,
                        13.25,
                        0.5,
                        14.5
                    ],
                    "texture": "#0"
                },
                "west": {
                    "uv": [
                        1,
                        13.25,
                        1.5,
                        14.5
                    ],
                    "texture": "#0"
                }
            }
        },
        {
            "rotation": {
                "origin": [
                    -5.6,
                    8.48957,
                    16.64584
                ],
                "angle": -45,
                "axis": "x"
            },
            "from": [
                7.15,
                0.83957,
                12.39584
            ],
            "to": [
                8.85,
                1.68957,
                16.00209
            ],
            "faces": {
                "east": {
                    "uv": [
                        2,
                        13.25,
                        3.25,
                        13.75
                    ],
                    "texture": "#0"
                },
                "west": {
                    "uv": [
                        2,
                        13.75,
                        3.25,
                        14.25
                    ],
                    "texture": "#0"
                },
                "up": {
                    "uv": [
                        1.5,
                        14.5,
                        1,
                        13.25
                    ],
                    "texture": "#0"
                },
                "down": {
                    "uv": [
                        2,
                        13.25,
                        1.5,
                        14.5
                    ],
                    "texture": "#0"
                }
            }
        },
        {
            "rotation": {
                "origin": [
                    -5.6,
                    1.775,
                    14.8
                ],
                "angle": 0,
                "axis": "y"
            },
            "from": [
                7.15,
                0.075,
                14.8
            ],
            "to": [
                8.85,
                0.925,
                19.05
            ],
            "faces": {
                "east": {
                    "uv": [
                        2,
                        13.25,
                        3.25,
                        13.75
                    ],
                    "texture": "#0"
                },
                "west": {
                    "uv": [
                        2,
                        13.75,
                        3.25,
                        14.25
                    ],
                    "texture": "#0"
                },
                "up": {
                    "uv": [
                        1.5,
                        14.5,
                        1,
                        13.25
                    ],
                    "texture": "#0"
                },
                "down": {
                    "uv": [
                        2,
                        13.25,
                        1.5,
                        14.5
                    ],
                    "texture": "#0"
                }
            }
        },
        {
            "rotation": {
                "origin": [
                    -5.6,
                    8.48957,
                    17.20416
                ],
                "angle": 45,
                "axis": "x"
            },
            "from": [
                7.15,
                0.83957,
                17.84791
            ],
            "to": [
                8.85,
                1.68957,
                21.45416
            ],
            "faces": {
                "east": {
                    "uv": [
                        2,
                        13.25,
                        3.25,
                        13.75
                    ],
                    "texture": "#0"
                },
                "west": {
                    "uv": [
                        2,
                        13.75,
                        3.25,
                        14.25
                    ],
                    "texture": "#0"
                },
                "up": {
                    "uv": [
                        1,
                        14.5,
                        0.5,
                        13.25
                    ],
                    "texture": "#0"
                },
                "down": {
                    "uv": [
                        0.5,
                        13.25,
                        0,
                        14.5
                    ],
                    "texture": "#0"
                }
            }
        },
        {
            "rotation": {
                "origin": [
                    -5.6,
                    1.775,
                    14.8
                ],
                "angle": 0,
                "axis": "y"
            },
            "from": [
                7.15,
                2.625,
                12.25
            ],
            "to": [
                8.85,
                6.875,
                13.1
            ],
            "faces": {
                "east": {
                    "uv": [
                        0.5,
                        13.25,
                        1,
                        14.5
                    ],
                    "texture": "#0"
                },
                "south": {
                    "uv": [
                        1.5,
                        13.25,
                        2,
                        14.5
                    ],
                    "texture": "#0"
                },
                "north": {
                    "uv": [
                        1,
                        13.25,
                        1.5,
                        14.5
                    ],
                    "texture": "#0"
                },
                "west": {
                    "uv": [
                        0,
                        13.25,
                        0.5,
                        14.5
                    ],
                    "texture": "#0"
                }
            }
        },
        {
            "rotation": {
                "origin": [
                    -5.6,
                    1.01043,
                    17.20416
                ],
                "angle": -45,
                "axis": "x"
            },
            "from": [
                7.15,
                7.81043,
                17.84791
            ],
            "to": [
                8.85,
                8.66043,
                21.45416
            ],
            "faces": {
                "east": {
                    "uv": [
                        2,
                        13.25,
                        3.25,
                        13.75
                    ],
                    "texture": "#0"
                },
                "west": {
                    "uv": [
                        2,
                        13.75,
                        3.25,
                        14.25
                    ],
                    "texture": "#0"
                },
                "up": {
                    "uv": [
                        0.5,
                        14.5,
                        0,
                        13.25
                    ],
                    "texture": "#0"
                },
                "down": {
                    "uv": [
                        1,
                        13.25,
                        0.5,
                        14.5
                    ],
                    "texture": "#0"
                }
            }
        },
        {
            "rotation": {
                "origin": [
                    -5.6,
                    1.775,
                    14.8
                ],
                "angle": 0,
                "axis": "y"
            },
            "from": [
                7.15,
                8.575,
                14.8
            ],
            "to": [
                8.85,
                9.425,
                19.05
            ],
            "faces": {
                "east": {
                    "uv": [
                        2,
                        13.25,
                        3.25,
                        13.75
                    ],
                    "texture": "#0"
                },
                "west": {
                    "uv": [
                        2,
                        13.75,
                        3.25,
                        14.25
                    ],
                    "texture": "#0"
                },
                "up": {
                    "uv": [
                        0.5,
                        14.5,
                        0,
                        13.25
                    ],
                    "texture": "#0"
                },
                "down": {
                    "uv": [
                        1,
                        13.25,
                        0.5,
                        14.5
                    ],
                    "texture": "#0"
                }
            }
        }
    ],
    "display": {
        "thirdperson_lefthand": {
            "rotation": [
                75,
                0,
                -10
            ],
            "translation": [
                -8.35,
                -5.35,
                -2.5
            ]
        },
        "thirdperson_righthand": {
            "rotation": [
                75,
                0,
                -10
            ],
            "translation": [
                -8.35,
                -5.35,
                -2.5
            ]
        },
        "ground": {
            "rotation": [
                0,
                90,
                180
            ],
            "scale": [
                1.2,
                1.2,
                1.2
            ]
        },
        "gui": {"rotation": [
            180,
            180,
            0
        ]},
        "fixed": {
            "rotation": [
                0,
                90,
                180
            ],
            "translation": [
                0,
                1,
                0
            ],
            "scale": [
                2,
                2,
                2
            ]
        }
    },
    "groups": [
        0,
        1,
        2,
        3,
        4,
        5,
        6,
        7,
        8,
        9,
        10,
        11,
        12,
        13,
        14,
        15,
        16,
        17,
        18,
        19,
        20,
        21,
        22,
        23,
        24,
        25,
        26,
        27,
        28,
        {
            "color": 0,
            "children": [
                29,
                30,
                31,
                32,
                33,
                34,
                35,
                36,
                37,
                38
            ],
            "origin": [
                0,
                1,
                1.5
            ],
            "name": "wheel"
        },
        {
            "color": 0,
            "children": [
                39,
                40,
                41,
                42,
                43,
                44,
                45,
                46
            ],
            "origin": [
                0,
                1,
                1.5
            ],
            "name": "wheel"
        }
    ],
    "credit": "© 2015-2022 MadstonMagic. All rights reserved. https://madstonmagic.github.io/shop/. Made using BlockBench"
}