{
    "textures": {
        "0": "furniture/bench",
        "particle": "furniture/bench"
    },
    "elements": [
        {
            "rotation": {
                "origin": [
                    8,
                    16,
                    8
                ],
                "angle": 0,
                "axis": "y"
            },
            "from": [
                -13.5,
                9.125,
                0
            ],
            "to": [
                15,
                10.126,
                15
            ],
            "faces": {
                "south": {
                    "uv": [
                        16,
                        7.5,
                        0,
                        7
                    ],
                    "texture": "#0"
                },
                "north": {
                    "uv": [
                        16,
                        1,
                        0,
                        0.5
                    ],
                    "texture": "#0"
                },
                "up": {
                    "uv": [
                        16,
                        0.5,
                        0,
                        7.5
                    ],
                    "texture": "#0"
                },
                "down": {
                    "uv": [
                        16,
                        7.5,
                        0,
                        0.5
                    ],
                    "texture": "#0"
                }
            }
        },
        {
            "rotation": {
                "origin": [
                    8,
                    9,
                    14.5
                ],
                "angle": 0,
                "axis": "x"
            },
            "from": [
                -13.5,
                10.125,
                14
            ],
            "to": [
                15,
                25.125,
                15.001
            ],
            "faces": {
                "east": {
                    "uv": [
                        16,
                        8,
                        15.5,
                        0.5
                    ],
                    "texture": "#0",
                    "rotation": 180
                },
                "south": {
                    "uv": [
                        16,
                        0.5,
                        0,
                        8
                    ],
                    "texture": "#0"
                },
                "north": {
                    "uv": [
                        16,
                        8,
                        0,
                        0.5
                    ],
                    "texture": "#0",
                    "rotation": 180
                },
                "west": {
                    "uv": [
                        0.5,
                        8,
                        0,
                        0.5
                    ],
                    "texture": "#0",
                    "rotation": 180
                },
                "up": {
                    "uv": [
                        16,
                        7.5,
                        0,
                        7
                    ],
                    "texture": "#0"
                }
            }
        },
        {
            "rotation": {
                "origin": [
                    8,
                    9,
                    14.5
                ],
                "angle": 0,
                "axis": "x"
            },
            "from": [
                15,
                10.125,
                14.5
            ],
            "to": [
                17,
                26.125,
                14.501
            ],
            "faces": {
                "south": {
                    "uv": [
                        14,
                        16,
                        13,
                        8
                    ],
                    "texture": "#0",
                    "rotation": 180
                },
                "north": {
                    "uv": [
                        13,
                        16,
                        14,
                        8
                    ],
                    "texture": "#0",
                    "rotation": 180
                }
            }
        },
        {
            "rotation": {
                "origin": [
                    8,
                    16,
                    8
                ],
                "angle": 0,
                "axis": "x"
            },
            "from": [
                15,
                -0.875,
                15
            ],
            "to": [
                17,
                9.125,
                15.001
            ],
            "faces": {
                "south": {
                    "uv": [
                        16,
                        14.5,
                        15,
                        9.5
                    ],
                    "texture": "#0",
                    "rotation": 180
                },
                "north": {
                    "uv": [
                        15,
                        14.5,
                        16,
                        9.5
                    ],
                    "texture": "#0",
                    "rotation": 180
                }
            }
        },
        {
            "rotation": {
                "origin": [
                    8,
                    16,
                    8
                ],
                "angle": 0,
                "axis": "y"
            },
            "from": [
                16.9995,
                -0.875,
                13.0005
            ],
            "to": [
                17.0005,
                9.125,
                15.0005
            ],
            "faces": {
                "east": {
                    "uv": [
                        15,
                        14.5,
                        14,
                        9.5
                    ],
                    "texture": "#0",
                    "rotation": 180
                },
                "west": {
                    "uv": [
                        14,
                        14.5,
                        15,
                        9.5
                    ],
                    "texture": "#0",
                    "rotation": 180
                }
            }
        },
        {
            "rotation": {
                "origin": [
                    8,
                    16,
                    8
                ],
                "angle": 0,
                "axis": "x"
            },
            "from": [
                15,
                -0.875,
                -0.001
            ],
            "to": [
                17,
                9.125,
                0
            ],
            "faces": {
                "south": {
                    "uv": [
                        16,
                        14.5,
                        15,
                        9.5
                    ],
                    "texture": "#0",
                    "rotation": 180
                },
                "north": {
                    "uv": [
                        15,
                        14.5,
                        16,
                        9.5
                    ],
                    "texture": "#0",
                    "rotation": 180
                }
            }
        },
        {
            "rotation": {
                "origin": [
                    8,
                    16,
                    8
                ],
                "angle": 0,
                "axis": "y"
            },
            "from": [
                16.9995,
                -0.875,
                -0.0005
            ],
            "to": [
                17.0005,
                9.125,
                1.9995
            ],
            "faces": {
                "east": {
                    "uv": [
                        14,
                        14.5,
                        15,
                        9.5
                    ],
                    "texture": "#0",
                    "rotation": 180
                },
                "west": {
                    "uv": [
                        15,
                        14.5,
                        14,
                        9.5
                    ],
                    "texture": "#0",
                    "rotation": 180
                }
            }
        },
        {
            "rotation": {
                "origin": [
                    8,
                    16,
                    8
                ],
                "angle": 0,
                "axis": "x"
            },
            "from": [
                -15.5,
                -0.875,
                15
            ],
            "to": [
                -13.5,
                9.125,
                15.001
            ],
            "faces": {
                "south": {
                    "uv": [
                        15,
                        14.5,
                        16,
                        9.5
                    ],
                    "texture": "#0",
                    "rotation": 180
                },
                "north": {
                    "uv": [
                        16,
                        14.5,
                        15,
                        9.5
                    ],
                    "texture": "#0",
                    "rotation": 180
                }
            }
        },
        {
            "rotation": {
                "origin": [
                    8,
                    16,
                    8
                ],
                "angle": 0,
                "axis": "y"
            },
            "from": [
                -15.5005,
                -0.875,
                13.0005
            ],
            "to": [
                -15.4995,
                9.125,
                15.0005
            ],
            "faces": {
                "east": {
                    "uv": [
                        15,
                        14.5,
                        14,
                        9.5
                    ],
                    "texture": "#0",
                    "rotation": 180
                },
                "west": {
                    "uv": [
                        14,
                        14.5,
                        15,
                        9.5
                    ],
                    "texture": "#0",
                    "rotation": 180
                }
            }
        },
        {
            "rotation": {
                "origin": [
                    8,
                    16,
                    8
                ],
                "angle": 0,
                "axis": "y"
            },
            "from": [
                -15.5005,
                -0.875,
                -0.0005
            ],
            "to": [
                -15.4995,
                9.125,
                1.9995
            ],
            "faces": {
                "east": {
                    "uv": [
                        14,
                        14.5,
                        15,
                        9.5
                    ],
                    "texture": "#0",
                    "rotation": 180
                },
                "west": {
                    "uv": [
                        15,
                        14.5,
                        14,
                        9.5
                    ],
                    "texture": "#0",
                    "rotation": 180
                }
            }
        },
        {
            "rotation": {
                "origin": [
                    8,
                    16,
                    8
                ],
                "angle": 0,
                "axis": "x"
            },
            "from": [
                -15.5,
                -0.875,
                -0.001
            ],
            "to": [
                -13.5,
                9.125,
                0
            ],
            "faces": {
                "south": {
                    "uv": [
                        15,
                        14.5,
                        16,
                        9.5
                    ],
                    "texture": "#0",
                    "rotation": 180
                },
                "north": {
                    "uv": [
                        16,
                        14.5,
                        15,
                        9.5
                    ],
                    "texture": "#0",
                    "rotation": 180
                }
            }
        },
        {
            "rotation": {
                "origin": [
                    8,
                    16,
                    8
                ],
                "angle": 0,
                "axis": "y"
            },
            "from": [
                15.999,
                10.125,
                -2
            ],
            "to": [
                16,
                18.625,
                15
            ],
            "faces": {
                "east": {
                    "uv": [
                        0,
                        12.5,
                        8.5,
                        8
                    ],
                    "texture": "#0",
                    "rotation": 180
                },
                "west": {
                    "uv": [
                        8.5,
                        12.5,
                        0,
                        8
                    ],
                    "texture": "#0",
                    "rotation": 180
                }
            }
        },
        {
            "rotation": {
                "origin": [
                    8,
                    16,
                    8
                ],
                "angle": 0,
                "axis": "y"
            },
            "from": [
                -14.501,
                10.125,
                -2
            ],
            "to": [
                -14.5,
                18.625,
                15
            ],
            "faces": {
                "east": {
                    "uv": [
                        0,
                        12.5,
                        8.5,
                        8
                    ],
                    "texture": "#0",
                    "rotation": 180
                },
                "west": {
                    "uv": [
                        8.5,
                        12.5,
                        0,
                        8
                    ],
                    "texture": "#0",
                    "rotation": 180
                }
            }
        },
        {
            "rotation": {
                "origin": [
                    8,
                    16,
                    8
                ],
                "angle": 0,
                "axis": "x"
            },
            "from": [
                15,
                9.124,
                0
            ],
            "to": [
                17,
                10.125,
                15
            ],
            "faces": {
                "east": {
                    "uv": [
                        12.5,
                        15.5,
                        12,
                        8.5
                    ],
                    "texture": "#0",
                    "rotation": 90
                },
                "south": {
                    "uv": [
                        13,
                        9,
                        12,
                        8.5
                    ],
                    "texture": "#0",
                    "rotation": 90
                },
                "north": {
                    "uv": [
                        13,
                        9,
                        12,
                        8.5
                    ],
                    "texture": "#0",
                    "rotation": 90
                },
                "west": {
                    "uv": [
                        12.5,
                        15.5,
                        12,
                        8.5
                    ],
                    "texture": "#0",
                    "rotation": 90
                },
                "up": {
                    "uv": [
                        13,
                        15.5,
                        12,
                        8.5
                    ],
                    "texture": "#0",
                    "rotation": 180
                },
                "down": {
                    "uv": [
                        13,
                        15.5,
                        12,
                        8.5
                    ],
                    "texture": "#0"
                }
            }
        },
        {
            "rotation": {
                "origin": [
                    8,
                    16,
                    8
                ],
                "angle": 0,
                "axis": "x"
            },
            "from": [
                -15.5,
                9.124,
                0
            ],
            "to": [
                -13.5,
                10.125,
                15
            ],
            "faces": {
                "east": {
                    "uv": [
                        12.5,
                        15.5,
                        12,
                        8.5
                    ],
                    "texture": "#0",
                    "rotation": 90
                },
                "south": {
                    "uv": [
                        13,
                        9,
                        12,
                        8.5
                    ],
                    "texture": "#0",
                    "rotation": 90
                },
                "north": {
                    "uv": [
                        13,
                        9,
                        12,
                        8.5
                    ],
                    "texture": "#0",
                    "rotation": 90
                },
                "west": {
                    "uv": [
                        12.5,
                        15.5,
                        12,
                        8.5
                    ],
                    "texture": "#0",
                    "rotation": 90
                },
                "up": {
                    "uv": [
                        13,
                        15.5,
                        12,
                        8.5
                    ],
                    "texture": "#0",
                    "rotation": 180
                },
                "down": {
                    "uv": [
                        13,
                        15.5,
                        12,
                        8.5
                    ],
                    "texture": "#0"
                }
            }
        },
        {
            "rotation": {
                "origin": [
                    8,
                    9,
                    14.5
                ],
                "angle": 0,
                "axis": "x"
            },
            "from": [
                -15.5,
                10.125,
                14.5
            ],
            "to": [
                -13.5,
                26.125,
                14.501
            ],
            "faces": {
                "south": {
                    "uv": [
                        13,
                        16,
                        14,
                        8
                    ],
                    "texture": "#0",
                    "rotation": 180
                },
                "north": {
                    "uv": [
                        14,
                        16,
                        13,
                        8
                    ],
                    "texture": "#0",
                    "rotation": 180
                }
            }
        }
    ],
    "display": {
        "thirdperson_lefthand": {
            "rotation": [
                75,
                0,
                -10
            ],
            "translation": [
                -8.35,
                -5.35,
                -2.5
            ]
        },
        "thirdperson_righthand": {
            "rotation": [
                75,
                0,
                -10
            ],
            "translation": [
                -8.35,
                -5.35,
                -2.5
            ]
        },
        "ground": {
            "rotation": [
                0,
                90,
                180
            ],
            "scale": [
                1.2,
                1.2,
                1.2
            ]
        },
        "gui": {"rotation": [
            180,
            180,
            0
        ]},
        "fixed": {
            "rotation": [
                0,
                90,
                180
            ],
            "translation": [
                0,
                1,
                0
            ],
            "scale": [
                2,
                2,
                2
            ]
        }
    },
    "credit": "© 2015-2022 MadstonMagic. All rights reserved. Made using BlockBench"
}