{
    "gui_light": "front",
    "textures": {
        "0": "blockmodels/bakery/textures/croissant",
        "particle": "blockmodels/bakery/textures/croissant"
    },
    "texture_size": [
        32,
        32
    ],
    "elements": [
        {
            "from": [
                6,
                -0.1,
                9
            ],
            "to": [
                10,
                3.75,
                15
            ],
            "faces": {
                "east": {
                    "uv": [
                        4,
                        2,
                        7,
                        4
                    ],
                    "texture": "#0"
                },
                "south": {
                    "uv": [
                        2,
                        5,
                        4,
                        7
                    ],
                    "texture": "#0"
                },
                "north": {
                    "uv": [
                        2,
                        5,
                        4,
                        7
                    ],
                    "texture": "#0"
                },
                "west": {
                    "uv": [
                        4,
                        2,
                        7,
                        4
                    ],
                    "texture": "#0"
                },
                "up": {
                    "uv": [
                        6,
                        7,
                        4,
                        4
                    ],
                    "texture": "#0"
                },
                "down": {
                    "uv": [
                        6,
                        7,
                        4,
                        4
                    ],
                    "texture": "#0"
                }
            }
        },
        {
            "from": [
                4,
                0,
                9.5
            ],
            "to": [
                12,
                3,
                14.5
            ],
            "faces": {
                "east": {
                    "uv": [
                        7,
                        2,
                        9.5,
                        3.5
                    ],
                    "texture": "#0"
                },
                "south": {
                    "uv": [
                        6,
                        4,
                        10,
                        5.5
                    ],
                    "texture": "#0"
                },
                "north": {
                    "uv": [
                        6,
                        4,
                        10,
                        5.5
                    ],
                    "texture": "#0"
                },
                "west": {
                    "uv": [
                        7,
                        2,
                        9.5,
                        3.5
                    ],
                    "texture": "#0"
                },
                "up": {
                    "uv": [
                        4,
                        2.5,
                        0,
                        0
                    ],
                    "texture": "#0"
                },
                "down": {
                    "uv": [
                        4,
                        2.5,
                        0,
                        0
                    ],
                    "texture": "#0"
                }
            }
        },
        {
            "from": [
                12,
                0,
                10.5
            ],
            "to": [
                14,
                2.25,
                13.5
            ],
            "faces": {
                "east": {
                    "uv": [
                        6,
                        8,
                        7.5,
                        9
                    ],
                    "texture": "#0"
                },
                "south": {
                    "uv": [
                        3,
                        8.5,
                        4,
                        9.5
                    ],
                    "texture": "#0"
                },
                "north": {
                    "uv": [
                        3,
                        8.5,
                        4,
                        9.5
                    ],
                    "texture": "#0"
                },
                "west": {
                    "uv": [
                        6,
                        7,
                        7.5,
                        8
                    ],
                    "texture": "#0"
                },
                "up": {
                    "uv": [
                        8.5,
                        8.5,
                        7.5,
                        7
                    ],
                    "texture": "#0"
                },
                "down": {
                    "uv": [
                        2,
                        9.5,
                        1,
                        8
                    ],
                    "texture": "#0"
                }
            }
        },
        {
            "from": [
                2,
                0,
                10.5
            ],
            "to": [
                4,
                2.25,
                13.5
            ],
            "faces": {
                "east": {
                    "uv": [
                        4.5,
                        8,
                        6,
                        9
                    ],
                    "texture": "#0"
                },
                "south": {
                    "uv": [
                        7.5,
                        8.5,
                        8.5,
                        9.5
                    ],
                    "texture": "#0"
                },
                "north": {
                    "uv": [
                        7.5,
                        8.5,
                        8.5,
                        9.5
                    ],
                    "texture": "#0"
                },
                "west": {
                    "uv": [
                        6,
                        8,
                        7.5,
                        9
                    ],
                    "texture": "#0"
                },
                "up": {
                    "uv": [
                        2,
                        9.5,
                        1,
                        8
                    ],
                    "texture": "#0"
                },
                "down": {
                    "uv": [
                        2,
                        9.5,
                        1,
                        8
                    ],
                    "texture": "#0"
                }
            }
        },
        {
            "from": [
                2,
                0,
                2.5
            ],
            "to": [
                4,
                2.25,
                5.5
            ],
            "faces": {
                "east": {
                    "uv": [
                        4.5,
                        8,
                        6,
                        9
                    ],
                    "texture": "#0"
                },
                "south": {
                    "uv": [
                        7.5,
                        8.5,
                        8.5,
                        9.5
                    ],
                    "texture": "#0"
                },
                "north": {
                    "uv": [
                        7.5,
                        8.5,
                        8.5,
                        9.5
                    ],
                    "texture": "#0"
                },
                "west": {
                    "uv": [
                        6,
                        8,
                        7.5,
                        9
                    ],
                    "texture": "#0"
                },
                "up": {
                    "uv": [
                        2,
                        9.5,
                        1,
                        8
                    ],
                    "texture": "#0"
                },
                "down": {
                    "uv": [
                        2,
                        9.5,
                        1,
                        8
                    ],
                    "texture": "#0"
                }
            }
        },
        {
            "from": [
                4,
                0,
                1.5
            ],
            "to": [
                12,
                3,
                6.5
            ],
            "faces": {
                "east": {
                    "uv": [
                        7,
                        2,
                        9.5,
                        3.5
                    ],
                    "texture": "#0"
                },
                "south": {
                    "uv": [
                        6,
                        4,
                        10,
                        5.5
                    ],
                    "texture": "#0"
                },
                "north": {
                    "uv": [
                        6,
                        4,
                        10,
                        5.5
                    ],
                    "texture": "#0"
                },
                "west": {
                    "uv": [
                        7,
                        2,
                        9.5,
                        3.5
                    ],
                    "texture": "#0"
                },
                "up": {
                    "uv": [
                        4,
                        2.5,
                        0,
                        0
                    ],
                    "texture": "#0"
                },
                "down": {
                    "uv": [
                        4,
                        2.5,
                        0,
                        0
                    ],
                    "texture": "#0"
                }
            }
        },
        {
            "from": [
                6,
                -0.1,
                1
            ],
            "to": [
                10,
                3.75,
                7
            ],
            "faces": {
                "east": {
                    "uv": [
                        4,
                        2,
                        7,
                        4
                    ],
                    "texture": "#0"
                },
                "south": {
                    "uv": [
                        2,
                        5,
                        4,
                        7
                    ],
                    "texture": "#0"
                },
                "north": {
                    "uv": [
                        2,
                        5,
                        4,
                        7
                    ],
                    "texture": "#0"
                },
                "west": {
                    "uv": [
                        4,
                        2,
                        7,
                        4
                    ],
                    "texture": "#0"
                },
                "up": {
                    "uv": [
                        6,
                        7,
                        4,
                        4
                    ],
                    "texture": "#0"
                },
                "down": {
                    "uv": [
                        6,
                        7,
                        4,
                        4
                    ],
                    "texture": "#0"
                }
            }
        },
        {
            "from": [
                12,
                0,
                2.5
            ],
            "to": [
                14,
                2.25,
                5.5
            ],
            "faces": {
                "east": {
                    "uv": [
                        6,
                        8,
                        7.5,
                        9
                    ],
                    "texture": "#0"
                },
                "south": {
                    "uv": [
                        3,
                        8.5,
                        4,
                        9.5
                    ],
                    "texture": "#0"
                },
                "north": {
                    "uv": [
                        3,
                        8.5,
                        4,
                        9.5
                    ],
                    "texture": "#0"
                },
                "west": {
                    "uv": [
                        6,
                        7,
                        7.5,
                        8
                    ],
                    "texture": "#0"
                },
                "up": {
                    "uv": [
                        8.5,
                        8.5,
                        7.5,
                        7
                    ],
                    "texture": "#0"
                },
                "down": {
                    "uv": [
                        2,
                        9.5,
                        1,
                        8
                    ],
                    "texture": "#0"
                }
            }
        }
    ],
    "display": {
        "head": {
            "translation": [
                0,
                -18,
                0
            ],
            "scale": [
                1.79688,
                1.79688,
                1.79688
            ]
        },
        "firstperson_righthand": {
            "rotation": [
                12,
                -35,
                7
            ],
            "translation": [
                0,
                7.25,
                0
            ],
            "scale": [
                0.72656,
                0.72656,
                0.72656
            ]
        },
        "thirdperson_lefthand": {
            "rotation": [
                48,
                103,
                0
            ],
            "translation": [
                -1.25,
                5,
                2.25
            ],
            "scale": [
                0.63086,
                0.63086,
                0.63086
            ]
        },
        "firstperson_lefthand": {
            "rotation": [
                12,
                -35,
                7
            ],
            "translation": [
                0,
                7.25,
                0
            ],
            "scale": [
                0.72656,
                0.72656,
                0.72656
            ]
        },
        "thirdperson_righthand": {
            "translation": [
                -8.2,
                -5,
                -2.7
            ],
            "scale": [
                1,
                1,
                1
            ],
            "rotation": [
                75,
                0,
                -10
            ]
        },
        "ground": {
            "translation": [
                0,
                1.25,
                0
            ],
            "scale": [
                0.51953,
                0.51953,
                0.51953
            ]
        },
        "gui": {
            "rotation": [
                26,
                -33,
                0
            ],
            "translation": [
                0,
                5.5,
                0
            ],
            "scale": [
                0.98242,
                0.98242,
                0.98242
            ]
        },
        "fixed": {
            "rotation": [
                -90,
                0,
                0
            ],
            "translation": [
                0,
                0,
                -14.75
            ],
            "scale": [
                1.95703,
                1.95703,
                1.95703
            ]
        }
    },
    "credit": "Made with Blockbench"
}