{
    "textures": {
        "2": "blockmodels/traffic/textures/crosswalk",
        "particle": "blockmodels/traffic/textures/crosswalk"
    },
    "texture_size": [
        112,
        112
    ],
    "elements": [{
        "from": [
            -16,
            -0.1,
            -16
        ],
        "to": [
            32,
            0,
            32
        ],
        "faces": {
            "east": {
                "uv": [
                    7,
                    0.28571,
                    13.85714,
                    0.42857
                ],
                "texture": "#2"
            },
            "south": {
                "uv": [
                    7,
                    0.57143,
                    13.85714,
                    0.71429
                ],
                "texture": "#2"
            },
            "north": {
                "uv": [
                    7,
                    0,
                    13.85714,
                    0.14286
                ],
                "texture": "#2"
            },
            "west": {
                "uv": [
                    7,
                    0.85714,
                    13.85714,
                    1
                ],
                "texture": "#2"
            },
            "up": {
                "uv": [
                    6.85714,
                    6.85714,
                    0,
                    0
                ],
                "texture": "#2"
            },
            "down": {
                "uv": [
                    6.85714,
                    7,
                    0,
                    13.85714
                ],
                "texture": "#2"
            }
        }
    }],
    "display": {
        "head": {
            "translation": [
                0,
                -18.75,
                0
            ],
            "scale": [
                3,
                3,
                3
            ]
        },
        "firstperson_righthand": {
            "rotation": [
                45,
                0,
                0
            ],
            "translation": [
                1,
                6,
                4
            ],
            "scale": [
                0.5,
                0.5,
                0.5
            ]
        },
        "thirdperson_lefthand": {
            "rotation": [
                105,
                0,
                0
            ],
            "translation": [
                0,
                1,
                6
            ],
            "scale": [
                0.5,
                0.5,
                0.5
            ]
        },
        "firstperson_lefthand": {
            "rotation": [
                45,
                0,
                0
            ],
            "translation": [
                1,
                6,
                4
            ],
            "scale": [
                0.5,
                0.5,
                0.5
            ]
        },
        "thirdperson_righthand": {
            "translation": [
                -8.2,
                -5,
                -2.7
            ],
            "scale": [
                1,
                1,
                1
            ],
            "rotation": [
                75,
                0,
                -10
            ]
        },
        "ground": {"scale": [
            0.3,
            0.3,
            0.3
        ]},
        "gui": {
            "rotation": [
                90,
                0,
                0
            ],
            "scale": [
                0.3,
                0.3,
                0.3
            ]
        },
        "fixed": {
            "rotation": [
                -90,
                0,
                0
            ],
            "translation": [
                0,
                0,
                -2.75
            ],
            "scale": [
                0.3,
                0.3,
                0.3
            ]
        }
    },
    "groups": [{
        "color": 0,
        "children": [0],
        "origin": [
            0,
            0,
            0
        ],
        "name": "group"
    }],
    "credit": "Made with Blockbench"
}