{
    "gui_light": "front",
    "textures": {
        "1": "blockmodels/bakery/textures/woodenspoon2",
        "particle": "blockmodels/bakery/textures/woodenspoon"
    },
    "elements": [
        {
            "from": [
                0,
                0,
                6
            ],
            "to": [
                5,
                1,
                10
            ],
            "faces": {
                "east": {
                    "uv": [
                        5,
                        10,
                        9,
                        11
                    ],
                    "texture": "#1"
                },
                "south": {
                    "uv": [
                        10,
                        4,
                        15,
                        5
                    ],
                    "texture": "#1"
                },
                "north": {
                    "uv": [
                        0,
                        10,
                        5,
                        11
                    ],
                    "texture": "#1"
                },
                "west": {
                    "uv": [
                        10,
                        5,
                        14,
                        6
                    ],
                    "texture": "#1"
                },
                "up": {
                    "uv": [
                        5,
                        8,
                        0,
                        4
                    ],
                    "texture": "#1"
                },
                "down": {
                    "uv": [
                        10,
                        4,
                        5,
                        8
                    ],
                    "texture": "#1"
                }
            }
        },
        {
            "from": [
                5,
                0,
                7
            ],
            "to": [
                18,
                1,
                9
            ],
            "faces": {
                "east": {
                    "uv": [
                        10,
                        6,
                        12,
                        7
                    ],
                    "texture": "#1"
                },
                "south": {
                    "uv": [
                        0,
                        9,
                        13,
                        10
                    ],
                    "texture": "#1"
                },
                "north": {
                    "uv": [
                        0,
                        8,
                        13,
                        9
                    ],
                    "texture": "#1"
                },
                "west": {
                    "uv": [
                        10,
                        7,
                        12,
                        8
                    ],
                    "texture": "#1"
                },
                "up": {
                    "uv": [
                        13,
                        2,
                        0,
                        0
                    ],
                    "texture": "#1"
                },
                "down": {
                    "uv": [
                        13,
                        2,
                        0,
                        4
                    ],
                    "texture": "#1"
                }
            }
        }
    ],
    "display": {
        "head": {
            "translation": [
                0,
                -15.75,
                0
            ],
            "scale": [
                2.08008,
                2.08008,
                2.08008
            ]
        },
        "firstperson_righthand": {
            "rotation": [
                81,
                -75,
                0
            ],
            "translation": [
                1,
                3,
                5
            ],
            "scale": [
                0.77734,
                0.77734,
                0.77734
            ]
        },
        "thirdperson_lefthand": {
            "rotation": [
                -180,
                -180,
                -94
            ],
            "translation": [
                -6.75,
                5.25,
                1.75
            ]
        },
        "firstperson_lefthand": {
            "rotation": [
                81,
                103,
                0
            ],
            "translation": [
                3.5,
                3,
                5
            ],
            "scale": [
                0.77734,
                0.77734,
                0.77734
            ]
        },
        "thirdperson_righthand": {
            "translation": [
                -8.2,
                -5,
                -2.7
            ],
            "scale": [
                1,
                1,
                1
            ],
            "rotation": [
                75,
                0,
                -10
            ]
        },
        "ground": {
            "translation": [
                0,
                1.25,
                0
            ],
            "scale": [
                0.49023,
                0.49023,
                0.49023
            ]
        },
        "gui": {
            "rotation": [
                39,
                -144,
                -28
            ],
            "translation": [
                -2.5,
                4.25,
                0
            ]
        },
        "fixed": {
            "rotation": [
                0,
                -44,
                0
            ],
            "translation": [
                0,
                25.25,
                11
            ],
            "scale": [
                1.15234,
                1.15234,
                1.15234
            ]
        }
    },
    "credit": "Made with Blockbench"
}