{
	"credit": "© 2015-2022 MadstonMagic. All rights reserved. Made using BlockBench",
	"texture_size": [32, 32],
	"textures": {
		"0": "pokemon/250_ho_oh/statue/ho_oh",
		"1": "pokemon/250_ho_oh/statue/statue_head",
		"particle": "pokemon/250_ho_oh/statue/statue_head"
	},
	"elements": [
		{
			"name": "head",
			"from": [6.01562, 21.11956, 9.55998],
			"to": [9.98438, 24.36956, 16.55998],
			"rotation": {"angle": 22.5, "axis": "x", "origin": [8, 3.63536, 8.92477]},
			"faces": {
				"east": {"uv": [0, 3.75, 1.75, 3], "texture": "#1"},
				"south": {"uv": [5.5, 2.75, 6.5, 2], "texture": "#1"},
				"west": {"uv": [3, 0.75, 4.75, 0], "texture": "#1"},
				"up": {"uv": [3, 4.75, 2, 3], "texture": "#1"},
				"down": {"uv": [4, 1, 3, 2.75], "texture": "#1"}
			}
		},
		{
			"name": "head",
			"from": [6.01562, 19.33883, 1.10772],
			"to": [9.98438, 21.08883, 5.35772],
			"rotation": {"angle": 45, "axis": "x", "origin": [8, 3.63536, 8.92477]},
			"faces": {
				"east": {"uv": [8.5, 9.25, 9.5, 9], "texture": "#1"},
				"south": {"uv": [9.5, 0.25, 10.5, 0], "texture": "#1"},
				"west": {"uv": [0.5, 9.75, 1.5, 9.5], "texture": "#1"},
				"down": {"uv": [4, 5.5, 3, 6.5], "texture": "#1"}
			}
		},
		{
			"name": "head",
			"from": [6, 19.54818, 11.94626],
			"to": [10, 22.54818, 16.19626],
			"rotation": {"angle": 0, "axis": "x", "origin": [8, 3.63536, 8.92477]},
			"faces": {
				"north": {"uv": [6, 6.75, 7, 6], "texture": "#1"},
				"east": {"uv": [6.5, 0.75, 7.5, 0], "texture": "#1"},
				"west": {"uv": [6.5, 1.75, 7.5, 1], "texture": "#1"},
				"up": {"uv": [6, 6.5, 5, 5.5], "texture": "#1"},
				"down": {"uv": [5, 5.5, 4, 6.5], "texture": "#1"}
			}
		},
		{
			"name": "head",
			"from": [6.01562, 16.95226, 14.45388],
			"to": [9.98438, 19.95226, 18.95388],
			"rotation": {"angle": -22.5, "axis": "x", "origin": [8, 3.63536, 8.92477]},
			"faces": {
				"east": {"uv": [6.5, 2.75, 7.5, 2], "texture": "#1"},
				"west": {"uv": [6.5, 3.75, 7.5, 3], "texture": "#1"},
				"up": {"uv": [7, 6, 6, 5], "texture": "#1"},
				"down": {"uv": [7, 4, 6, 5], "texture": "#1"}
			}
		},
		{
			"name": "head",
			"from": [6, 19.54818, 16.19626],
			"to": [10, 22.54818, 17.44626],
			"rotation": {"angle": 0, "axis": "x", "origin": [8, 3.63536, 8.92477]},
			"faces": {
				"east": {"uv": [9.5, 8.25, 9.75, 7.5], "texture": "#1"},
				"west": {"uv": [8, 10.25, 8.25, 9.5], "texture": "#1"},
				"up": {"uv": [10.5, 1.75, 9.5, 1.5], "texture": "#1"}
			}
		},
		{
			"name": "head",
			"from": [6, 11.92768, 14.72236],
			"to": [10, 17.92768, 20.70674],
			"rotation": {"angle": -45, "axis": "x", "origin": [8, 3.63536, 8.92477]},
			"faces": {
				"east": {"uv": [0, 1.5, 1.5, 0], "texture": "#1"},
				"south": {"uv": [0, 5.5, 1, 4], "texture": "#1"},
				"west": {"uv": [0, 3, 1.5, 1.5], "texture": "#1"},
				"up": {"uv": [5, 2.5, 4, 1], "texture": "#1"},
				"down": {"uv": [2, 4, 1, 5.5], "texture": "#1"}
			}
		},
		{
			"name": "head",
			"from": [7, 17.92768, 16.72236],
			"to": [9, 23.92768, 18.72236],
			"rotation": {"angle": -45, "axis": "x", "origin": [8, 3.63536, 8.92477]},
			"faces": {
				"north": {"uv": [0, 8.5, 0.5, 7], "texture": "#1"},
				"east": {"uv": [0.5, 8.5, 1, 7], "texture": "#1"},
				"south": {"uv": [7, 5.5, 7.5, 4], "texture": "#1"},
				"west": {"uv": [7, 7, 7.5, 5.5], "texture": "#1"},
				"up": {"uv": [6, 4.5, 5.5, 4], "texture": "#1"}
			}
		},
		{
			"name": "head",
			"from": [7, 21.92768, 12.72236],
			"to": [9, 23.92768, 14.72236],
			"rotation": {"angle": -45, "axis": "x", "origin": [8, 3.63536, 8.92477]},
			"faces": {
				"north": {"uv": [7.5, 9.5, 8, 9], "texture": "#1"},
				"east": {"uv": [1.5, 10, 2, 9.5], "texture": "#1"},
				"south": {"uv": [9.5, 2.5, 10, 2], "texture": "#1"},
				"west": {"uv": [2.5, 10, 3, 9.5], "texture": "#1"},
				"up": {"uv": [10, 3.5, 9.5, 3], "texture": "#1"}
			}
		},
		{
			"name": "head",
			"from": [7, 14.14405, -6.52186],
			"to": [9, 16.14405, -0.52186],
			"rotation": {"angle": 22.5, "axis": "x", "origin": [8, 3.63536, 8.92477]},
			"faces": {
				"east": {"uv": [6, 7.5, 7.5, 7], "texture": "#1"},
				"west": {"uv": [7.5, 0.5, 9, 0], "texture": "#1"},
				"up": {"uv": [1.5, 9, 1, 7.5], "texture": "#1"},
				"down": {"uv": [8, 0.5, 7.5, 2], "texture": "#1"}
			}
		},
		{
			"name": "head",
			"from": [7.5, 21.92768, 14.72236],
			"to": [8.5, 23.92768, 20.72236],
			"rotation": {"angle": -45, "axis": "x", "origin": [8, 3.63536, 8.92477]},
			"faces": {
				"east": {"uv": [1.5, 8, 3, 7.5], "texture": "#1"},
				"south": {"uv": [2, 10.5, 2.25, 10], "texture": "#1"},
				"west": {"uv": [7.5, 2.5, 9, 2], "texture": "#1"},
				"up": {"uv": [4.25, 9.5, 4, 8], "texture": "#1"}
			}
		},
		{
			"name": "head",
			"from": [7.5, 23.92768, 16.72236],
			"to": [8.5, 24.42768, 18.72236],
			"rotation": {"angle": -45, "axis": "x", "origin": [8, 3.63536, 8.92477]},
			"faces": {
				"north": {"uv": [10, 10.25, 10.25, 10], "texture": "#1"},
				"east": {"uv": [10, 2.25, 10.5, 2], "texture": "#1"},
				"south": {"uv": [10.5, 0.25, 10.75, 0], "texture": "#1"},
				"west": {"uv": [2.5, 10.25, 3, 10], "texture": "#1"},
				"up": {"uv": [3.25, 10.5, 3, 10], "texture": "#1"}
			}
		},
		{
			"name": "head",
			"from": [7.5, 23.92768, 12.72236],
			"to": [8.5, 24.42768, 14.72236],
			"rotation": {"angle": -45, "axis": "x", "origin": [8, 3.63536, 8.92477]},
			"faces": {
				"north": {"uv": [0.5, 10.75, 0.75, 10.5], "texture": "#1"},
				"east": {"uv": [10, 3.25, 10.5, 3], "texture": "#1"},
				"south": {"uv": [10.5, 0.75, 10.75, 0.5], "texture": "#1"},
				"west": {"uv": [3.5, 10.25, 4, 10], "texture": "#1"},
				"up": {"uv": [4.25, 10.5, 4, 10], "texture": "#1"}
			}
		},
		{
			"name": "head",
			"from": [7.75, 23.92768, 14.72236],
			"to": [8.25, 24.17768, 20.47236],
			"rotation": {"angle": -45, "axis": "x", "origin": [8, 3.63536, 8.92477]},
			"faces": {
				"east": {"uv": [8, 4.25, 9.5, 4], "texture": "#1"},
				"south": {"uv": [1.5, 10.75, 1.75, 10.5], "texture": "#1"},
				"west": {"uv": [8, 4.75, 9.5, 4.5], "texture": "#1"},
				"up": {"uv": [5.25, 9.5, 5, 8], "texture": "#1"}
			}
		},
		{
			"name": "head",
			"from": [7.5, 15.99181, -5.7565],
			"to": [8.5, 17.99181, -0.7565],
			"rotation": {"angle": 22.5, "axis": "x", "origin": [8, 3.63536, 8.92477]},
			"faces": {
				"east": {"uv": [7.5, 4, 8.75, 3.5], "texture": "#1"},
				"west": {"uv": [4, 8, 5.25, 7.5], "texture": "#1"}
			}
		},
		{
			"name": "head",
			"from": [7.5, 20.05001, 10.82416],
			"to": [8.5, 25.05001, 12.82416],
			"rotation": {"angle": -22.5, "axis": "x", "origin": [8, 3.63536, 8.92477]},
			"faces": {
				"east": {"uv": [7.5, 5.25, 8, 4], "texture": "#1"},
				"south": {"uv": [7, 10.25, 7.25, 9], "texture": "#1"},
				"west": {"uv": [5.5, 8.75, 6, 7.5], "texture": "#1"}
			}
		},
		{
			"name": "head",
			"from": [5, 12.92768, 14.72236],
			"to": [11, 16.92768, 20.72236],
			"rotation": {"angle": -45, "axis": "x", "origin": [8, 3.63536, 8.92477]},
			"faces": {
				"east": {"uv": [4, 4.5, 5.5, 3.5], "texture": "#1"},
				"south": {"uv": [3, 5.5, 4.5, 4.5], "texture": "#1"},
				"west": {"uv": [4.5, 5.5, 6, 4.5], "texture": "#1"},
				"up": {"uv": [3, 3, 1.5, 1.5], "texture": "#1"},
				"down": {"uv": [3, 0, 1.5, 1.5], "texture": "#1"}
			}
		},
		{
			"name": "head",
			"from": [4.98438, 13.42768, 14.72236],
			"to": [11.01562, 16.92768, 20.22236],
			"rotation": {"angle": -45, "axis": "x", "origin": [8, 3.63536, 8.92477]},
			"faces": {
				"east": {"uv": [0.25, 6.75, 13, 15.75], "texture": "#0"},
				"west": {"uv": [13, 6.75, 0.25, 15.75], "texture": "#0"}
			}
		},
		{
			"name": "head",
			"from": [5, 12.92768, 13.72236],
			"to": [11, 16.92768, 14.72236],
			"rotation": {"angle": -45, "axis": "x", "origin": [8, 3.63536, 8.92477]},
			"faces": {
				"north": {"uv": [5, 1, 6.5, 0], "texture": "#1"},
				"east": {"uv": [4.5, 10.5, 4.75, 9.5], "texture": "#1"},
				"west": {"uv": [9.5, 5.5, 9.75, 4.5], "texture": "#1"},
				"up": {"uv": [9.5, 7.75, 8, 7.5], "texture": "#1"},
				"down": {"uv": [9.5, 5, 8, 5.25], "texture": "#1"}
			}
		},
		{
			"name": "head",
			"from": [6, 11.92768, 13.72236],
			"to": [10, 17.92768, 14.72236],
			"rotation": {"angle": -45, "axis": "x", "origin": [8, 3.63536, 8.92477]},
			"faces": {
				"north": {"uv": [2, 6.5, 3, 5], "texture": "#1"},
				"east": {"uv": [8, 9.5, 8.25, 8], "texture": "#1"},
				"west": {"uv": [0, 10, 0.25, 8.5], "texture": "#1"},
				"up": {"uv": [10.5, 6.25, 9.5, 6], "texture": "#1"},
				"down": {"uv": [10.5, 5.5, 9.5, 5.75], "texture": "#1"}
			}
		},
		{
			"name": "head",
			"from": [6.5, 11.92768, 10.72236],
			"to": [9.5, 13.42768, 13.72236],
			"rotation": {"angle": -45, "axis": "x", "origin": [8, 3.63536, 8.92477]},
			"faces": {
				"north": {"uv": [1.5, 9, 2.25, 8.5], "texture": "#1"},
				"east": {"uv": [8.5, 3, 9.25, 2.5], "texture": "#1"},
				"west": {"uv": [8.5, 3.5, 9.25, 3], "texture": "#1"},
				"up": {"uv": [6.75, 8.25, 6, 7.5], "texture": "#1"},
				"down": {"uv": [8.25, 5.5, 7.5, 6.25], "texture": "#1"}
			}
		},
		{
			"name": "head",
			"from": [6.5, 10.66027, 1.23544],
			"to": [9.5, 12.66027, 1.98544],
			"rotation": {"angle": 22.5, "axis": "x", "origin": [8, 3.63536, 8.92477]},
			"faces": {
				"north": {"uv": [8.5, 6, 9.25, 5.5], "texture": "#1"},
				"east": {"uv": [7.5, 10.5, 7.75, 10], "texture": "#1"},
				"west": {"uv": [10, 8, 10.25, 7.5], "texture": "#1"}
			}
		},
		{
			"name": "head",
			"from": [6, 14.92768, 10.72236],
			"to": [10, 16.92768, 13.72236],
			"rotation": {"angle": -45, "axis": "x", "origin": [8, 3.63536, 8.92477]},
			"faces": {
				"north": {"uv": [8, 1, 9, 0.5], "texture": "#1"},
				"east": {"uv": [8.5, 6.5, 9.25, 6], "texture": "#1"},
				"west": {"uv": [8.5, 7, 9.25, 6.5], "texture": "#1"},
				"up": {"uv": [4, 8.25, 3, 7.5], "texture": "#1"},
				"down": {"uv": [8.5, 2.5, 7.5, 3.25], "texture": "#1"}
			}
		},
		{
			"name": "head",
			"from": [6, 15.33005, 7.64996],
			"to": [10, 16.08005, 9.64996],
			"rotation": {"angle": -22.5, "axis": "x", "origin": [8, 3.63536, 8.92477]},
			"faces": {
				"east": {"uv": [10, 8.25, 10.5, 8], "texture": "#1"},
				"west": {"uv": [8.5, 10.25, 9, 10], "texture": "#1"},
				"down": {"uv": [2.5, 8, 1.5, 8.5], "texture": "#1"}
			}
		},
		{
			"name": "head",
			"from": [6.5, 14.75601, 3.26414],
			"to": [9.5, 16.50601, 6.26414],
			"rotation": {"angle": -22.5, "axis": "x", "origin": [8, 3.63536, 8.92477]},
			"faces": {
				"north": {"uv": [7, 9, 7.75, 8.5], "texture": "#1"},
				"east": {"uv": [8.5, 7.5, 9.25, 7], "texture": "#1"},
				"west": {"uv": [8.5, 9, 9.25, 8.5], "texture": "#1"},
				"up": {"uv": [7.75, 8.25, 7, 7.5], "texture": "#1"},
				"down": {"uv": [8.25, 6.5, 7.5, 7.25], "texture": "#1"}
			}
		},
		{
			"name": "head",
			"from": [7, 6.23363, -4.17884],
			"to": [9, 8.73363, -2.92884],
			"rotation": {"angle": 22.5, "axis": "x", "origin": [8, 3.63536, 8.92477]},
			"faces": {
				"north": {"uv": [0.5, 9.25, 1, 8.5], "texture": "#1"},
				"east": {"uv": [9.5, 9.75, 9.75, 9], "texture": "#1"},
				"south": {"uv": [9, 0.75, 9.5, 0], "texture": "#1"},
				"west": {"uv": [0, 10.75, 0.25, 10], "texture": "#1"},
				"up": {"uv": [10.5, 9.25, 10, 9], "texture": "#1"},
				"down": {"uv": [9.5, 10, 9, 10.25], "texture": "#1"}
			}
		},
		{
			"name": "head",
			"from": [7, 11.98439, 4.4122],
			"to": [9, 13.48439, 7.4122],
			"rotation": {"angle": -22.5, "axis": "x", "origin": [8, 3.63536, 8.92477]},
			"faces": {
				"north": {"uv": [5, 10, 5.5, 9.5], "texture": "#1"},
				"east": {"uv": [1, 9.5, 1.75, 9], "texture": "#1"},
				"west": {"uv": [9, 1.5, 9.75, 1], "texture": "#1"},
				"up": {"uv": [2.5, 9.75, 2, 9], "texture": "#1"},
				"down": {"uv": [9.5, 1.5, 9, 2.25], "texture": "#1"}
			}
		},
		{
			"name": "head",
			"from": [7, 14.02892, 10.60012],
			"to": [9, 14.27892, 13.85012],
			"rotation": {"angle": -45, "axis": "x", "origin": [8, 3.63536, 8.92477]},
			"faces": {
				"north": {"uv": [9.5, 10.25, 10, 10], "texture": "#1"},
				"east": {"uv": [0.5, 10.25, 1.25, 10], "texture": "#1"},
				"west": {"uv": [10, 1.25, 10.75, 1], "texture": "#1"},
				"up": {"uv": [4, 9.75, 3.5, 9], "texture": "#1"},
				"down": {"uv": [3.5, 9, 3, 9.75], "texture": "#1"}
			}
		}
	],
	"display": {
		"thirdperson_righthand": {
			"rotation": [75, 0, -10],
			"translation": [-8.35, -9.85, -2.75],
			"scale": [1.3, 1.3, 1.3]
		},
		"thirdperson_lefthand": {
			"rotation": [75, 0, -10],
			"translation": [-8.35, -5.35, -2.5]
		},
		"ground": {
			"rotation": [0, 90, 180],
			"scale": [1.2, 1.2, 1.2]
		},
		"gui": {
			"rotation": [180, 180, 0]
		},
		"fixed": {
			"rotation": [0, 90, 180],
			"translation": [0, 1, 0],
			"scale": [2, 2, 2]
		}
	}
}