{
    "gui_light": "front",
    "textures": {
        "0": "blockmodels/bakery/textures/donut1",
        "particle": "blockmodels/bakery/textures/donut1"
    },
    "texture_size": [
        32,
        32
    ],
    "elements": [
        {
            "from": [
                9.75,
                0.1,
                4
            ],
            "to": [
                13.25,
                2.9,
                12
            ],
            "faces": {
                "east": {
                    "uv": [
                        4,
                        5,
                        8,
                        6.5
                    ],
                    "texture": "#0"
                },
                "south": {
                    "uv": [
                        10,
                        4.5,
                        11.5,
                        6
                    ],
                    "texture": "#0"
                },
                "north": {
                    "uv": [
                        10,
                        3,
                        11.5,
                        4.5
                    ],
                    "texture": "#0"
                },
                "west": {
                    "uv": [
                        0,
                        6,
                        4,
                        7.5
                    ],
                    "texture": "#0"
                },
                "up": {
                    "uv": [
                        5.5,
                        10.5,
                        4,
                        6.5
                    ],
                    "texture": "#0"
                },
                "down": {
                    "uv": [
                        7,
                        6.5,
                        5.5,
                        10.5
                    ],
                    "texture": "#0"
                }
            }
        },
        {
            "from": [
                2.75,
                0.1,
                4
            ],
            "to": [
                6.25,
                2.9,
                12
            ],
            "faces": {
                "east": {
                    "uv": [
                        8,
                        0,
                        12,
                        1.5
                    ],
                    "texture": "#0"
                },
                "south": {
                    "uv": [
                        10,
                        9.5,
                        11.5,
                        11
                    ],
                    "texture": "#0"
                },
                "north": {
                    "uv": [
                        10,
                        8,
                        11.5,
                        9.5
                    ],
                    "texture": "#0"
                },
                "west": {
                    "uv": [
                        8,
                        1.5,
                        12,
                        3
                    ],
                    "texture": "#0"
                },
                "up": {
                    "uv": [
                        8.5,
                        12,
                        7,
                        8
                    ],
                    "texture": "#0"
                },
                "down": {
                    "uv": [
                        10,
                        8,
                        8.5,
                        12
                    ],
                    "texture": "#0"
                }
            }
        },
        {
            "from": [
                4,
                0.1,
                3
            ],
            "to": [
                12,
                2.91,
                7
            ],
            "faces": {
                "east": {
                    "uv": [
                        8,
                        3,
                        10,
                        4.5
                    ],
                    "texture": "#0"
                },
                "south": {
                    "uv": [
                        4,
                        3.5,
                        8,
                        5
                    ],
                    "texture": "#0"
                },
                "north": {
                    "uv": [
                        4,
                        2,
                        8,
                        3.5
                    ],
                    "texture": "#0"
                },
                "west": {
                    "uv": [
                        8,
                        4.5,
                        10,
                        6
                    ],
                    "texture": "#0"
                },
                "up": {
                    "uv": [
                        4,
                        2,
                        0,
                        0
                    ],
                    "texture": "#0"
                },
                "down": {
                    "uv": [
                        4,
                        2,
                        0,
                        4
                    ],
                    "texture": "#0"
                }
            }
        },
        {
            "from": [
                4,
                0.1,
                9
            ],
            "to": [
                12,
                2.91,
                13
            ],
            "faces": {
                "east": {
                    "uv": [
                        0,
                        9,
                        2,
                        10.5
                    ],
                    "texture": "#0"
                },
                "south": {
                    "uv": [
                        0,
                        7.5,
                        4,
                        9
                    ],
                    "texture": "#0"
                },
                "north": {
                    "uv": [
                        7,
                        6.5,
                        11,
                        8
                    ],
                    "texture": "#0"
                },
                "west": {
                    "uv": [
                        2,
                        9,
                        4,
                        10.5
                    ],
                    "texture": "#0"
                },
                "up": {
                    "uv": [
                        4,
                        6,
                        0,
                        4
                    ],
                    "texture": "#0"
                },
                "down": {
                    "uv": [
                        8,
                        0,
                        4,
                        2
                    ],
                    "texture": "#0"
                }
            }
        }
    ],
    "display": {
        "head": {
            "translation": [
                0,
                -20.75,
                0
            ],
            "scale": [
                1.49219,
                1.49219,
                1.49219
            ]
        },
        "firstperson_righthand": {
            "rotation": [
                21,
                26,
                2
            ],
            "translation": [
                0.5,
                7.25,
                1
            ],
            "scale": [
                0.75586,
                0.75586,
                0.75586
            ]
        },
        "thirdperson_lefthand": {
            "rotation": [
                32,
                11,
                0
            ],
            "translation": [
                -0.5,
                5,
                1.25
            ],
            "scale": [
                0.6543,
                0.6543,
                0.6543
            ]
        },
        "firstperson_lefthand": {
            "rotation": [
                21,
                26,
                2
            ],
            "translation": [
                0.5,
                7.25,
                1
            ],
            "scale": [
                0.75586,
                0.75586,
                0.75586
            ]
        },
        "thirdperson_righthand": {
            "translation": [
                -8.2,
                -5,
                -2.7
            ],
            "scale": [
                1,
                1,
                1
            ],
            "rotation": [
                75,
                0,
                -10
            ]
        },
        "ground": {
            "rotation": [
                15,
                0,
                0
            ],
            "translation": [
                0,
                0.5,
                0
            ],
            "scale": [
                0.4707,
                0.4707,
                0.4707
            ]
        },
        "gui": {
            "rotation": [
                40,
                42,
                0
            ],
            "translation": [
                0,
                5,
                0
            ],
            "scale": [
                1.11328,
                1.11328,
                1.11328
            ]
        },
        "fixed": {
            "rotation": [
                -90,
                0,
                0
            ],
            "translation": [
                0,
                0,
                -11.5
            ],
            "scale": [
                1.48438,
                1.48438,
                1.48438
            ]
        }
    },
    "credit": "Made with Blockbench"
}