{
    "textures": {
        "2": "blockmodels/mhp2/textures/dumbbell",
        "particle": "blockmodels/mhp2/textures/dumbbell"
    },
    "texture_size": [
        64,
        64
    ],
    "elements": [
        {
            "from": [
                -1,
                3,
                7
            ],
            "to": [
                17,
                5,
                9
            ],
            "faces": {
                "east": {
                    "uv": [
                        4,
                        3,
                        4.5,
                        3.5
                    ],
                    "texture": "#2"
                },
                "south": {
                    "uv": [
                        4,
                        1.5,
                        8.5,
                        2
                    ],
                    "texture": "#2"
                },
                "north": {
                    "uv": [
                        1.5,
                        4,
                        6,
                        4.5
                    ],
                    "texture": "#2"
                },
                "west": {
                    "uv": [
                        4,
                        3.5,
                        4.5,
                        4
                    ],
                    "texture": "#2"
                },
                "up": {
                    "uv": [
                        8.5,
                        2.5,
                        4,
                        2
                    ],
                    "texture": "#2"
                },
                "down": {
                    "uv": [
                        8.5,
                        2.5,
                        4,
                        3
                    ],
                    "texture": "#2"
                }
            }
        },
        {
            "from": [
                0,
                1,
                5
            ],
            "to": [
                2,
                7,
                11
            ],
            "faces": {
                "east": {
                    "uv": [
                        0,
                        4,
                        1.5,
                        5.5
                    ],
                    "texture": "#2",
                    "tintindex": 0
                },
                "south": {
                    "uv": [
                        6,
                        0,
                        6.5,
                        1.5
                    ],
                    "texture": "#2",
                    "tintindex": 0
                },
                "north": {
                    "uv": [
                        5.5,
                        0,
                        6,
                        1.5
                    ],
                    "texture": "#2",
                    "tintindex": 0
                },
                "west": {
                    "uv": [
                        4,
                        0,
                        5.5,
                        1.5
                    ],
                    "texture": "#2",
                    "tintindex": 0
                },
                "up": {
                    "uv": [
                        3,
                        7.5,
                        2.5,
                        6
                    ],
                    "texture": "#2",
                    "tintindex": 0
                },
                "down": {
                    "uv": [
                        3.5,
                        6,
                        3,
                        7.5
                    ],
                    "texture": "#2",
                    "tintindex": 0
                }
            }
        },
        {
            "from": [
                2,
                0,
                4
            ],
            "to": [
                4,
                8,
                12
            ],
            "faces": {
                "east": {
                    "uv": [
                        0,
                        0,
                        2,
                        2
                    ],
                    "texture": "#2",
                    "tintindex": 0
                },
                "south": {
                    "uv": [
                        5,
                        4.5,
                        5.5,
                        6.5
                    ],
                    "texture": "#2",
                    "tintindex": 0
                },
                "north": {
                    "uv": [
                        4.5,
                        4.5,
                        5,
                        6.5
                    ],
                    "texture": "#2",
                    "tintindex": 0
                },
                "west": {
                    "uv": [
                        0,
                        2,
                        2,
                        4
                    ],
                    "texture": "#2",
                    "tintindex": 0
                },
                "up": {
                    "uv": [
                        0.5,
                        7.5,
                        0,
                        5.5
                    ],
                    "texture": "#2",
                    "tintindex": 0
                },
                "down": {
                    "uv": [
                        1,
                        5.5,
                        0.5,
                        7.5
                    ],
                    "texture": "#2",
                    "tintindex": 0
                }
            }
        },
        {
            "rotation": {
                "origin": [
                    16,
                    0,
                    0
                ],
                "angle": 0,
                "axis": "y"
            },
            "from": [
                14,
                1,
                5
            ],
            "to": [
                16,
                7,
                11
            ],
            "faces": {
                "east": {
                    "uv": [
                        1.5,
                        4.5,
                        3,
                        6
                    ],
                    "texture": "#2",
                    "tintindex": 0
                },
                "south": {
                    "uv": [
                        3.5,
                        6,
                        4,
                        7.5
                    ],
                    "texture": "#2",
                    "tintindex": 0
                },
                "north": {
                    "uv": [
                        6,
                        3,
                        6.5,
                        4.5
                    ],
                    "texture": "#2",
                    "tintindex": 0
                },
                "west": {
                    "uv": [
                        3,
                        4.5,
                        4.5,
                        6
                    ],
                    "texture": "#2",
                    "tintindex": 0
                },
                "up": {
                    "uv": [
                        4.5,
                        7.5,
                        4,
                        6
                    ],
                    "texture": "#2",
                    "tintindex": 0
                },
                "down": {
                    "uv": [
                        6.5,
                        4.5,
                        6,
                        6
                    ],
                    "texture": "#2",
                    "tintindex": 0
                }
            }
        },
        {
            "rotation": {
                "origin": [
                    16,
                    0,
                    0
                ],
                "angle": 0,
                "axis": "y"
            },
            "from": [
                12,
                0,
                4
            ],
            "to": [
                14,
                8,
                12
            ],
            "faces": {
                "east": {
                    "uv": [
                        2,
                        0,
                        4,
                        2
                    ],
                    "texture": "#2",
                    "tintindex": 0
                },
                "south": {
                    "uv": [
                        5.5,
                        4.5,
                        6,
                        6.5
                    ],
                    "texture": "#2",
                    "tintindex": 0
                },
                "north": {
                    "uv": [
                        1,
                        5.5,
                        1.5,
                        7.5
                    ],
                    "texture": "#2",
                    "tintindex": 0
                },
                "west": {
                    "uv": [
                        2,
                        2,
                        4,
                        4
                    ],
                    "texture": "#2",
                    "tintindex": 0
                },
                "up": {
                    "uv": [
                        2,
                        8,
                        1.5,
                        6
                    ],
                    "texture": "#2",
                    "tintindex": 0
                },
                "down": {
                    "uv": [
                        2.5,
                        6,
                        2,
                        8
                    ],
                    "texture": "#2",
                    "tintindex": 0
                }
            }
        }
    ],
    "display": {
        "firstperson_righthand": {
            "rotation": [
                0,
                45,
                0
            ],
            "scale": [
                0.4,
                0.4,
                0.4
            ]
        },
        "thirdperson_lefthand": {
            "rotation": [
                75,
                45,
                0
            ],
            "translation": [
                0,
                2.5,
                0
            ],
            "scale": [
                0.375,
                0.375,
                0.375
            ]
        },
        "firstperson_lefthand": {
            "rotation": [
                0,
                225,
                0
            ],
            "scale": [
                0.4,
                0.4,
                0.4
            ]
        },
        "thirdperson_righthand": {
            "translation": [
                -8.2,
                -5,
                -2.7
            ],
            "scale": [
                1,
                1,
                1
            ],
            "rotation": [
                75,
                0,
                -10
            ]
        },
        "ground": {
            "translation": [
                0,
                3,
                0
            ],
            "scale": [
                0.25,
                0.25,
                0.25
            ]
        },
        "gui": {
            "rotation": [
                30,
                225,
                0
            ],
            "translation": [
                0,
                1.75,
                0
            ],
            "scale": [
                0.625,
                0.625,
                0.625
            ]
        },
        "fixed": {
            "rotation": [
                -90,
                0,
                0
            ],
            "translation": [
                0,
                0,
                -16
            ],
            "scale": [
                2,
                2,
                2
            ]
        }
    },
    "credit": "Made with Blockbench"
}