{
    "textures": {
        "1": "blockmodels/dungeon/textures/dungeon_cage",
        "particle": "blockmodels/dungeon/textures/dungeon_cage"
    },
    "texture_size": [
        64,
        64
    ],
    "elements": [
        {
            "from": [
                0,
                -3,
                0
            ],
            "to": [
                16,
                -1,
                16
            ],
            "faces": {
                "east": {
                    "uv": [
                        8,
                        8.5,
                        12,
                        9
                    ],
                    "texture": "#1"
                },
                "south": {
                    "uv": [
                        8,
                        9,
                        12,
                        9.5
                    ],
                    "texture": "#1"
                },
                "north": {
                    "uv": [
                        8,
                        8,
                        12,
                        8.5
                    ],
                    "texture": "#1"
                },
                "west": {
                    "uv": [
                        8,
                        9.5,
                        12,
                        10
                    ],
                    "texture": "#1"
                },
                "up": {
                    "uv": [
                        4,
                        11.25,
                        0,
                        7.25
                    ],
                    "texture": "#1"
                },
                "down": {
                    "uv": [
                        4,
                        7.25,
                        0,
                        11.25
                    ],
                    "texture": "#1"
                }
            }
        },
        {
            "from": [
                0,
                28,
                0
            ],
            "to": [
                16,
                29,
                16
            ],
            "faces": {
                "east": {
                    "uv": [
                        8,
                        10.25,
                        12,
                        10.5
                    ],
                    "texture": "#1"
                },
                "south": {
                    "uv": [
                        8,
                        10.5,
                        12,
                        10.75
                    ],
                    "texture": "#1"
                },
                "north": {
                    "uv": [
                        8,
                        10,
                        12,
                        10.25
                    ],
                    "texture": "#1"
                },
                "west": {
                    "uv": [
                        8,
                        10.75,
                        12,
                        11
                    ],
                    "texture": "#1"
                },
                "up": {
                    "uv": [
                        12,
                        4,
                        8,
                        0
                    ],
                    "texture": "#1"
                },
                "down": {
                    "uv": [
                        12,
                        4,
                        8,
                        8
                    ],
                    "texture": "#1"
                }
            }
        },
        {
            "rotation": {
                "origin": [
                    8,
                    30.5,
                    8
                ],
                "angle": 45,
                "axis": "y"
            },
            "from": [
                8,
                29,
                6
            ],
            "to": [
                8,
                32,
                10
            ],
            "faces": {
                "east": {
                    "uv": [
                        8,
                        11,
                        9,
                        11.75
                    ],
                    "texture": "#1"
                },
                "south": {
                    "uv": [
                        0,
                        0,
                        0,
                        0.75
                    ],
                    "texture": "#1"
                },
                "north": {
                    "uv": [
                        0,
                        0,
                        0,
                        0.75
                    ],
                    "texture": "#1"
                },
                "west": {
                    "uv": [
                        9,
                        11,
                        10,
                        11.75
                    ],
                    "texture": "#1"
                },
                "up": {
                    "uv": [
                        0,
                        1,
                        0,
                        0
                    ],
                    "texture": "#1"
                },
                "down": {
                    "uv": [
                        0,
                        0,
                        0,
                        1
                    ],
                    "texture": "#1"
                }
            }
        },
        {
            "rotation": {
                "origin": [
                    8,
                    30.5,
                    8
                ],
                "angle": -45,
                "axis": "y"
            },
            "from": [
                8,
                29,
                6
            ],
            "to": [
                8,
                32,
                10
            ],
            "faces": {
                "east": {
                    "uv": [
                        9,
                        11,
                        10,
                        11.75
                    ],
                    "texture": "#1"
                },
                "south": {
                    "uv": [
                        0,
                        0,
                        0,
                        0.75
                    ],
                    "texture": "#1"
                },
                "north": {
                    "uv": [
                        0,
                        0,
                        0,
                        0.75
                    ],
                    "texture": "#1"
                },
                "west": {
                    "uv": [
                        8,
                        11,
                        9,
                        11.75
                    ],
                    "texture": "#1"
                },
                "up": {
                    "uv": [
                        0,
                        1,
                        0,
                        0
                    ],
                    "texture": "#1",
                    "rotation": 180
                },
                "down": {
                    "uv": [
                        0,
                        0,
                        0,
                        1
                    ],
                    "texture": "#1",
                    "rotation": 180
                }
            }
        },
        {
            "from": [
                0,
                -1,
                0
            ],
            "to": [
                16,
                28,
                0
            ],
            "faces": {
                "east": {
                    "uv": [
                        0,
                        0,
                        0,
                        7.25
                    ],
                    "texture": "#1"
                },
                "south": {
                    "uv": [
                        0,
                        0,
                        4,
                        7.25
                    ],
                    "texture": "#1"
                },
                "north": {
                    "uv": [
                        0,
                        0,
                        4,
                        7.25
                    ],
                    "texture": "#1"
                },
                "west": {
                    "uv": [
                        0,
                        0,
                        0,
                        7.25
                    ],
                    "texture": "#1"
                },
                "up": {
                    "uv": [
                        4,
                        0,
                        0,
                        0
                    ],
                    "texture": "#1"
                },
                "down": {
                    "uv": [
                        4,
                        0,
                        0,
                        0
                    ],
                    "texture": "#1"
                }
            }
        },
        {
            "from": [
                0,
                -1,
                16
            ],
            "to": [
                16,
                28,
                16
            ],
            "faces": {
                "east": {
                    "uv": [
                        0,
                        0,
                        0,
                        7.25
                    ],
                    "texture": "#1"
                },
                "south": {
                    "uv": [
                        0,
                        0,
                        4,
                        7.25
                    ],
                    "texture": "#1"
                },
                "north": {
                    "uv": [
                        0,
                        0,
                        4,
                        7.25
                    ],
                    "texture": "#1"
                },
                "west": {
                    "uv": [
                        0,
                        0,
                        0,
                        7.25
                    ],
                    "texture": "#1"
                },
                "up": {
                    "uv": [
                        4,
                        0,
                        0,
                        0
                    ],
                    "texture": "#1"
                },
                "down": {
                    "uv": [
                        4,
                        0,
                        0,
                        0
                    ],
                    "texture": "#1"
                }
            }
        },
        {
            "rotation": {
                "origin": [
                    8,
                    13.5,
                    8
                ],
                "angle": 0,
                "axis": "y"
            },
            "from": [
                0,
                -1,
                0
            ],
            "to": [
                0,
                28,
                16
            ],
            "faces": {
                "east": {
                    "uv": [
                        0,
                        0,
                        4,
                        7.25
                    ],
                    "texture": "#1"
                },
                "south": {
                    "uv": [
                        0,
                        0,
                        0,
                        7.25
                    ],
                    "texture": "#1"
                },
                "north": {
                    "uv": [
                        0,
                        0,
                        0,
                        7.25
                    ],
                    "texture": "#1"
                },
                "west": {
                    "uv": [
                        0,
                        0,
                        4,
                        7.25
                    ],
                    "texture": "#1"
                },
                "up": {
                    "uv": [
                        4,
                        0,
                        0,
                        0
                    ],
                    "texture": "#1",
                    "rotation": 90
                },
                "down": {
                    "uv": [
                        4,
                        0,
                        0,
                        0
                    ],
                    "texture": "#1",
                    "rotation": 270
                }
            }
        },
        {
            "rotation": {
                "origin": [
                    8,
                    13.5,
                    8
                ],
                "angle": 0,
                "axis": "y"
            },
            "from": [
                16,
                -1,
                0
            ],
            "to": [
                16,
                28,
                16
            ],
            "faces": {
                "east": {
                    "uv": [
                        0,
                        0,
                        4,
                        7.25
                    ],
                    "texture": "#1"
                },
                "south": {
                    "uv": [
                        0,
                        0,
                        0,
                        7.25
                    ],
                    "texture": "#1"
                },
                "north": {
                    "uv": [
                        0,
                        0,
                        0,
                        7.25
                    ],
                    "texture": "#1"
                },
                "west": {
                    "uv": [
                        0,
                        0,
                        4,
                        7.25
                    ],
                    "texture": "#1"
                },
                "up": {
                    "uv": [
                        4,
                        0,
                        0,
                        0
                    ],
                    "texture": "#1",
                    "rotation": 90
                },
                "down": {
                    "uv": [
                        4,
                        0,
                        0,
                        0
                    ],
                    "texture": "#1",
                    "rotation": 270
                }
            }
        }
    ],
    "display": {
        "firstperson_righthand": {
            "rotation": [
                0,
                45,
                0
            ],
            "scale": [
                0.4,
                0.4,
                0.4
            ]
        },
        "thirdperson_lefthand": {
            "rotation": [
                75,
                45,
                0
            ],
            "translation": [
                0,
                2.5,
                0
            ],
            "scale": [
                0.375,
                0.375,
                0.375
            ]
        },
        "firstperson_lefthand": {
            "rotation": [
                0,
                225,
                0
            ],
            "scale": [
                0.4,
                0.4,
                0.4
            ]
        },
        "thirdperson_righthand": {
            "translation": [
                -8.2,
                -5,
                -2.7
            ],
            "scale": [
                1,
                1,
                1
            ],
            "rotation": [
                75,
                0,
                -10
            ]
        },
        "ground": {
            "translation": [
                0,
                3,
                0
            ],
            "scale": [
                0.25,
                0.25,
                0.25
            ]
        },
        "gui": {
            "rotation": [
                30,
                225,
                0
            ],
            "translation": [
                0,
                -1.25,
                0
            ],
            "scale": [
                0.3,
                0.3,
                0.3
            ]
        },
        "fixed": {
            "rotation": [
                -90,
                0,
                0
            ],
            "translation": [
                0,
                0,
                -22
            ],
            "scale": [
                2,
                2,
                2
            ]
        }
    },
    "credit": "Made with Blockbench"
}