{
    "textures": {
        "1": "blockmodels/dungeon2/textures/dungeon_bookshelf_full",
        "particle": "blockmodels/dungeon2/textures/dungeon_bookshelf_full"
    },
    "texture_size": [
        256,
        256
    ],
    "elements": [
        {
            "from": [
                0,
                -16,
                0
            ],
            "to": [
                2,
                32,
                16
            ],
            "faces": {
                "east": {
                    "uv": [
                        0,
                        3,
                        1,
                        6
                    ],
                    "texture": "#1"
                },
                "south": {
                    "uv": [
                        4.125,
                        5.6875,
                        4.25,
                        8.6875
                    ],
                    "texture": "#1"
                },
                "north": {
                    "uv": [
                        4,
                        5.6875,
                        4.125,
                        8.6875
                    ],
                    "texture": "#1"
                },
                "west": {
                    "uv": [
                        1,
                        3,
                        2,
                        6
                    ],
                    "texture": "#1"
                },
                "up": {
                    "uv": [
                        3.875,
                        7,
                        3.75,
                        6
                    ],
                    "texture": "#1"
                },
                "down": {
                    "uv": [
                        4,
                        6,
                        3.875,
                        7
                    ],
                    "texture": "#1"
                }
            }
        },
        {
            "rotation": {
                "origin": [
                    16,
                    0,
                    0
                ],
                "angle": 0,
                "axis": "y"
            },
            "from": [
                30,
                -16,
                0
            ],
            "to": [
                32,
                32,
                16
            ],
            "faces": {
                "east": {
                    "uv": [
                        2,
                        3,
                        3,
                        6
                    ],
                    "texture": "#1"
                },
                "south": {
                    "uv": [
                        4.625,
                        5.6875,
                        4.75,
                        8.6875
                    ],
                    "texture": "#1"
                },
                "north": {
                    "uv": [
                        4.5,
                        5.6875,
                        4.625,
                        8.6875
                    ],
                    "texture": "#1"
                },
                "west": {
                    "uv": [
                        3,
                        3,
                        4,
                        6
                    ],
                    "texture": "#1"
                },
                "up": {
                    "uv": [
                        6.375,
                        3.3125,
                        6.25,
                        2.3125
                    ],
                    "texture": "#1"
                },
                "down": {
                    "uv": [
                        6.375,
                        3.3125,
                        6.25,
                        4.3125
                    ],
                    "texture": "#1"
                }
            }
        },
        {
            "from": [
                2,
                29,
                1
            ],
            "to": [
                30,
                31,
                14
            ],
            "faces": {
                "east": {
                    "uv": [
                        5.6875,
                        6.25,
                        6.5,
                        6.375
                    ],
                    "texture": "#1"
                },
                "south": {
                    "uv": [
                        5.75,
                        6.125,
                        7.5,
                        6.25
                    ],
                    "texture": "#1"
                },
                "north": {
                    "uv": [
                        1,
                        6.125,
                        2.75,
                        6.25
                    ],
                    "texture": "#1"
                },
                "west": {
                    "uv": [
                        1,
                        6.375,
                        1.8125,
                        6.5
                    ],
                    "texture": "#1"
                },
                "up": {
                    "uv": [
                        5.25,
                        0.8125,
                        3.5,
                        0
                    ],
                    "texture": "#1"
                },
                "down": {
                    "uv": [
                        5.25,
                        0.8125,
                        3.5,
                        1.625
                    ],
                    "texture": "#1"
                }
            }
        },
        {
            "from": [
                2,
                -2,
                1
            ],
            "to": [
                30,
                0,
                14
            ],
            "faces": {
                "east": {
                    "uv": [
                        1.8125,
                        6.375,
                        2.625,
                        6.5
                    ],
                    "texture": "#1"
                },
                "south": {
                    "uv": [
                        6.25,
                        0.9375,
                        8,
                        1.0625
                    ],
                    "texture": "#1"
                },
                "north": {
                    "uv": [
                        6.25,
                        0.8125,
                        8,
                        0.9375
                    ],
                    "texture": "#1"
                },
                "west": {
                    "uv": [
                        6.375,
                        2.3125,
                        7.1875,
                        2.4375
                    ],
                    "texture": "#1"
                },
                "up": {
                    "uv": [
                        5.25,
                        2.4375,
                        3.5,
                        1.625
                    ],
                    "texture": "#1"
                },
                "down": {
                    "uv": [
                        5.75,
                        2.4375,
                        4,
                        3.25
                    ],
                    "texture": "#1"
                }
            }
        },
        {
            "from": [
                2,
                16,
                1
            ],
            "to": [
                30,
                18,
                14
            ],
            "faces": {
                "east": {
                    "uv": [
                        6.375,
                        2.6875,
                        7.1875,
                        2.8125
                    ],
                    "texture": "#1"
                },
                "south": {
                    "uv": [
                        6.25,
                        1.3125,
                        8,
                        1.4375
                    ],
                    "texture": "#1"
                },
                "north": {
                    "uv": [
                        6.25,
                        1.1875,
                        8,
                        1.3125
                    ],
                    "texture": "#1"
                },
                "west": {
                    "uv": [
                        6.375,
                        2.8125,
                        7.1875,
                        2.9375
                    ],
                    "texture": "#1"
                },
                "up": {
                    "uv": [
                        5.75,
                        5.6875,
                        4,
                        4.875
                    ],
                    "texture": "#1"
                },
                "down": {
                    "uv": [
                        7,
                        0,
                        5.25,
                        0.8125
                    ],
                    "texture": "#1"
                }
            }
        },
        {
            "from": [
                2,
                -14,
                1
            ],
            "to": [
                30,
                -12,
                14
            ],
            "faces": {
                "east": {
                    "uv": [
                        6.375,
                        2.4375,
                        7.1875,
                        2.5625
                    ],
                    "texture": "#1"
                },
                "south": {
                    "uv": [
                        6.25,
                        1.0625,
                        8,
                        1.1875
                    ],
                    "texture": "#1"
                },
                "north": {
                    "uv": [
                        1,
                        6.25,
                        2.75,
                        6.375
                    ],
                    "texture": "#1"
                },
                "west": {
                    "uv": [
                        6.375,
                        2.5625,
                        7.1875,
                        2.6875
                    ],
                    "texture": "#1"
                },
                "up": {
                    "uv": [
                        5.75,
                        4.0625,
                        4,
                        3.25
                    ],
                    "texture": "#1"
                },
                "down": {
                    "uv": [
                        5.75,
                        4.0625,
                        4,
                        4.875
                    ],
                    "texture": "#1"
                }
            }
        },
        {
            "from": [
                2,
                -16,
                14
            ],
            "to": [
                30,
                32,
                16
            ],
            "faces": {
                "east": {
                    "uv": [
                        4.25,
                        5.6875,
                        4.375,
                        8.6875
                    ],
                    "texture": "#1"
                },
                "south": {
                    "uv": [
                        1.75,
                        0,
                        3.5,
                        3
                    ],
                    "texture": "#1"
                },
                "north": {
                    "uv": [
                        0,
                        0,
                        1.75,
                        3
                    ],
                    "texture": "#1"
                },
                "west": {
                    "uv": [
                        4.375,
                        5.6875,
                        4.5,
                        8.6875
                    ],
                    "texture": "#1"
                },
                "up": {
                    "uv": [
                        2.75,
                        6.125,
                        1,
                        6
                    ],
                    "texture": "#1"
                },
                "down": {
                    "uv": [
                        7.5,
                        6,
                        5.75,
                        6.125
                    ],
                    "texture": "#1"
                }
            }
        },
        {
            "from": [
                5,
                -12,
                3
            ],
            "to": [
                7,
                -4,
                11
            ],
            "faces": {
                "east": {
                    "uv": [
                        0,
                        6,
                        0.5,
                        6.5
                    ],
                    "texture": "#1"
                },
                "south": {
                    "uv": [
                        0.75,
                        6.5,
                        0.875,
                        7
                    ],
                    "texture": "#1"
                },
                "north": {
                    "uv": [
                        0.625,
                        6.5,
                        0.75,
                        7
                    ],
                    "texture": "#1"
                },
                "west": {
                    "uv": [
                        0.5,
                        6,
                        1,
                        6.5
                    ],
                    "texture": "#1"
                },
                "up": {
                    "uv": [
                        1,
                        7,
                        0.875,
                        6.5
                    ],
                    "texture": "#1"
                },
                "down": {
                    "uv": [
                        1.125,
                        6.5,
                        1,
                        7
                    ],
                    "texture": "#1"
                }
            }
        },
        {
            "from": [
                8,
                -12,
                5
            ],
            "to": [
                10,
                -4,
                13
            ],
            "faces": {
                "east": {
                    "uv": [
                        5.75,
                        5,
                        6.25,
                        5.5
                    ],
                    "texture": "#1"
                },
                "south": {
                    "uv": [
                        0.25,
                        6.5,
                        0.375,
                        7
                    ],
                    "texture": "#1"
                },
                "north": {
                    "uv": [
                        0.125,
                        6.5,
                        0.25,
                        7
                    ],
                    "texture": "#1"
                },
                "west": {
                    "uv": [
                        5.75,
                        5.5,
                        6.25,
                        6
                    ],
                    "texture": "#1"
                },
                "up": {
                    "uv": [
                        0.5,
                        7,
                        0.375,
                        6.5
                    ],
                    "texture": "#1"
                },
                "down": {
                    "uv": [
                        0.625,
                        6.5,
                        0.5,
                        7
                    ],
                    "texture": "#1"
                }
            }
        },
        {
            "from": [
                10,
                -12,
                3
            ],
            "to": [
                12,
                -4,
                11
            ],
            "faces": {
                "east": {
                    "uv": [
                        5.75,
                        4,
                        6.25,
                        4.5
                    ],
                    "texture": "#1"
                },
                "south": {
                    "uv": [
                        6.4375,
                        5.4375,
                        6.5625,
                        5.9375
                    ],
                    "texture": "#1"
                },
                "north": {
                    "uv": [
                        6.4375,
                        4.9375,
                        6.5625,
                        5.4375
                    ],
                    "texture": "#1"
                },
                "west": {
                    "uv": [
                        5.75,
                        4.5,
                        6.25,
                        5
                    ],
                    "texture": "#1"
                },
                "up": {
                    "uv": [
                        6.5625,
                        6.875,
                        6.4375,
                        6.375
                    ],
                    "texture": "#1"
                },
                "down": {
                    "uv": [
                        0.125,
                        6.5,
                        0,
                        7
                    ],
                    "texture": "#1"
                }
            }
        },
        {
            "from": [
                15,
                -12,
                3
            ],
            "to": [
                17,
                -4,
                11
            ],
            "faces": {
                "east": {
                    "uv": [
                        5.75,
                        3,
                        6.25,
                        3.5
                    ],
                    "texture": "#1"
                },
                "south": {
                    "uv": [
                        3.625,
                        6.4375,
                        3.75,
                        6.9375
                    ],
                    "texture": "#1"
                },
                "north": {
                    "uv": [
                        3.5,
                        6.4375,
                        3.625,
                        6.9375
                    ],
                    "texture": "#1"
                },
                "west": {
                    "uv": [
                        5.75,
                        3.5,
                        6.25,
                        4
                    ],
                    "texture": "#1"
                },
                "up": {
                    "uv": [
                        6.5625,
                        4.4375,
                        6.4375,
                        3.9375
                    ],
                    "texture": "#1"
                },
                "down": {
                    "uv": [
                        6.5625,
                        4.4375,
                        6.4375,
                        4.9375
                    ],
                    "texture": "#1"
                }
            }
        },
        {
            "from": [
                18,
                -12,
                5
            ],
            "to": [
                20,
                -4,
                13
            ],
            "faces": {
                "east": {
                    "uv": [
                        5.25,
                        1.9375,
                        5.75,
                        2.4375
                    ],
                    "texture": "#1"
                },
                "south": {
                    "uv": [
                        3.125,
                        6.4375,
                        3.25,
                        6.9375
                    ],
                    "texture": "#1"
                },
                "north": {
                    "uv": [
                        3,
                        6.4375,
                        3.125,
                        6.9375
                    ],
                    "texture": "#1"
                },
                "west": {
                    "uv": [
                        5.75,
                        2.5,
                        6.25,
                        3
                    ],
                    "texture": "#1"
                },
                "up": {
                    "uv": [
                        3.375,
                        6.9375,
                        3.25,
                        6.4375
                    ],
                    "texture": "#1"
                },
                "down": {
                    "uv": [
                        3.5,
                        6.4375,
                        3.375,
                        6.9375
                    ],
                    "texture": "#1"
                }
            }
        },
        {
            "from": [
                5,
                18,
                3
            ],
            "to": [
                7,
                26,
                11
            ],
            "faces": {
                "east": {
                    "uv": [
                        5.75,
                        3,
                        6.25,
                        3.5
                    ],
                    "texture": "#1"
                },
                "south": {
                    "uv": [
                        3.625,
                        6.4375,
                        3.75,
                        6.9375
                    ],
                    "texture": "#1"
                },
                "north": {
                    "uv": [
                        3.5,
                        6.4375,
                        3.625,
                        6.9375
                    ],
                    "texture": "#1"
                },
                "west": {
                    "uv": [
                        5.75,
                        3.5,
                        6.25,
                        4
                    ],
                    "texture": "#1"
                },
                "up": {
                    "uv": [
                        6.5625,
                        4.4375,
                        6.4375,
                        3.9375
                    ],
                    "texture": "#1"
                },
                "down": {
                    "uv": [
                        6.5625,
                        4.4375,
                        6.4375,
                        4.9375
                    ],
                    "texture": "#1"
                }
            }
        },
        {
            "from": [
                3,
                18,
                5
            ],
            "to": [
                5,
                26,
                13
            ],
            "faces": {
                "east": {
                    "uv": [
                        5.75,
                        5,
                        6.25,
                        5.5
                    ],
                    "texture": "#1"
                },
                "south": {
                    "uv": [
                        0.25,
                        6.5,
                        0.375,
                        7
                    ],
                    "texture": "#1"
                },
                "north": {
                    "uv": [
                        0.125,
                        6.5,
                        0.25,
                        7
                    ],
                    "texture": "#1"
                },
                "west": {
                    "uv": [
                        5.75,
                        5.5,
                        6.25,
                        6
                    ],
                    "texture": "#1"
                },
                "up": {
                    "uv": [
                        0.5,
                        7,
                        0.375,
                        6.5
                    ],
                    "texture": "#1"
                },
                "down": {
                    "uv": [
                        0.625,
                        6.5,
                        0.5,
                        7
                    ],
                    "texture": "#1"
                }
            }
        },
        {
            "from": [
                7,
                18,
                5
            ],
            "to": [
                9,
                26,
                13
            ],
            "faces": {
                "east": {
                    "uv": [
                        5.25,
                        1.9375,
                        5.75,
                        2.4375
                    ],
                    "texture": "#1"
                },
                "south": {
                    "uv": [
                        3.125,
                        6.4375,
                        3.25,
                        6.9375
                    ],
                    "texture": "#1"
                },
                "north": {
                    "uv": [
                        3,
                        6.4375,
                        3.125,
                        6.9375
                    ],
                    "texture": "#1"
                },
                "west": {
                    "uv": [
                        5.75,
                        2.5,
                        6.25,
                        3
                    ],
                    "texture": "#1"
                },
                "up": {
                    "uv": [
                        3.375,
                        6.9375,
                        3.25,
                        6.4375
                    ],
                    "texture": "#1"
                },
                "down": {
                    "uv": [
                        3.5,
                        6.4375,
                        3.375,
                        6.9375
                    ],
                    "texture": "#1"
                }
            }
        },
        {
            "from": [
                7,
                -12,
                3
            ],
            "to": [
                8,
                -5,
                11
            ],
            "faces": {
                "east": {
                    "uv": [
                        6.25,
                        1.4375,
                        6.75,
                        1.875
                    ],
                    "texture": "#1"
                },
                "south": {
                    "uv": [
                        1.5625,
                        6.5,
                        1.625,
                        6.9375
                    ],
                    "texture": "#1"
                },
                "north": {
                    "uv": [
                        1.5,
                        6.5,
                        1.5625,
                        6.9375
                    ],
                    "texture": "#1"
                },
                "west": {
                    "uv": [
                        6.25,
                        1.875,
                        6.75,
                        2.3125
                    ],
                    "texture": "#1"
                },
                "up": {
                    "uv": [
                        1.3125,
                        7,
                        1.25,
                        6.5
                    ],
                    "texture": "#1"
                },
                "down": {
                    "uv": [
                        1.375,
                        6.5,
                        1.3125,
                        7
                    ],
                    "texture": "#1"
                }
            }
        },
        {
            "from": [
                17,
                -12,
                4
            ],
            "to": [
                18,
                -5,
                12
            ],
            "faces": {
                "east": {
                    "uv": [
                        2.75,
                        6,
                        3.25,
                        6.4375
                    ],
                    "texture": "#1"
                },
                "south": {
                    "uv": [
                        1.4375,
                        6.5,
                        1.5,
                        6.9375
                    ],
                    "texture": "#1"
                },
                "north": {
                    "uv": [
                        1.375,
                        6.5,
                        1.4375,
                        6.9375
                    ],
                    "texture": "#1"
                },
                "west": {
                    "uv": [
                        3.25,
                        6,
                        3.75,
                        6.4375
                    ],
                    "texture": "#1"
                },
                "up": {
                    "uv": [
                        1.1875,
                        7,
                        1.125,
                        6.5
                    ],
                    "texture": "#1"
                },
                "down": {
                    "uv": [
                        1.25,
                        6.5,
                        1.1875,
                        7
                    ],
                    "texture": "#1"
                }
            }
        },
        {
            "from": [
                2,
                18,
                4
            ],
            "to": [
                3,
                25,
                12
            ],
            "faces": {
                "east": {
                    "uv": [
                        2.75,
                        6,
                        3.25,
                        6.4375
                    ],
                    "texture": "#1"
                },
                "south": {
                    "uv": [
                        1.4375,
                        6.5,
                        1.5,
                        6.9375
                    ],
                    "texture": "#1"
                },
                "north": {
                    "uv": [
                        1.375,
                        6.5,
                        1.4375,
                        6.9375
                    ],
                    "texture": "#1"
                },
                "west": {
                    "uv": [
                        3.25,
                        6,
                        3.75,
                        6.4375
                    ],
                    "texture": "#1"
                },
                "up": {
                    "uv": [
                        1.1875,
                        7,
                        1.125,
                        6.5
                    ],
                    "texture": "#1"
                },
                "down": {
                    "uv": [
                        1.25,
                        6.5,
                        1.1875,
                        7
                    ],
                    "texture": "#1"
                }
            }
        },
        {
            "rotation": {
                "origin": [
                    26.5,
                    -7.5,
                    7
                ],
                "angle": -22.5,
                "axis": "z"
            },
            "from": [
                25.3,
                -11.6,
                3
            ],
            "to": [
                28.3,
                -2.6,
                11
            ],
            "faces": {
                "east": {
                    "uv": [
                        3.5,
                        2.4375,
                        4,
                        3
                    ],
                    "texture": "#1"
                },
                "south": {
                    "uv": [
                        4.75,
                        6.25,
                        4.9375,
                        6.8125
                    ],
                    "texture": "#1"
                },
                "north": {
                    "uv": [
                        6.25,
                        4.3125,
                        6.4375,
                        4.875
                    ],
                    "texture": "#1"
                },
                "west": {
                    "uv": [
                        5.25,
                        0.8125,
                        5.75,
                        1.375
                    ],
                    "texture": "#1"
                },
                "up": {
                    "uv": [
                        6.5625,
                        3.4375,
                        6.375,
                        2.9375
                    ],
                    "texture": "#1"
                },
                "down": {
                    "uv": [
                        6.5625,
                        3.4375,
                        6.375,
                        3.9375
                    ],
                    "texture": "#1"
                }
            }
        },
        {
            "rotation": {
                "origin": [
                    26.5,
                    -7.5,
                    7
                ],
                "angle": 0,
                "axis": "y"
            },
            "from": [
                20.7,
                -12,
                4
            ],
            "to": [
                23.7,
                -3,
                12
            ],
            "faces": {
                "east": {
                    "uv": [
                        5.25,
                        1.375,
                        5.75,
                        1.9375
                    ],
                    "texture": "#1"
                },
                "south": {
                    "uv": [
                        4.9375,
                        6.25,
                        5.125,
                        6.8125
                    ],
                    "texture": "#1"
                },
                "north": {
                    "uv": [
                        6.25,
                        4.875,
                        6.4375,
                        5.4375
                    ],
                    "texture": "#1"
                },
                "west": {
                    "uv": [
                        4.75,
                        5.6875,
                        5.25,
                        6.25
                    ],
                    "texture": "#1"
                },
                "up": {
                    "uv": [
                        5.875,
                        6.875,
                        5.6875,
                        6.375
                    ],
                    "texture": "#1"
                },
                "down": {
                    "uv": [
                        6.0625,
                        6.375,
                        5.875,
                        6.875
                    ],
                    "texture": "#1"
                }
            }
        },
        {
            "rotation": {
                "origin": [
                    26.5,
                    -7.5,
                    7
                ],
                "angle": 0,
                "axis": "y"
            },
            "from": [
                12,
                -12,
                4
            ],
            "to": [
                15,
                -3,
                12
            ],
            "faces": {
                "east": {
                    "uv": [
                        5.25,
                        5.6875,
                        5.75,
                        6.25
                    ],
                    "texture": "#1"
                },
                "south": {
                    "uv": [
                        5.3125,
                        6.25,
                        5.5,
                        6.8125
                    ],
                    "texture": "#1"
                },
                "north": {
                    "uv": [
                        5.125,
                        6.25,
                        5.3125,
                        6.8125
                    ],
                    "texture": "#1"
                },
                "west": {
                    "uv": [
                        5.75,
                        0.8125,
                        6.25,
                        1.375
                    ],
                    "texture": "#1"
                },
                "up": {
                    "uv": [
                        6.25,
                        6.875,
                        6.0625,
                        6.375
                    ],
                    "texture": "#1"
                },
                "down": {
                    "uv": [
                        6.4375,
                        6.375,
                        6.25,
                        6.875
                    ],
                    "texture": "#1"
                }
            }
        },
        {
            "from": [
                13,
                18,
                4
            ],
            "to": [
                14,
                25,
                12
            ],
            "faces": {
                "east": {
                    "uv": [
                        2.75,
                        6,
                        3.25,
                        6.4375
                    ],
                    "texture": "#1"
                },
                "south": {
                    "uv": [
                        1.4375,
                        6.5,
                        1.5,
                        6.9375
                    ],
                    "texture": "#1"
                },
                "north": {
                    "uv": [
                        1.375,
                        6.5,
                        1.4375,
                        6.9375
                    ],
                    "texture": "#1"
                },
                "west": {
                    "uv": [
                        3.25,
                        6,
                        3.75,
                        6.4375
                    ],
                    "texture": "#1"
                },
                "up": {
                    "uv": [
                        1.1875,
                        7,
                        1.125,
                        6.5
                    ],
                    "texture": "#1"
                },
                "down": {
                    "uv": [
                        1.25,
                        6.5,
                        1.1875,
                        7
                    ],
                    "texture": "#1"
                }
            }
        },
        {
            "rotation": {
                "origin": [
                    26.5,
                    -7.5,
                    7
                ],
                "angle": 0,
                "axis": "y"
            },
            "from": [
                14,
                18,
                4
            ],
            "to": [
                17,
                27,
                12
            ],
            "faces": {
                "east": {
                    "uv": [
                        5.25,
                        1.375,
                        5.75,
                        1.9375
                    ],
                    "texture": "#1"
                },
                "south": {
                    "uv": [
                        4.9375,
                        6.25,
                        5.125,
                        6.8125
                    ],
                    "texture": "#1"
                },
                "north": {
                    "uv": [
                        6.25,
                        4.875,
                        6.4375,
                        5.4375
                    ],
                    "texture": "#1"
                },
                "west": {
                    "uv": [
                        4.75,
                        5.6875,
                        5.25,
                        6.25
                    ],
                    "texture": "#1"
                },
                "up": {
                    "uv": [
                        5.875,
                        6.875,
                        5.6875,
                        6.375
                    ],
                    "texture": "#1"
                },
                "down": {
                    "uv": [
                        6.0625,
                        6.375,
                        5.875,
                        6.875
                    ],
                    "texture": "#1"
                }
            }
        },
        {
            "from": [
                9,
                18,
                3
            ],
            "to": [
                10,
                25,
                11
            ],
            "faces": {
                "east": {
                    "uv": [
                        6.25,
                        1.4375,
                        6.75,
                        1.875
                    ],
                    "texture": "#1"
                },
                "south": {
                    "uv": [
                        1.5625,
                        6.5,
                        1.625,
                        6.9375
                    ],
                    "texture": "#1"
                },
                "north": {
                    "uv": [
                        1.5,
                        6.5,
                        1.5625,
                        6.9375
                    ],
                    "texture": "#1"
                },
                "west": {
                    "uv": [
                        6.25,
                        1.875,
                        6.75,
                        2.3125
                    ],
                    "texture": "#1"
                },
                "up": {
                    "uv": [
                        1.3125,
                        7,
                        1.25,
                        6.5
                    ],
                    "texture": "#1"
                },
                "down": {
                    "uv": [
                        1.375,
                        6.5,
                        1.3125,
                        7
                    ],
                    "texture": "#1"
                }
            }
        },
        {
            "rotation": {
                "origin": [
                    26.5,
                    -7.5,
                    7
                ],
                "angle": 0,
                "axis": "y"
            },
            "from": [
                10,
                18,
                4
            ],
            "to": [
                13,
                27,
                12
            ],
            "faces": {
                "east": {
                    "uv": [
                        5.25,
                        5.6875,
                        5.75,
                        6.25
                    ],
                    "texture": "#1"
                },
                "south": {
                    "uv": [
                        5.3125,
                        6.25,
                        5.5,
                        6.8125
                    ],
                    "texture": "#1"
                },
                "north": {
                    "uv": [
                        5.125,
                        6.25,
                        5.3125,
                        6.8125
                    ],
                    "texture": "#1"
                },
                "west": {
                    "uv": [
                        5.75,
                        0.8125,
                        6.25,
                        1.375
                    ],
                    "texture": "#1"
                },
                "up": {
                    "uv": [
                        6.25,
                        6.875,
                        6.0625,
                        6.375
                    ],
                    "texture": "#1"
                },
                "down": {
                    "uv": [
                        6.4375,
                        6.375,
                        6.25,
                        6.875
                    ],
                    "texture": "#1"
                }
            }
        },
        {
            "rotation": {
                "origin": [
                    26.5,
                    -7.5,
                    7
                ],
                "angle": 0,
                "axis": "y"
            },
            "from": [
                2,
                -12,
                4
            ],
            "to": [
                5,
                -3,
                12
            ],
            "faces": {
                "east": {
                    "uv": [
                        5.75,
                        1.375,
                        6.25,
                        1.9375
                    ],
                    "texture": "#1"
                },
                "south": {
                    "uv": [
                        5.5,
                        6.25,
                        5.6875,
                        6.8125
                    ],
                    "texture": "#1"
                },
                "north": {
                    "uv": [
                        6.25,
                        5.4375,
                        6.4375,
                        6
                    ],
                    "texture": "#1"
                },
                "west": {
                    "uv": [
                        5.75,
                        1.9375,
                        6.25,
                        2.5
                    ],
                    "texture": "#1"
                },
                "up": {
                    "uv": [
                        2.8125,
                        6.9375,
                        2.625,
                        6.4375
                    ],
                    "texture": "#1"
                },
                "down": {
                    "uv": [
                        3,
                        6.4375,
                        2.8125,
                        6.9375
                    ],
                    "texture": "#1"
                }
            }
        },
        {
            "rotation": {
                "origin": [
                    26.5,
                    -7.5,
                    7
                ],
                "angle": 0,
                "axis": "y"
            },
            "from": [
                17,
                18,
                4
            ],
            "to": [
                20,
                27,
                12
            ],
            "faces": {
                "east": {
                    "uv": [
                        5.75,
                        1.375,
                        6.25,
                        1.9375
                    ],
                    "texture": "#1"
                },
                "south": {
                    "uv": [
                        5.5,
                        6.25,
                        5.6875,
                        6.8125
                    ],
                    "texture": "#1"
                },
                "north": {
                    "uv": [
                        6.25,
                        5.4375,
                        6.4375,
                        6
                    ],
                    "texture": "#1"
                },
                "west": {
                    "uv": [
                        5.75,
                        1.9375,
                        6.25,
                        2.5
                    ],
                    "texture": "#1"
                },
                "up": {
                    "uv": [
                        2.8125,
                        6.9375,
                        2.625,
                        6.4375
                    ],
                    "texture": "#1"
                },
                "down": {
                    "uv": [
                        3,
                        6.4375,
                        2.8125,
                        6.9375
                    ],
                    "texture": "#1"
                }
            }
        },
        {
            "from": [
                20,
                18,
                3
            ],
            "to": [
                22,
                26,
                11
            ],
            "faces": {
                "east": {
                    "uv": [
                        0,
                        6,
                        0.5,
                        6.5
                    ],
                    "texture": "#1"
                },
                "south": {
                    "uv": [
                        0.75,
                        6.5,
                        0.875,
                        7
                    ],
                    "texture": "#1"
                },
                "north": {
                    "uv": [
                        0.625,
                        6.5,
                        0.75,
                        7
                    ],
                    "texture": "#1"
                },
                "west": {
                    "uv": [
                        0.5,
                        6,
                        1,
                        6.5
                    ],
                    "texture": "#1"
                },
                "up": {
                    "uv": [
                        1,
                        7,
                        0.875,
                        6.5
                    ],
                    "texture": "#1"
                },
                "down": {
                    "uv": [
                        1.125,
                        6.5,
                        1,
                        7
                    ],
                    "texture": "#1"
                }
            }
        },
        {
            "from": [
                22,
                18,
                5
            ],
            "to": [
                24,
                26,
                13
            ],
            "faces": {
                "east": {
                    "uv": [
                        5.75,
                        5,
                        6.25,
                        5.5
                    ],
                    "texture": "#1"
                },
                "south": {
                    "uv": [
                        0.25,
                        6.5,
                        0.375,
                        7
                    ],
                    "texture": "#1"
                },
                "north": {
                    "uv": [
                        0.125,
                        6.5,
                        0.25,
                        7
                    ],
                    "texture": "#1"
                },
                "west": {
                    "uv": [
                        5.75,
                        5.5,
                        6.25,
                        6
                    ],
                    "texture": "#1"
                },
                "up": {
                    "uv": [
                        0.5,
                        7,
                        0.375,
                        6.5
                    ],
                    "texture": "#1"
                },
                "down": {
                    "uv": [
                        0.625,
                        6.5,
                        0.5,
                        7
                    ],
                    "texture": "#1"
                }
            }
        },
        {
            "rotation": {
                "origin": [
                    26.5,
                    -7.5,
                    7
                ],
                "angle": 0,
                "axis": "y"
            },
            "from": [
                24,
                18,
                4
            ],
            "to": [
                27,
                27,
                12
            ],
            "faces": {
                "east": {
                    "uv": [
                        5.25,
                        5.6875,
                        5.75,
                        6.25
                    ],
                    "texture": "#1"
                },
                "south": {
                    "uv": [
                        5.3125,
                        6.25,
                        5.5,
                        6.8125
                    ],
                    "texture": "#1"
                },
                "north": {
                    "uv": [
                        5.125,
                        6.25,
                        5.3125,
                        6.8125
                    ],
                    "texture": "#1"
                },
                "west": {
                    "uv": [
                        5.75,
                        0.8125,
                        6.25,
                        1.375
                    ],
                    "texture": "#1"
                },
                "up": {
                    "uv": [
                        6.25,
                        6.875,
                        6.0625,
                        6.375
                    ],
                    "texture": "#1"
                },
                "down": {
                    "uv": [
                        6.4375,
                        6.375,
                        6.25,
                        6.875
                    ],
                    "texture": "#1"
                }
            }
        },
        {
            "from": [
                27,
                18,
                4
            ],
            "to": [
                28,
                25,
                12
            ],
            "faces": {
                "east": {
                    "uv": [
                        2.75,
                        6,
                        3.25,
                        6.4375
                    ],
                    "texture": "#1"
                },
                "south": {
                    "uv": [
                        1.4375,
                        6.5,
                        1.5,
                        6.9375
                    ],
                    "texture": "#1"
                },
                "north": {
                    "uv": [
                        1.375,
                        6.5,
                        1.4375,
                        6.9375
                    ],
                    "texture": "#1"
                },
                "west": {
                    "uv": [
                        3.25,
                        6,
                        3.75,
                        6.4375
                    ],
                    "texture": "#1"
                },
                "up": {
                    "uv": [
                        1.1875,
                        7,
                        1.125,
                        6.5
                    ],
                    "texture": "#1"
                },
                "down": {
                    "uv": [
                        1.25,
                        6.5,
                        1.1875,
                        7
                    ],
                    "texture": "#1"
                }
            }
        },
        {
            "from": [
                28,
                18,
                5
            ],
            "to": [
                30,
                26,
                13
            ],
            "faces": {
                "east": {
                    "uv": [
                        5.25,
                        1.9375,
                        5.75,
                        2.4375
                    ],
                    "texture": "#1"
                },
                "south": {
                    "uv": [
                        3.125,
                        6.4375,
                        3.25,
                        6.9375
                    ],
                    "texture": "#1"
                },
                "north": {
                    "uv": [
                        3,
                        6.4375,
                        3.125,
                        6.9375
                    ],
                    "texture": "#1"
                },
                "west": {
                    "uv": [
                        5.75,
                        2.5,
                        6.25,
                        3
                    ],
                    "texture": "#1"
                },
                "up": {
                    "uv": [
                        3.375,
                        6.9375,
                        3.25,
                        6.4375
                    ],
                    "texture": "#1"
                },
                "down": {
                    "uv": [
                        3.5,
                        6.4375,
                        3.375,
                        6.9375
                    ],
                    "texture": "#1"
                }
            }
        }
    ],
    "display": {
        "firstperson_righthand": {
            "rotation": [
                0,
                45,
                0
            ],
            "scale": [
                0.4,
                0.4,
                0.4
            ]
        },
        "thirdperson_lefthand": {
            "rotation": [
                75,
                45,
                0
            ],
            "translation": [
                0,
                2.5,
                0
            ],
            "scale": [
                0.375,
                0.375,
                0.375
            ]
        },
        "firstperson_lefthand": {
            "rotation": [
                0,
                225,
                0
            ],
            "scale": [
                0.4,
                0.4,
                0.4
            ]
        },
        "thirdperson_righthand": {
            "translation": [
                -8.2,
                -5,
                -2.7
            ],
            "scale": [
                1,
                1,
                1
            ],
            "rotation": [
                75,
                0,
                -10
            ]
        },
        "ground": {
            "translation": [
                0,
                3,
                0
            ],
            "scale": [
                0.25,
                0.25,
                0.25
            ]
        },
        "gui": {
            "rotation": [
                30,
                225,
                0
            ],
            "translation": [
                1.75,
                0.75,
                0
            ],
            "scale": [
                0.25,
                0.25,
                0.25
            ]
        },
        "fixed": {
            "rotation": [
                -90,
                0,
                0
            ],
            "translation": [
                0,
                0,
                -48
            ],
            "scale": [
                2,
                2,
                2
            ]
        }
    },
    "credit": "Made with Blockbench"
}