{
    "textures": {
        "2": "blockmodels/dungeon2/textures/dungeon_tomb",
        "particle": "blockmodels/dungeon2/textures/dungeon_tomb"
    },
    "texture_size": [
        128,
        128
    ],
    "elements": [
        {
            "rotation": {
                "origin": [
                    8,
                    4.5,
                    17
                ],
                "angle": 0,
                "axis": "y"
            },
            "from": [
                0,
                13,
                0
            ],
            "to": [
                16,
                16,
                32
            ],
            "faces": {
                "east": {
                    "uv": [
                        7.25,
                        6.75,
                        11.25,
                        7.125
                    ],
                    "texture": "#2"
                },
                "south": {
                    "uv": [
                        0,
                        7.625,
                        2,
                        8
                    ],
                    "texture": "#2"
                },
                "north": {
                    "uv": [
                        0,
                        7.625,
                        2,
                        8
                    ],
                    "texture": "#2"
                },
                "west": {
                    "uv": [
                        7.25,
                        6.75,
                        11.25,
                        7.125
                    ],
                    "texture": "#2"
                },
                "up": {
                    "uv": [
                        4,
                        2,
                        0,
                        0
                    ],
                    "texture": "#2",
                    "rotation": 90
                },
                "down": {
                    "uv": [
                        4,
                        2,
                        0,
                        4
                    ],
                    "texture": "#2",
                    "rotation": 270
                }
            }
        },
        {
            "rotation": {
                "origin": [
                    16,
                    0,
                    0
                ],
                "angle": 0,
                "axis": "y"
            },
            "from": [
                0,
                0,
                0
            ],
            "to": [
                16,
                3,
                32
            ],
            "faces": {
                "east": {
                    "uv": [
                        7.25,
                        7.5,
                        11.25,
                        7.875
                    ],
                    "texture": "#2"
                },
                "south": {
                    "uv": [
                        7.75,
                        2.375,
                        9.75,
                        2.75
                    ],
                    "texture": "#2"
                },
                "north": {
                    "uv": [
                        7.75,
                        2.75,
                        9.75,
                        3.125
                    ],
                    "texture": "#2"
                },
                "west": {
                    "uv": [
                        7.75,
                        2,
                        11.75,
                        2.375
                    ],
                    "texture": "#2"
                },
                "up": {
                    "uv": [
                        4,
                        6,
                        0,
                        4
                    ],
                    "texture": "#2",
                    "rotation": 90
                },
                "down": {
                    "uv": [
                        8,
                        0,
                        4,
                        2
                    ],
                    "texture": "#2",
                    "rotation": 270
                }
            }
        },
        {
            "rotation": {
                "origin": [
                    16,
                    0,
                    0
                ],
                "angle": 0,
                "axis": "y"
            },
            "from": [
                1,
                3,
                1
            ],
            "to": [
                15,
                13,
                31
            ],
            "faces": {
                "east": {
                    "uv": [
                        4,
                        5.5,
                        7.75,
                        6.75
                    ],
                    "texture": "#2"
                },
                "south": {
                    "uv": [
                        3.75,
                        6.75,
                        5.5,
                        8
                    ],
                    "texture": "#2"
                },
                "north": {
                    "uv": [
                        5.5,
                        6.75,
                        7.25,
                        8
                    ],
                    "texture": "#2"
                },
                "west": {
                    "uv": [
                        0,
                        6,
                        3.75,
                        7.25
                    ],
                    "texture": "#2"
                },
                "up": {
                    "uv": [
                        7.75,
                        3.75,
                        4,
                        2
                    ],
                    "texture": "#2",
                    "rotation": 90
                },
                "down": {
                    "uv": [
                        7.75,
                        3.75,
                        4,
                        5.5
                    ],
                    "texture": "#2",
                    "rotation": 270
                }
            }
        }
    ],
    "display": {
        "firstperson_righthand": {
            "rotation": [
                0,
                45,
                0
            ],
            "scale": [
                0.4,
                0.4,
                0.4
            ]
        },
        "thirdperson_lefthand": {
            "rotation": [
                75,
                45,
                0
            ],
            "translation": [
                0,
                2.5,
                0
            ],
            "scale": [
                0.375,
                0.375,
                0.375
            ]
        },
        "firstperson_lefthand": {
            "rotation": [
                0,
                225,
                0
            ],
            "scale": [
                0.4,
                0.4,
                0.4
            ]
        },
        "thirdperson_righthand": {
            "translation": [
                -8.2,
                -5,
                -2.7
            ],
            "scale": [
                1,
                1,
                1
            ],
            "rotation": [
                75,
                0,
                -10
            ]
        },
        "ground": {
            "translation": [
                0,
                3,
                0
            ],
            "scale": [
                0.25,
                0.25,
                0.25
            ]
        },
        "gui": {
            "rotation": [
                30,
                225,
                0
            ],
            "translation": [
                2,
                -0.75,
                0
            ],
            "scale": [
                0.3,
                0.3,
                0.3
            ]
        },
        "fixed": {
            "rotation": [
                -90,
                0,
                0
            ],
            "translation": [
                0,
                0,
                -16
            ],
            "scale": [
                2,
                2,
                2
            ]
        }
    },
    "credit": "Made with Blockbench"
}