{
	"credit": "Made with Blockbench",
	"textures": {
		"texture": "gui/profile_top_left"
	},
	"elements": [
		{
			"from": [-10.25, -0.25, 16],
			"to": [22.25, 21.75, 16.0625],
			"faces": {
				"north": {"uv": [0, 0, 10.875, 6.625], "texture": "#texture"},
				"south": {"uv": [0, 0, 10.875, 6.625], "texture": "#texture"}
			}
		}
	],
	"gui_light": "front",
	"display": {
		"thirdperson_righthand": {
			"scale": [0, 0, 0]
		},
		"thirdperson_lefthand": {
			"scale": [0, 0, 0]
		},
		"firstperson_righthand": {
			"scale": [0, 0, 0]
		},
		"firstperson_lefthand": {
			"scale": [0, 0, 0]
		},
		"ground": {
			"scale": [0, 0, 0]
		},
		"gui": {
			"rotation": [35, -45, 0],
			"translation": [11, 0, 0],
			"scale": [4, 4, 4]
		},
		"fixed": {
			"scale": [0, 0, 0]
		}
	}
}