{
	"credit": "© 2015-2022 MadstonMagic. All rights reserved. https://madstonmagic.github.io/shop/. Made using BlockBench",
	"textures": {
		"0": "pokeball/pokeball",
		"particle": "pokeball/pokeball"
	},
	"elements": [
		{
			"from": [6, 6.25, 6.75],
			"to": [10, 7.375, 9.25],
			"faces": {
				"north": {"uv": [6, 1, 9, 4], "texture": "#0"},
				"east": {"uv": [6, 1, 9, 4], "texture": "#0"},
				"south": {"uv": [6, 1, 9, 4], "texture": "#0"},
				"west": {"uv": [6, 1, 9, 4], "texture": "#0"},
				"up": {"uv": [6, 1, 9, 4], "texture": "#0"},
				"down": {"uv": [6, 1, 9, 4], "texture": "#0"}
			}
		},
		{
			"from": [6, 7.375, 6.75],
			"to": [10, 7.625, 9.25],
			"faces": {
				"north": {"uv": [11, 1, 14, 4], "texture": "#0"},
				"east": {"uv": [11, 1, 14, 4], "texture": "#0"},
				"south": {"uv": [11, 1, 14, 4], "texture": "#0"},
				"west": {"uv": [11, 1, 14, 4], "texture": "#0"},
				"up": {"uv": [11, 1, 14, 4], "texture": "#0"},
				"down": {"uv": [11, 1, 14, 4], "texture": "#0"}
			}
		},
		{
			"from": [6, 7.625, 6.75],
			"to": [10, 8.75, 9.25],
			"faces": {
				"north": {"uv": [1, 1, 4, 4], "texture": "#0"},
				"east": {"uv": [1, 1, 4, 4], "texture": "#0"},
				"south": {"uv": [1, 1, 4, 4], "texture": "#0"},
				"west": {"uv": [1, 1, 4, 4], "texture": "#0"},
				"up": {"uv": [1, 1, 4, 4], "texture": "#0"},
				"down": {"uv": [1, 1, 4, 4], "texture": "#0"}
			}
		},
		{
			"from": [6.75, 8.75, 6.75],
			"to": [9.25, 9.5, 9.25],
			"faces": {
				"north": {"uv": [1, 1, 4, 4], "texture": "#0"},
				"east": {"uv": [1, 1, 4, 4], "texture": "#0"},
				"south": {"uv": [1, 1, 4, 4], "texture": "#0"},
				"west": {"uv": [1, 1, 4, 4], "texture": "#0"},
				"up": {"uv": [1, 1, 4, 4], "texture": "#0"},
				"down": {"uv": [1, 1, 4, 4], "texture": "#0"}
			}
		},
		{
			"from": [6.75, 5.5, 6.75],
			"to": [9.25, 6.25, 9.25],
			"faces": {
				"north": {"uv": [6, 1, 9, 4], "texture": "#0"},
				"east": {"uv": [6, 1, 9, 4], "texture": "#0"},
				"south": {"uv": [6, 1, 9, 4], "texture": "#0"},
				"west": {"uv": [6, 1, 9, 4], "texture": "#0"},
				"up": {"uv": [6, 1, 9, 4], "texture": "#0"},
				"down": {"uv": [6, 1, 9, 4], "texture": "#0"}
			}
		},
		{
			"from": [6.75, 6.25, 6],
			"to": [9.25, 7.375, 10],
			"faces": {
				"north": {"uv": [6, 1, 9, 4], "texture": "#0"},
				"east": {"uv": [6, 1, 9, 4], "texture": "#0"},
				"south": {"uv": [6, 1, 9, 4], "texture": "#0"},
				"west": {"uv": [6, 1, 9, 4], "texture": "#0"},
				"up": {"uv": [6, 1, 9, 4], "texture": "#0"},
				"down": {"uv": [6, 1, 9, 4], "texture": "#0"}
			}
		},
		{
			"from": [6.75, 7.375, 6],
			"to": [9.25, 7.625, 10],
			"faces": {
				"north": {"uv": [11, 1, 14, 4], "texture": "#0"},
				"east": {"uv": [11, 1, 14, 4], "texture": "#0"},
				"south": {"uv": [11, 1, 14, 4], "texture": "#0"},
				"west": {"uv": [11, 1, 14, 4], "texture": "#0"},
				"up": {"uv": [11, 1, 14, 4], "texture": "#0"},
				"down": {"uv": [11, 1, 14, 4], "texture": "#0"}
			}
		},
		{
			"from": [7.375, 6.875, 5.99219],
			"to": [8.625, 8.125, 6.49219],
			"faces": {
				"north": {"uv": [0.5, 5.5, 10, 15], "texture": "#0"}
			}
		},
		{
			"from": [6.75, 7.625, 6],
			"to": [9.25, 8.75, 10],
			"faces": {
				"north": {"uv": [1, 1, 4, 4], "texture": "#0"},
				"east": {"uv": [1, 1, 4, 4], "texture": "#0"},
				"south": {"uv": [1, 1, 4, 4], "texture": "#0"},
				"west": {"uv": [1, 1, 4, 4], "texture": "#0"},
				"up": {"uv": [1, 1, 4, 4], "texture": "#0"},
				"down": {"uv": [1, 1, 4, 4], "texture": "#0"}
			}
		}
	],
	"gui_light": "front",
	"display": {
		"ground": {
			"translation": [0, 2.75, 0]
		},
		"gui": {
			"rotation": [30, 135, 0],
			"translation": [0, 1, 0],
			"scale": [2.5, 2.5, 2.5]
		},
		"fixed": {
			"translation": [0, 0, -2.5],
			"scale": [3, 3, 3]
		}
	}
}