{
    "textures": {
        "2": "blockmodels/mhp/textures/flower_2",
        "particle": "blockmodels/mhp/textures/flower_2"
    },
    "texture_size": [
        32,
        32
    ],
    "elements": [
        {
            "rotation": {
                "origin": [
                    8,
                    8,
                    8
                ],
                "angle": -45,
                "axis": "y"
            },
            "from": [
                -1,
                0,
                8
            ],
            "to": [
                17,
                16,
                8
            ],
            "faces": {
                "east": {
                    "uv": [
                        0,
                        0,
                        0,
                        8
                    ],
                    "texture": "#2"
                },
                "south": {
                    "uv": [
                        0,
                        8,
                        8,
                        16
                    ],
                    "texture": "#2"
                },
                "north": {
                    "uv": [
                        0,
                        0,
                        8,
                        8
                    ],
                    "texture": "#2"
                },
                "west": {
                    "uv": [
                        0,
                        0,
                        0,
                        8
                    ],
                    "texture": "#2"
                },
                "up": {
                    "uv": [
                        8,
                        0,
                        0,
                        0
                    ],
                    "texture": "#2"
                },
                "down": {
                    "uv": [
                        8,
                        0,
                        0,
                        0
                    ],
                    "texture": "#2"
                }
            }
        },
        {
            "rotation": {
                "origin": [
                    8,
                    8,
                    8
                ],
                "angle": -45,
                "axis": "y"
            },
            "from": [
                8,
                0,
                -1
            ],
            "to": [
                8,
                16,
                17
            ],
            "faces": {
                "east": {
                    "uv": [
                        0,
                        8,
                        8,
                        16
                    ],
                    "texture": "#2"
                },
                "south": {
                    "uv": [
                        0,
                        0,
                        0,
                        8
                    ],
                    "texture": "#2"
                },
                "north": {
                    "uv": [
                        0,
                        0,
                        0,
                        8
                    ],
                    "texture": "#2"
                },
                "west": {
                    "uv": [
                        0,
                        0,
                        8,
                        8
                    ],
                    "texture": "#2"
                },
                "up": {
                    "uv": [
                        8,
                        0,
                        0,
                        0
                    ],
                    "texture": "#2",
                    "rotation": 270
                },
                "down": {
                    "uv": [
                        8,
                        0,
                        0,
                        0
                    ],
                    "texture": "#2",
                    "rotation": 90
                }
            }
        }
    ],
    "display": {
        "firstperson_righthand": {
            "rotation": [
                -180,
                83.25,
                -180
            ],
            "translation": [
                0,
                3.75,
                0
            ],
            "scale": [
                0.5,
                0.5,
                0.5
            ]
        },
        "firstperson_lefthand": {
            "rotation": [
                -180,
                83.25,
                -180
            ],
            "translation": [
                0,
                3.75,
                0
            ],
            "scale": [
                0.5,
                0.5,
                0.5
            ]
        },
        "ground": {
            "translation": [
                0,
                3,
                0
            ],
            "scale": [
                0.25,
                0.25,
                0.25
            ]
        },
        "gui": {"rotation": [
            -180,
            -45,
            180
        ]},
        "fixed": {
            "rotation": [
                -90,
                0,
                0
            ],
            "translation": [
                0,
                0,
                -16
            ],
            "scale": [
                2,
                2,
                2
            ]
        },
        "thirdperson_righthand": {
            "translation": [
                -8.2,
                -5,
                -2.7
            ],
            "scale": [
                1,
                1,
                1
            ],
            "rotation": [
                75,
                0,
                -10
            ]
        }
    },
    "credit": "Made with Blockbench"
}