{
    "gui_light": "front",
    "textures": {
        "0": "cosmetics/hats/08_top_hat",
        "particle": "cosmetics/hats/08_top_hat"
    },
    "elements": [
        {
            "from": [
                5.25,
                0,
                5.25
            ],
            "to": [
                10.75,
                8,
                10.75
            ],
            "faces": {
                "east": {
                    "uv": [
                        0,
                        3.5,
                        3.5,
                        9
                    ],
                    "texture": "#0"
                },
                "south": {
                    "uv": [
                        10.5,
                        3.5,
                        14,
                        9
                    ],
                    "texture": "#0"
                },
                "north": {
                    "uv": [
                        3.5,
                        3.5,
                        7,
                        9
                    ],
                    "texture": "#0"
                },
                "west": {
                    "uv": [
                        7,
                        3.5,
                        10.5,
                        9
                    ],
                    "texture": "#0"
                },
                "up": {
                    "uv": [
                        7,
                        0,
                        10.5,
                        3.5
                    ],
                    "texture": "#0"
                }
            }
        },
        {
            "from": [
                2,
                0,
                2
            ],
            "to": [
                14,
                0,
                14
            ],
            "faces": {
                "up": {
                    "uv": [
                        0,
                        9,
                        7,
                        16
                    ],
                    "texture": "#0"
                },
                "down": {
                    "uv": [
                        7,
                        9,
                        14,
                        16
                    ],
                    "texture": "#0"
                }
            }
        },
        {
            "name": "colored",
            "from": [
                5.125,
                2,
                5.125
            ],
            "to": [
                10.875,
                3,
                10.875
            ],
            "faces": {
                "east": {
                    "uv": [
                        15,
                        5,
                        16,
                        9.5
                    ],
                    "texture": "#0",
                    "rotation": 90,
                    "tintindex": 0
                },
                "south": {
                    "uv": [
                        10.5,
                        0,
                        15,
                        1
                    ],
                    "texture": "#0",
                    "tintindex": 0
                },
                "north": {
                    "uv": [
                        15,
                        10,
                        16,
                        14.5
                    ],
                    "texture": "#0",
                    "rotation": 90,
                    "tintindex": 0
                },
                "west": {
                    "uv": [
                        15,
                        0,
                        16,
                        4.5
                    ],
                    "texture": "#0",
                    "rotation": 90,
                    "tintindex": 0
                }
            }
        },
        {
            "name": "colored",
            "from": [
                5.125,
                0.5,
                5.125
            ],
            "to": [
                10.875,
                1.5,
                10.875
            ],
            "faces": {
                "east": {
                    "uv": [
                        10.5,
                        0,
                        15,
                        1
                    ],
                    "texture": "#0",
                    "tintindex": 0
                },
                "south": {
                    "uv": [
                        15,
                        10,
                        16,
                        14.5
                    ],
                    "texture": "#0",
                    "rotation": 90,
                    "tintindex": 0
                },
                "north": {
                    "uv": [
                        15,
                        0,
                        16,
                        4.5
                    ],
                    "texture": "#0",
                    "rotation": 90,
                    "tintindex": 0
                },
                "west": {
                    "uv": [
                        15,
                        5,
                        16,
                        9.5
                    ],
                    "texture": "#0",
                    "rotation": 90,
                    "tintindex": 0
                }
            }
        }
    ],
    "display": {
        "head": {
            "rotation": [
                5,
                0,
                0
            ],
            "translation": [
                0,
                17.25,
                1.25
            ],
            "scale": [
                2.65,
                2,
                2.75
            ]
        },
        "ground": {
            "translation": [
                0,
                -2,
                0
            ],
            "scale": [
                3,
                3,
                3
            ]
        },
        "gui": {
            "rotation": [
                30,
                135,
                0
            ],
            "translation": [
                0,
                5,
                0
            ]
        }
    },
    "credit": "© 2015-2022 MadstonMagic. All rights reserved. https://madstonmagic.github.io/shop/. Made using BlockBench"
}