{
    "textures": {"1": "blockmodels/mhp/textures/glass_cup"},
    "elements": [
        {
            "from": [
                6.5,
                0,
                6.5
            ],
            "to": [
                9.5,
                1,
                9.5
            ],
            "faces": {
                "east": {
                    "uv": [
                        8,
                        7,
                        11,
                        8
                    ],
                    "texture": "#1"
                },
                "south": {
                    "uv": [
                        7,
                        9,
                        10,
                        10
                    ],
                    "texture": "#1"
                },
                "north": {
                    "uv": [
                        7,
                        8,
                        10,
                        9
                    ],
                    "texture": "#1"
                },
                "west": {
                    "uv": [
                        7,
                        10,
                        10,
                        11
                    ],
                    "texture": "#1"
                },
                "up": {
                    "uv": [
                        7,
                        11,
                        4,
                        8
                    ],
                    "texture": "#1"
                },
                "down": {
                    "uv": [
                        11,
                        4,
                        8,
                        7
                    ],
                    "texture": "#1"
                }
            }
        },
        {
            "from": [
                7.5,
                1,
                7.5
            ],
            "to": [
                8.5,
                4,
                8.5
            ],
            "faces": {
                "east": {
                    "uv": [
                        4,
                        11,
                        5,
                        14
                    ],
                    "texture": "#1"
                },
                "south": {
                    "uv": [
                        11,
                        4,
                        12,
                        7
                    ],
                    "texture": "#1"
                },
                "north": {
                    "uv": [
                        10,
                        8,
                        11,
                        11
                    ],
                    "texture": "#1"
                },
                "west": {
                    "uv": [
                        5,
                        11,
                        6,
                        14
                    ],
                    "texture": "#1"
                },
                "up": {
                    "uv": [
                        9,
                        14,
                        8,
                        13
                    ],
                    "texture": "#1"
                },
                "down": {
                    "uv": [
                        11,
                        12,
                        10,
                        13
                    ],
                    "texture": "#1"
                }
            }
        },
        {
            "from": [
                6,
                4,
                6
            ],
            "to": [
                10,
                8,
                10
            ],
            "faces": {
                "east": {
                    "uv": [
                        0,
                        4,
                        4,
                        8
                    ],
                    "texture": "#1"
                },
                "south": {
                    "uv": [
                        4,
                        0,
                        8,
                        4
                    ],
                    "texture": "#1"
                },
                "north": {
                    "uv": [
                        0,
                        0,
                        4,
                        4
                    ],
                    "texture": "#1"
                },
                "west": {
                    "uv": [
                        4,
                        4,
                        8,
                        8
                    ],
                    "texture": "#1"
                },
                "up": {
                    "uv": [
                        4,
                        12,
                        0,
                        8
                    ],
                    "texture": "#1"
                },
                "down": {
                    "uv": [
                        12,
                        0,
                        8,
                        4
                    ],
                    "texture": "#1"
                }
            }
        }
    ],
    "display": {
        "firstperson_righthand": {
            "rotation": [
                0,
                45,
                0
            ],
            "scale": [
                0.4,
                0.4,
                0.4
            ]
        },
        "firstperson_lefthand": {
            "rotation": [
                0,
                225,
                0
            ],
            "scale": [
                0.4,
                0.4,
                0.4
            ]
        },
        "ground": {
            "translation": [
                0,
                3,
                0
            ],
            "scale": [
                0.25,
                0.25,
                0.25
            ]
        },
        "gui": {
            "rotation": [
                30,
                225,
                0
            ],
            "scale": [
                0.625,
                0.625,
                0.625
            ]
        },
        "fixed": {
            "rotation": [
                -90,
                0,
                0
            ],
            "translation": [
                0,
                0,
                -16
            ],
            "scale": [
                2,
                2,
                2
            ]
        },
        "thirdperson_righthand": {
            "translation": [
                -8.2,
                -5,
                -2.7
            ],
            "scale": [
                1,
                1,
                1
            ],
            "rotation": [
                75,
                0,
                -10
            ]
        }
    },
    "credit": "Made with Blockbench"
}