{
    "textures": {
        "1": "blockmodels/architect/textures/globe",
        "particle": "blockmodels/architect/textures/globe"
    },
    "texture_size": [
        32,
        32
    ],
    "elements": [
        {
            "from": [
                5,
                0,
                5
            ],
            "to": [
                11,
                1,
                11
            ],
            "faces": {
                "east": {
                    "uv": [
                        9,
                        7.5,
                        12,
                        8
                    ],
                    "texture": "#1"
                },
                "south": {
                    "uv": [
                        9,
                        8,
                        12,
                        8.5
                    ],
                    "texture": "#1"
                },
                "north": {
                    "uv": [
                        9,
                        7,
                        12,
                        7.5
                    ],
                    "texture": "#1"
                },
                "west": {
                    "uv": [
                        9,
                        8.5,
                        12,
                        9
                    ],
                    "texture": "#1"
                },
                "up": {
                    "uv": [
                        7,
                        11,
                        4,
                        8
                    ],
                    "texture": "#1"
                },
                "down": {
                    "uv": [
                        11,
                        4,
                        8,
                        7
                    ],
                    "texture": "#1"
                }
            }
        },
        {
            "from": [
                7,
                1,
                7
            ],
            "to": [
                9,
                4,
                9
            ],
            "faces": {
                "east": {
                    "uv": [
                        10,
                        9,
                        11,
                        10.5
                    ],
                    "texture": "#1"
                },
                "south": {
                    "uv": [
                        9,
                        10.5,
                        10,
                        12
                    ],
                    "texture": "#1"
                },
                "north": {
                    "uv": [
                        9,
                        9,
                        10,
                        10.5
                    ],
                    "texture": "#1"
                },
                "west": {
                    "uv": [
                        10,
                        10.5,
                        11,
                        12
                    ],
                    "texture": "#1"
                },
                "up": {
                    "uv": [
                        12,
                        6.5,
                        11,
                        5.5
                    ],
                    "texture": "#1"
                },
                "down": {
                    "uv": [
                        12,
                        9,
                        11,
                        10
                    ],
                    "texture": "#1"
                }
            }
        },
        {
            "rotation": {
                "origin": [
                    7.96563,
                    9.63295,
                    7.5
                ],
                "angle": 22.5,
                "axis": "z"
            },
            "from": [
                3.76563,
                5.03295,
                4
            ],
            "to": [
                11.76563,
                13.03295,
                12
            ],
            "faces": {
                "east": {
                    "uv": [
                        0,
                        4,
                        4,
                        8
                    ],
                    "texture": "#1"
                },
                "south": {
                    "uv": [
                        4,
                        0,
                        8,
                        4
                    ],
                    "texture": "#1"
                },
                "north": {
                    "uv": [
                        0,
                        0,
                        4,
                        4
                    ],
                    "texture": "#1"
                },
                "west": {
                    "uv": [
                        4,
                        4,
                        8,
                        8
                    ],
                    "texture": "#1"
                },
                "up": {
                    "uv": [
                        4,
                        12,
                        0,
                        8
                    ],
                    "texture": "#1"
                },
                "down": {
                    "uv": [
                        12,
                        0,
                        8,
                        4
                    ],
                    "texture": "#1"
                }
            }
        },
        {
            "rotation": {
                "origin": [
                    8,
                    9.65685,
                    8
                ],
                "angle": 22.5,
                "axis": "z"
            },
            "from": [
                3.8,
                13.05685,
                7.5
            ],
            "to": [
                8.3,
                14.05685,
                8.5
            ],
            "faces": {
                "east": {
                    "uv": [
                        6.5,
                        11,
                        7,
                        11.5
                    ],
                    "texture": "#1"
                },
                "south": {
                    "uv": [
                        11,
                        4,
                        13.5,
                        4.5
                    ],
                    "texture": "#1"
                },
                "north": {
                    "uv": [
                        4,
                        11,
                        6.5,
                        11.5
                    ],
                    "texture": "#1"
                },
                "west": {
                    "uv": [
                        4,
                        11.5,
                        4.5,
                        12
                    ],
                    "texture": "#1"
                },
                "up": {
                    "uv": [
                        13.5,
                        5,
                        11,
                        4.5
                    ],
                    "texture": "#1"
                },
                "down": {
                    "uv": [
                        13.5,
                        5,
                        11,
                        5.5
                    ],
                    "texture": "#1"
                }
            }
        },
        {
            "rotation": {
                "origin": [
                    7.96563,
                    9.63295,
                    7.5
                ],
                "angle": 22.5,
                "axis": "z"
            },
            "from": [
                3.76563,
                4.03295,
                7.5
            ],
            "to": [
                6.76563,
                5.03295,
                8.5
            ],
            "faces": {
                "east": {
                    "uv": [
                        5.5,
                        11.5,
                        6,
                        12
                    ],
                    "texture": "#1"
                },
                "south": {
                    "uv": [
                        11,
                        10,
                        12.5,
                        10.5
                    ],
                    "texture": "#1"
                },
                "north": {
                    "uv": [
                        11,
                        6.5,
                        12.5,
                        7
                    ],
                    "texture": "#1"
                },
                "west": {
                    "uv": [
                        6,
                        11.5,
                        6.5,
                        12
                    ],
                    "texture": "#1"
                },
                "up": {
                    "uv": [
                        12.5,
                        11,
                        11,
                        10.5
                    ],
                    "texture": "#1"
                },
                "down": {
                    "uv": [
                        12.5,
                        11,
                        11,
                        11.5
                    ],
                    "texture": "#1"
                }
            }
        },
        {
            "rotation": {
                "origin": [
                    7.96563,
                    9.63295,
                    7.5
                ],
                "angle": 22.5,
                "axis": "z"
            },
            "from": [
                2.76563,
                4.03295,
                7.5
            ],
            "to": [
                3.76563,
                14.03295,
                8.5
            ],
            "faces": {
                "east": {
                    "uv": [
                        8,
                        7,
                        8.5,
                        12
                    ],
                    "texture": "#1"
                },
                "south": {
                    "uv": [
                        7.5,
                        8,
                        8,
                        13
                    ],
                    "texture": "#1"
                },
                "north": {
                    "uv": [
                        7,
                        8,
                        7.5,
                        13
                    ],
                    "texture": "#1"
                },
                "west": {
                    "uv": [
                        8.5,
                        7,
                        9,
                        12
                    ],
                    "texture": "#1"
                },
                "up": {
                    "uv": [
                        5,
                        12,
                        4.5,
                        11.5
                    ],
                    "texture": "#1"
                },
                "down": {
                    "uv": [
                        5.5,
                        11.5,
                        5,
                        12
                    ],
                    "texture": "#1"
                }
            }
        }
    ],
    "display": {
        "firstperson_righthand": {
            "rotation": [
                0,
                45,
                0
            ],
            "scale": [
                0.4,
                0.4,
                0.4
            ]
        },
        "thirdperson_lefthand": {
            "rotation": [
                75,
                45,
                0
            ],
            "translation": [
                0,
                2.5,
                0
            ],
            "scale": [
                0.375,
                0.375,
                0.375
            ]
        },
        "firstperson_lefthand": {
            "rotation": [
                0,
                225,
                0
            ],
            "scale": [
                0.4,
                0.4,
                0.4
            ]
        },
        "thirdperson_righthand": {
            "translation": [
                -8.2,
                -5,
                -2.7
            ],
            "scale": [
                1,
                1,
                1
            ],
            "rotation": [
                75,
                0,
                -10
            ]
        },
        "ground": {
            "translation": [
                0,
                3,
                0
            ],
            "scale": [
                0.25,
                0.25,
                0.25
            ]
        },
        "gui": {
            "rotation": [
                30,
                225,
                0
            ],
            "scale": [
                0.625,
                0.625,
                0.625
            ]
        },
        "fixed": {
            "rotation": [
                -90,
                0,
                0
            ],
            "translation": [
                0,
                0,
                -15.5
            ],
            "scale": [
                2,
                2,
                2
            ]
        }
    },
    "credit": "Made with Blockbench"
}