{
    "textures": {
        "0": "furniture/picknick_table",
        "particle": "furniture/picknick_table"
    },
    "texture_size": [
        128,
        128
    ],
    "elements": [
        {
            "rotation": {
                "origin": [
                    8,
                    14.5,
                    8
                ],
                "angle": 0,
                "axis": "y"
            },
            "from": [
                1.5,
                14.5,
                -16
            ],
            "to": [
                14.5,
                16.5,
                16
            ],
            "faces": {
                "east": {
                    "uv": [
                        3.25,
                        0,
                        7.25,
                        0.25
                    ],
                    "texture": "#0"
                },
                "south": {
                    "uv": [
                        1.625,
                        4,
                        3.25,
                        4.25
                    ],
                    "texture": "#0"
                },
                "north": {
                    "uv": [
                        0,
                        4,
                        1.625,
                        4.25
                    ],
                    "texture": "#0"
                },
                "west": {
                    "uv": [
                        3.25,
                        0.25,
                        7.25,
                        0.5
                    ],
                    "texture": "#0"
                },
                "up": {
                    "uv": [
                        1.625,
                        4,
                        0,
                        0
                    ],
                    "texture": "#0"
                },
                "down": {
                    "uv": [
                        3.25,
                        0,
                        1.625,
                        4
                    ],
                    "texture": "#0"
                }
            }
        },
        {
            "rotation": {
                "origin": [
                    -11,
                    8.5,
                    0
                ],
                "angle": 0,
                "axis": "y"
            },
            "from": [
                -5,
                7.5,
                -16
            ],
            "to": [
                3,
                9.5,
                16
            ],
            "faces": {
                "east": {
                    "uv": [
                        5.25,
                        0.5,
                        9.25,
                        0.75
                    ],
                    "texture": "#0"
                },
                "south": {
                    "uv": [
                        4.25,
                        4.5,
                        5.25,
                        4.75
                    ],
                    "texture": "#0"
                },
                "north": {
                    "uv": [
                        3.25,
                        4.5,
                        4.25,
                        4.75
                    ],
                    "texture": "#0"
                },
                "west": {
                    "uv": [
                        5.25,
                        0.75,
                        9.25,
                        1
                    ],
                    "texture": "#0"
                },
                "up": {
                    "uv": [
                        4.25,
                        4.5,
                        3.25,
                        0.5
                    ],
                    "texture": "#0"
                },
                "down": {
                    "uv": [
                        5.25,
                        0.5,
                        4.25,
                        4.5
                    ],
                    "texture": "#0"
                }
            }
        },
        {
            "rotation": {
                "origin": [
                    10,
                    7,
                    0
                ],
                "angle": 0,
                "axis": "y"
            },
            "from": [
                -1.5,
                5.5,
                -16
            ],
            "to": [
                0.5,
                7.5,
                16
            ],
            "faces": {
                "east": {
                    "uv": [
                        1,
                        5.25,
                        5,
                        5.5
                    ],
                    "texture": "#0"
                },
                "south": {
                    "uv": [
                        5,
                        5.5,
                        5.25,
                        5.75
                    ],
                    "texture": "#0"
                },
                "north": {
                    "uv": [
                        5,
                        5.25,
                        5.25,
                        5.5
                    ],
                    "texture": "#0"
                },
                "west": {
                    "uv": [
                        1,
                        5.5,
                        5,
                        5.75
                    ],
                    "texture": "#0"
                },
                "down": {
                    "uv": [
                        1,
                        5.25,
                        0.75,
                        9.25
                    ],
                    "texture": "#0"
                }
            }
        },
        {
            "rotation": {
                "origin": [
                    8,
                    8,
                    8
                ],
                "angle": 0,
                "axis": "y"
            },
            "from": [
                7,
                12.5,
                -16
            ],
            "to": [
                9,
                14.5,
                16
            ],
            "faces": {
                "east": {
                    "uv": [
                        0.5,
                        4.75,
                        4.5,
                        5
                    ],
                    "texture": "#0"
                },
                "south": {
                    "uv": [
                        4.5,
                        5,
                        4.75,
                        5.25
                    ],
                    "texture": "#0"
                },
                "north": {
                    "uv": [
                        4.5,
                        4.75,
                        4.75,
                        5
                    ],
                    "texture": "#0"
                },
                "west": {
                    "uv": [
                        0.5,
                        5,
                        4.5,
                        5.25
                    ],
                    "texture": "#0"
                },
                "down": {
                    "uv": [
                        0.5,
                        4.75,
                        0.25,
                        8.75
                    ],
                    "texture": "#0"
                }
            }
        },
        {
            "rotation": {
                "origin": [
                    8.75,
                    13.5,
                    -12
                ],
                "angle": -45,
                "axis": "z"
            },
            "from": [
                7.25,
                -6.5,
                -13.5
            ],
            "to": [
                8.75,
                13.5,
                -12
            ],
            "faces": {
                "east": {
                    "uv": [
                        1.75,
                        6.25,
                        2,
                        8.75
                    ],
                    "texture": "#0"
                },
                "south": {
                    "uv": [
                        2,
                        6.25,
                        2.25,
                        8.75
                    ],
                    "texture": "#0"
                },
                "north": {
                    "uv": [
                        1.5,
                        6.25,
                        1.75,
                        8.75
                    ],
                    "texture": "#0"
                },
                "west": {
                    "uv": [
                        2.25,
                        6.25,
                        2.5,
                        8.75
                    ],
                    "texture": "#0"
                },
                "down": {
                    "uv": [
                        2,
                        8.75,
                        1.75,
                        9
                    ],
                    "texture": "#0"
                }
            }
        },
        {
            "rotation": {
                "origin": [
                    7.25,
                    13.5,
                    -12
                ],
                "angle": 45,
                "axis": "z"
            },
            "from": [
                7.25,
                -6.5,
                -13.5
            ],
            "to": [
                8.75,
                13.5,
                -12
            ],
            "faces": {
                "east": {
                    "uv": [
                        2.75,
                        6.25,
                        3,
                        8.75
                    ],
                    "texture": "#0"
                },
                "south": {
                    "uv": [
                        3,
                        6.25,
                        3.25,
                        8.75
                    ],
                    "texture": "#0"
                },
                "north": {
                    "uv": [
                        2.5,
                        6.25,
                        2.75,
                        8.75
                    ],
                    "texture": "#0"
                },
                "west": {
                    "uv": [
                        3.25,
                        6.25,
                        3.5,
                        8.75
                    ],
                    "texture": "#0"
                },
                "down": {
                    "uv": [
                        3,
                        8.75,
                        2.75,
                        9
                    ],
                    "texture": "#0"
                }
            }
        },
        {
            "rotation": {
                "origin": [
                    7.25,
                    13.5,
                    12
                ],
                "angle": 45,
                "axis": "z"
            },
            "from": [
                7.25,
                -6.5,
                12
            ],
            "to": [
                8.75,
                13.5,
                13.5
            ],
            "faces": {
                "east": {
                    "uv": [
                        3.75,
                        6.25,
                        4,
                        8.75
                    ],
                    "texture": "#0"
                },
                "south": {
                    "uv": [
                        4,
                        6.25,
                        4.25,
                        8.75
                    ],
                    "texture": "#0"
                },
                "north": {
                    "uv": [
                        3.5,
                        6.25,
                        3.75,
                        8.75
                    ],
                    "texture": "#0"
                },
                "west": {
                    "uv": [
                        4.25,
                        6.25,
                        4.5,
                        8.75
                    ],
                    "texture": "#0"
                },
                "down": {
                    "uv": [
                        4,
                        8.75,
                        3.75,
                        9
                    ],
                    "texture": "#0"
                }
            }
        },
        {
            "rotation": {
                "origin": [
                    6.07107,
                    13.07107,
                    14.5
                ],
                "angle": 45,
                "axis": "z"
            },
            "from": [
                -3.92893,
                10.57107,
                11.5
            ],
            "to": [
                -1.42893,
                13.07107,
                14
            ],
            "faces": {
                "east": {
                    "uv": [
                        2.25,
                        10.875,
                        2.625,
                        11.25
                    ],
                    "texture": "#0"
                },
                "south": {
                    "uv": [
                        1.875,
                        10.875,
                        2.25,
                        11.25
                    ],
                    "texture": "#0"
                },
                "north": {
                    "uv": [
                        1.5,
                        10.875,
                        1.875,
                        11.25
                    ],
                    "texture": "#0"
                },
                "west": {
                    "uv": [
                        2.625,
                        10.875,
                        3,
                        11.25
                    ],
                    "texture": "#0"
                },
                "down": {
                    "uv": [
                        1.875,
                        10.5,
                        1.5,
                        10.875
                    ],
                    "texture": "#0"
                }
            }
        },
        {
            "rotation": {
                "origin": [
                    9.92893,
                    13.07107,
                    14.5
                ],
                "angle": -45,
                "axis": "z"
            },
            "from": [
                17.42893,
                10.57107,
                11.5
            ],
            "to": [
                19.92893,
                13.07107,
                14
            ],
            "faces": {
                "east": {
                    "uv": [
                        0.75,
                        10.875,
                        1.125,
                        11.25
                    ],
                    "texture": "#0"
                },
                "south": {
                    "uv": [
                        0.375,
                        10.875,
                        0.75,
                        11.25
                    ],
                    "texture": "#0"
                },
                "north": {
                    "uv": [
                        0,
                        10.875,
                        0.375,
                        11.25
                    ],
                    "texture": "#0"
                },
                "west": {
                    "uv": [
                        1.125,
                        10.875,
                        1.5,
                        11.25
                    ],
                    "texture": "#0"
                },
                "down": {
                    "uv": [
                        0.375,
                        10.5,
                        0,
                        10.875
                    ],
                    "texture": "#0"
                }
            }
        },
        {
            "rotation": {
                "origin": [
                    9.92893,
                    13.07107,
                    -14.5
                ],
                "angle": -45,
                "axis": "z"
            },
            "from": [
                17.42893,
                10.57107,
                -14
            ],
            "to": [
                19.92893,
                13.07107,
                -11.5
            ],
            "faces": {
                "east": {
                    "uv": [
                        0.75,
                        10.125,
                        1.125,
                        10.5
                    ],
                    "texture": "#0"
                },
                "south": {
                    "uv": [
                        0.375,
                        10.125,
                        0.75,
                        10.5
                    ],
                    "texture": "#0"
                },
                "north": {
                    "uv": [
                        0,
                        10.125,
                        0.375,
                        10.5
                    ],
                    "texture": "#0"
                },
                "west": {
                    "uv": [
                        1.125,
                        10.125,
                        1.5,
                        10.5
                    ],
                    "texture": "#0"
                },
                "down": {
                    "uv": [
                        0.375,
                        9.75,
                        0,
                        10.125
                    ],
                    "texture": "#0"
                }
            }
        },
        {
            "rotation": {
                "origin": [
                    6.07107,
                    13.07107,
                    -14.5
                ],
                "angle": 45,
                "axis": "z"
            },
            "from": [
                -3.92893,
                10.57107,
                -14
            ],
            "to": [
                -1.42893,
                13.07107,
                -11.5
            ],
            "faces": {
                "east": {
                    "uv": [
                        2.25,
                        10.125,
                        2.625,
                        10.5
                    ],
                    "texture": "#0"
                },
                "south": {
                    "uv": [
                        1.875,
                        10.125,
                        2.25,
                        10.5
                    ],
                    "texture": "#0"
                },
                "north": {
                    "uv": [
                        1.5,
                        10.125,
                        1.875,
                        10.5
                    ],
                    "texture": "#0"
                },
                "west": {
                    "uv": [
                        2.625,
                        10.125,
                        3,
                        10.5
                    ],
                    "texture": "#0"
                },
                "down": {
                    "uv": [
                        1.875,
                        9.75,
                        1.5,
                        10.125
                    ],
                    "texture": "#0"
                }
            }
        },
        {
            "rotation": {
                "origin": [
                    8.75,
                    13.5,
                    12
                ],
                "angle": -45,
                "axis": "z"
            },
            "from": [
                7.25,
                -6.5,
                12
            ],
            "to": [
                8.75,
                13.5,
                13.5
            ],
            "faces": {
                "east": {
                    "uv": [
                        4.75,
                        6.25,
                        5,
                        8.75
                    ],
                    "texture": "#0"
                },
                "south": {
                    "uv": [
                        5,
                        6.25,
                        5.25,
                        8.75
                    ],
                    "texture": "#0"
                },
                "north": {
                    "uv": [
                        4.5,
                        6.25,
                        4.75,
                        8.75
                    ],
                    "texture": "#0"
                },
                "west": {
                    "uv": [
                        5.25,
                        6.25,
                        5.5,
                        8.75
                    ],
                    "texture": "#0"
                },
                "down": {
                    "uv": [
                        5,
                        8.75,
                        4.75,
                        9
                    ],
                    "texture": "#0"
                }
            }
        },
        {
            "rotation": {
                "origin": [
                    27,
                    8.5,
                    0
                ],
                "angle": 0,
                "axis": "y"
            },
            "from": [
                13,
                7.5,
                -16
            ],
            "to": [
                21,
                9.5,
                16
            ],
            "faces": {
                "east": {
                    "uv": [
                        7.25,
                        1,
                        11.25,
                        1.25
                    ],
                    "texture": "#0"
                },
                "south": {
                    "uv": [
                        6.25,
                        5,
                        7.25,
                        5.25
                    ],
                    "texture": "#0"
                },
                "north": {
                    "uv": [
                        5.25,
                        5,
                        6.25,
                        5.25
                    ],
                    "texture": "#0"
                },
                "west": {
                    "uv": [
                        7.25,
                        1.25,
                        11.25,
                        1.5
                    ],
                    "texture": "#0"
                },
                "up": {
                    "uv": [
                        6.25,
                        5,
                        5.25,
                        1
                    ],
                    "texture": "#0"
                },
                "down": {
                    "uv": [
                        7.25,
                        1,
                        6.25,
                        5
                    ],
                    "texture": "#0"
                }
            }
        },
        {
            "rotation": {
                "origin": [
                    6,
                    7,
                    0
                ],
                "angle": 0,
                "axis": "y"
            },
            "from": [
                15.5,
                5.5,
                -16
            ],
            "to": [
                17.5,
                7.5,
                16
            ],
            "faces": {
                "east": {
                    "uv": [
                        1.5,
                        5.75,
                        5.5,
                        6
                    ],
                    "texture": "#0"
                },
                "south": {
                    "uv": [
                        5.5,
                        6,
                        5.75,
                        6.25
                    ],
                    "texture": "#0"
                },
                "north": {
                    "uv": [
                        5.5,
                        5.75,
                        5.75,
                        6
                    ],
                    "texture": "#0"
                },
                "west": {
                    "uv": [
                        1.5,
                        6,
                        5.5,
                        6.25
                    ],
                    "texture": "#0"
                },
                "down": {
                    "uv": [
                        1.5,
                        5.75,
                        1.25,
                        9.75
                    ],
                    "texture": "#0"
                }
            }
        }
    ],
    "display": {
        "thirdperson_lefthand": {
            "rotation": [
                75,
                0,
                -10
            ],
            "translation": [
                -8.35,
                -5.35,
                -2.5
            ]
        },
        "thirdperson_righthand": {
            "rotation": [
                75,
                0,
                -10
            ],
            "translation": [
                -8.35,
                -5.35,
                -2.5
            ]
        },
        "ground": {
            "rotation": [
                0,
                90,
                180
            ],
            "scale": [
                1.2,
                1.2,
                1.2
            ]
        },
        "gui": {"rotation": [
            180,
            180,
            0
        ]},
        "fixed": {
            "rotation": [
                0,
                90,
                180
            ],
            "translation": [
                0,
                1,
                0
            ],
            "scale": [
                2,
                2,
                2
            ]
        }
    },
    "credit": "© 2015-2022 MadstonMagic. All rights reserved. https://madstonmagic.github.io/shop/. Made using BlockBench"
}