{
    "textures": {
        "0": "furniture/volleyball_net",
        "particle": "furniture/volleyball_net"
    },
    "texture_size": [
        128,
        128
    ],
    "elements": [{
        "rotation": {
            "origin": [
                0,
                7,
                7.5
            ],
            "angle": 0,
            "axis": "y"
        },
        "from": [
            -16,
            7,
            7.6875
        ],
        "to": [
            32,
            32,
            7.8125
        ],
        "faces": {
            "east": {
                "uv": [
                    12.25,
                    0.5,
                    12,
                    6.75
                ],
                "texture": "#0"
            },
            "south": {
                "uv": [
                    0,
                    6.25,
                    12,
                    12.5
                ],
                "texture": "#0"
            },
            "north": {
                "uv": [
                    0,
                    0,
                    12,
                    6.25
                ],
                "texture": "#0"
            },
            "west": {
                "uv": [
                    12.25,
                    6.75,
                    12,
                    13
                ],
                "texture": "#0"
            },
            "up": {
                "uv": [
                    12,
                    12.75,
                    0,
                    12.5
                ],
                "texture": "#0"
            },
            "down": {
                "uv": [
                    12,
                    13,
                    0,
                    12.75
                ],
                "texture": "#0"
            }
        }
    }],
    "display": {
        "thirdperson_lefthand": {
            "rotation": [
                75,
                0,
                -10
            ],
            "translation": [
                -8.35,
                -5.35,
                -2.5
            ]
        },
        "thirdperson_righthand": {
            "rotation": [
                75,
                0,
                -10
            ],
            "translation": [
                -8.35,
                -5.35,
                -2.5
            ]
        },
        "ground": {
            "rotation": [
                0,
                90,
                180
            ],
            "scale": [
                1.2,
                1.2,
                1.2
            ]
        },
        "gui": {"rotation": [
            180,
            180,
            0
        ]},
        "fixed": {
            "rotation": [
                0,
                90,
                180
            ],
            "translation": [
                0,
                1,
                0
            ],
            "scale": [
                2,
                2,
                2
            ]
        }
    },
    "credit": "© 2015-2022 MadstonMagic. All rights reserved. https://madstonmagic.github.io/shop/. Made using BlockBench"
}