{
    "textures": {
        "0": "furniture/television",
        "particle": "furniture/television"
    },
    "texture_size": [
        128,
        128
    ],
    "elements": [
        {
            "from": [
                0,
                0,
                5
            ],
            "to": [
                16,
                2,
                11
            ],
            "faces": {
                "east": {
                    "uv": [
                        10,
                        4,
                        11.5,
                        4.5
                    ],
                    "texture": "#0"
                },
                "south": {
                    "uv": [
                        9,
                        3,
                        13,
                        3.5
                    ],
                    "texture": "#0"
                },
                "north": {
                    "uv": [
                        9,
                        3.5,
                        13,
                        4
                    ],
                    "texture": "#0"
                },
                "west": {
                    "uv": [
                        10,
                        4.5,
                        11.5,
                        5
                    ],
                    "texture": "#0"
                },
                "up": {
                    "uv": [
                        13,
                        1.5,
                        9,
                        0
                    ],
                    "texture": "#0"
                },
                "down": {
                    "uv": [
                        13,
                        1.5,
                        9,
                        3
                    ],
                    "texture": "#0"
                }
            }
        },
        {
            "from": [
                -10,
                2,
                7
            ],
            "to": [
                26,
                25,
                9
            ],
            "faces": {
                "east": {
                    "uv": [
                        9,
                        4,
                        9.5,
                        9.75
                    ],
                    "texture": "#0"
                },
                "south": {
                    "uv": [
                        0,
                        5.75,
                        9,
                        11.5
                    ],
                    "texture": "#0"
                },
                "north": {
                    "uv": [
                        0,
                        0,
                        9,
                        5.75
                    ],
                    "texture": "#0"
                },
                "west": {
                    "uv": [
                        9.5,
                        4,
                        10,
                        9.75
                    ],
                    "texture": "#0"
                },
                "up": {
                    "uv": [
                        9,
                        12,
                        0,
                        11.5
                    ],
                    "texture": "#0"
                },
                "down": {
                    "uv": [
                        9,
                        12,
                        0,
                        12.5
                    ],
                    "texture": "#0"
                }
            }
        }
    ],
    "display": {
        "thirdperson_lefthand": {
            "rotation": [
                75,
                0,
                -10
            ],
            "translation": [
                -8.35,
                -5.35,
                -2.5
            ]
        },
        "thirdperson_righthand": {
            "rotation": [
                75,
                0,
                -10
            ],
            "translation": [
                -8.35,
                -5.35,
                -2.5
            ]
        },
        "ground": {
            "rotation": [
                0,
                90,
                180
            ],
            "scale": [
                1.2,
                1.2,
                1.2
            ]
        },
        "gui": {"rotation": [
            180,
            180,
            0
        ]},
        "fixed": {
            "rotation": [
                0,
                90,
                180
            ],
            "translation": [
                0,
                1,
                0
            ],
            "scale": [
                2,
                2,
                2
            ]
        }
    },
    "credit": "© 2015-2022 MadstonMagic. All rights reserved. https://madstonmagic.github.io/shop/. Made using BlockBench"
}