{
    "gui_light": "front",
    "textures": {
        "0": "blockmodels/workshop/textures/hammer",
        "particle": "blockmodels/workshop/textures/hammer"
    },
    "texture_size": [
        32,
        32
    ],
    "elements": [
        {
            "from": [
                7,
                1,
                1
            ],
            "to": [
                9,
                3,
                10
            ],
            "faces": {
                "east": {
                    "uv": [
                        4,
                        2,
                        8.5,
                        3
                    ],
                    "texture": "#0"
                },
                "south": {
                    "uv": [
                        6,
                        5,
                        7,
                        6
                    ],
                    "texture": "#0"
                },
                "north": {
                    "uv": [
                        6,
                        4,
                        7,
                        5
                    ],
                    "texture": "#0"
                },
                "west": {
                    "uv": [
                        4,
                        3,
                        8.5,
                        4
                    ],
                    "texture": "#0"
                },
                "up": {
                    "uv": [
                        5,
                        8.5,
                        4,
                        4
                    ],
                    "texture": "#0"
                },
                "down": {
                    "uv": [
                        6,
                        4,
                        5,
                        8.5
                    ],
                    "texture": "#0"
                }
            }
        },
        {
            "from": [
                7,
                1,
                14
            ],
            "to": [
                9,
                3,
                15
            ],
            "faces": {
                "east": {
                    "uv": [
                        7,
                        5,
                        7.5,
                        6
                    ],
                    "texture": "#0"
                },
                "south": {
                    "uv": [
                        7,
                        4,
                        8,
                        5
                    ],
                    "texture": "#0"
                },
                "north": {
                    "uv": [
                        6,
                        6,
                        7,
                        7
                    ],
                    "texture": "#0"
                },
                "west": {
                    "uv": [
                        6,
                        7,
                        6.5,
                        8
                    ],
                    "texture": "#0"
                },
                "up": {
                    "uv": [
                        8,
                        6.5,
                        7,
                        6
                    ],
                    "texture": "#0"
                },
                "down": {
                    "uv": [
                        7.5,
                        7,
                        6.5,
                        7.5
                    ],
                    "texture": "#0"
                }
            }
        },
        {
            "from": [
                4,
                0,
                10
            ],
            "to": [
                12,
                4,
                14
            ],
            "faces": {
                "east": {
                    "uv": [
                        0,
                        6,
                        2,
                        8
                    ],
                    "texture": "#0"
                },
                "south": {
                    "uv": [
                        0,
                        2,
                        4,
                        4
                    ],
                    "texture": "#0"
                },
                "north": {
                    "uv": [
                        0,
                        0,
                        4,
                        2
                    ],
                    "texture": "#0"
                },
                "west": {
                    "uv": [
                        2,
                        6,
                        4,
                        8
                    ],
                    "texture": "#0"
                },
                "up": {
                    "uv": [
                        4,
                        6,
                        0,
                        4
                    ],
                    "texture": "#0"
                },
                "down": {
                    "uv": [
                        8,
                        0,
                        4,
                        2
                    ],
                    "texture": "#0"
                }
            }
        }
    ],
    "display": {
        "head": {
            "rotation": [
                90,
                65,
                0
            ],
            "translation": [
                -2,
                12.75,
                6
            ]
        },
        "firstperson_righthand": {
            "rotation": [
                -130,
                0,
                90
            ],
            "translation": [
                -2,
                2,
                0
            ],
            "scale": [
                0.8,
                0.8,
                0.8
            ]
        },
        "thirdperson_lefthand": {
            "rotation": [
                -90,
                0,
                -90
            ],
            "translation": [
                6,
                1.5,
                1.5
            ]
        },
        "firstperson_lefthand": {
            "rotation": [
                -130,
                0,
                90
            ],
            "translation": [
                -2,
                2,
                0
            ],
            "scale": [
                0.8,
                0.8,
                0.8
            ]
        },
        "thirdperson_righthand": {
            "translation": [
                -8.2,
                -5,
                -2.7
            ],
            "scale": [
                1,
                1,
                1
            ],
            "rotation": [
                75,
                0,
                -10
            ]
        },
        "ground": {"scale": [
            0.5,
            0.5,
            0.5
        ]},
        "gui": {
            "rotation": [
                -70,
                45,
                0
            ],
            "translation": [
                -1,
                1,
                0
            ]
        },
        "fixed": {
            "rotation": [
                -90,
                0,
                0
            ],
            "translation": [
                0,
                0,
                -12.75
            ],
            "scale": [
                1.6,
                1.6,
                1.6
            ]
        }
    },
    "credit": "Made with Blockbench by yungwilder"
}