{
    "gui_light": "front",
    "textures": {"2": "blockmodels/romantic/textures/hanging_flowers2"},
    "texture_size": [
        32,
        32
    ],
    "elements": [{
        "rotation": {
            "origin": [
                8,
                0,
                0
            ],
            "angle": 0,
            "axis": "y"
        },
        "from": [
            0,
            0,
            15
        ],
        "to": [
            16,
            15,
            16
        ],
        "faces": {
            "east": {
                "uv": [
                    8,
                    1,
                    8.5,
                    8.5
                ],
                "texture": "#2"
            },
            "south": {
                "uv": [
                    0,
                    7.5,
                    8,
                    15
                ],
                "texture": "#2"
            },
            "north": {
                "uv": [
                    0,
                    0,
                    8,
                    7.5
                ],
                "texture": "#2"
            },
            "west": {
                "uv": [
                    8.5,
                    1,
                    9,
                    8.5
                ],
                "texture": "#2"
            },
            "up": {
                "uv": [
                    16,
                    0.5,
                    8,
                    0
                ],
                "texture": "#2"
            },
            "down": {
                "uv": [
                    16,
                    0.5,
                    8,
                    1
                ],
                "texture": "#2"
            }
        }
    }],
    "display": {
        "head": {
            "translation": [
                0,
                -14.25,
                0
            ],
            "scale": [
                2.285,
                2.285,
                2.285
            ]
        },
        "firstperson_righthand": {
            "rotation": [
                -1,
                142,
                0
            ],
            "translation": [
                -2.5,
                2.25,
                2.75
            ],
            "scale": [
                0.64844,
                0.64844,
                0.64844
            ]
        },
        "thirdperson_lefthand": {
            "rotation": [
                67,
                14,
                0
            ],
            "translation": [
                -2,
                4.25,
                -1.75
            ],
            "scale": [
                0.61914,
                0.61914,
                0.61914
            ]
        },
        "firstperson_lefthand": {
            "rotation": [
                -1,
                142,
                0
            ],
            "translation": [
                -2.5,
                2.25,
                2.75
            ],
            "scale": [
                0.64844,
                0.64844,
                0.64844
            ]
        },
        "thirdperson_righthand": {
            "translation": [
                -8.2,
                -5,
                -2.7
            ],
            "scale": [
                1,
                1,
                1
            ],
            "rotation": [
                75,
                0,
                -10
            ]
        },
        "ground": {
            "rotation": [
                62,
                0,
                0
            ],
            "translation": [
                0,
                2.25,
                0
            ],
            "scale": [
                0.59766,
                0.59766,
                0.59766
            ]
        },
        "gui": {
            "rotation": [
                -13,
                -163,
                0
            ],
            "translation": [
                2,
                -0.75,
                0
            ],
            "scale": [
                1.03516,
                1.03516,
                1.03516
            ]
        },
        "fixed": {
            "translation": [
                0,
                0.25,
                -14.5
            ],
            "scale": [
                2,
                2,
                2
            ]
        }
    },
    "groups": [{
        "color": 0,
        "children": [0],
        "origin": [
            8,
            0,
            0
        ],
        "name": "flowers"
    }],
    "credit": "Made with Blockbench"
}