{
    "textures": {
        "3": "cosmetics/back/dragon_wings/dragon_wing_1",
        "4": "cosmetics/back/dragon_wings/dragon_wing_2",
        "5": "cosmetics/back/dragon_wings/dragon_wing_3",
        "6": "cosmetics/back/dragon_wings/dragon_wing_4"
    },
    "elements": [
        {
            "rotation": {
                "origin": [
                    8,
                    7.125,
                    23
                ],
                "angle": 0,
                "axis": "z"
            },
            "name": "wing_1",
            "from": [
                -4,
                7.12,
                15
            ],
            "to": [
                6.5,
                7.125,
                32
            ],
            "faces": {
                "east": {
                    "uv": [
                        0,
                        0,
                        0,
                        0
                    ],
                    "texture": "#3"
                },
                "south": {
                    "uv": [
                        0,
                        0,
                        0,
                        0
                    ],
                    "texture": "#3"
                },
                "north": {
                    "uv": [
                        0,
                        0,
                        0,
                        0
                    ],
                    "texture": "#3"
                },
                "west": {
                    "uv": [
                        0,
                        0,
                        0,
                        0
                    ],
                    "texture": "#3"
                },
                "up": {
                    "uv": [
                        14.25,
                        7.75,
                        0.25,
                        14
                    ],
                    "texture": "#3",
                    "rotation": 270
                },
                "down": {
                    "uv": [
                        0.25,
                        7.75,
                        14.25,
                        14
                    ],
                    "texture": "#3",
                    "rotation": 270
                }
            }
        },
        {
            "rotation": {
                "origin": [
                    8,
                    7.125,
                    23
                ],
                "angle": 22.5,
                "axis": "z"
            },
            "name": "wing_1",
            "from": [
                -14.45482,
                11.71721,
                15
            ],
            "to": [
                -3.08655,
                11.72221,
                32
            ],
            "faces": {
                "east": {
                    "uv": [
                        0,
                        0,
                        0,
                        0
                    ],
                    "texture": "#3"
                },
                "south": {
                    "uv": [
                        0,
                        0,
                        0,
                        0
                    ],
                    "texture": "#3"
                },
                "north": {
                    "uv": [
                        0,
                        0,
                        0,
                        0
                    ],
                    "texture": "#3"
                },
                "west": {
                    "uv": [
                        0,
                        0,
                        0,
                        0
                    ],
                    "texture": "#3"
                },
                "up": {
                    "uv": [
                        14.25,
                        0.25,
                        0.25,
                        7.75
                    ],
                    "texture": "#3",
                    "rotation": 270
                },
                "down": {
                    "uv": [
                        0.25,
                        0.25,
                        14.25,
                        7.75
                    ],
                    "texture": "#3",
                    "rotation": 270
                }
            }
        },
        {
            "rotation": {
                "origin": [
                    8,
                    7.125,
                    23
                ],
                "angle": 0,
                "axis": "z"
            },
            "name": "wing_8",
            "from": [
                -4,
                6.62,
                14.125
            ],
            "to": [
                6.5,
                7.625,
                15.125
            ],
            "faces": {
                "east": {
                    "uv": [
                        14.5,
                        14,
                        15.5,
                        13
                    ],
                    "texture": "#3",
                    "rotation": 270
                },
                "south": {
                    "uv": [
                        14.5,
                        14,
                        15.5,
                        7.75
                    ],
                    "texture": "#3",
                    "rotation": 270
                },
                "north": {
                    "uv": [
                        14.5,
                        14,
                        15.5,
                        7.75
                    ],
                    "texture": "#3",
                    "rotation": 270
                },
                "west": {
                    "uv": [
                        14.5,
                        14,
                        15.5,
                        13
                    ],
                    "texture": "#3",
                    "rotation": 270
                },
                "up": {
                    "uv": [
                        15.5,
                        7.75,
                        14.5,
                        14
                    ],
                    "texture": "#3",
                    "rotation": 270
                },
                "down": {
                    "uv": [
                        15.5,
                        7.75,
                        14.5,
                        14
                    ],
                    "texture": "#3",
                    "rotation": 270
                }
            }
        },
        {
            "rotation": {
                "origin": [
                    8,
                    7.125,
                    23
                ],
                "angle": 22.5,
                "axis": "z"
            },
            "name": "wing_9",
            "from": [
                -14.82337,
                11.29914,
                14.25
            ],
            "to": [
                -2.89521,
                12.05414,
                15
            ],
            "faces": {
                "east": {
                    "uv": [
                        14.5,
                        14,
                        15.5,
                        13
                    ],
                    "texture": "#3",
                    "rotation": 270
                },
                "south": {
                    "uv": [
                        14.75,
                        7.75,
                        15.25,
                        0.5
                    ],
                    "texture": "#3",
                    "rotation": 270
                },
                "north": {
                    "uv": [
                        14.75,
                        7.75,
                        15.25,
                        0.5
                    ],
                    "texture": "#3",
                    "rotation": 270
                },
                "west": {
                    "uv": [
                        14.75,
                        1,
                        15.25,
                        0.5
                    ],
                    "texture": "#3",
                    "rotation": 270
                },
                "up": {
                    "uv": [
                        15.25,
                        0.5,
                        14.75,
                        7.75
                    ],
                    "texture": "#3",
                    "rotation": 270
                },
                "down": {
                    "uv": [
                        15.25,
                        0.5,
                        14.75,
                        7.75
                    ],
                    "texture": "#3",
                    "rotation": 270
                }
            }
        },
        {
            "rotation": {
                "origin": [
                    8,
                    7.125,
                    23
                ],
                "angle": -45,
                "axis": "z"
            },
            "name": "wing_2",
            "from": [
                -3.56066,
                6.05934,
                15
            ],
            "to": [
                6.93934,
                6.06434,
                32
            ],
            "faces": {
                "east": {
                    "uv": [
                        0,
                        0,
                        0,
                        0
                    ],
                    "texture": "#4"
                },
                "south": {
                    "uv": [
                        0,
                        0,
                        0,
                        0
                    ],
                    "texture": "#4"
                },
                "north": {
                    "uv": [
                        0,
                        0,
                        0,
                        0
                    ],
                    "texture": "#4"
                },
                "west": {
                    "uv": [
                        0,
                        0,
                        0,
                        0
                    ],
                    "texture": "#4"
                },
                "up": {
                    "uv": [
                        14.25,
                        7.75,
                        0.25,
                        14
                    ],
                    "texture": "#4",
                    "rotation": 270
                },
                "down": {
                    "uv": [
                        0.25,
                        7.75,
                        14.25,
                        14
                    ],
                    "texture": "#4",
                    "rotation": 270
                }
            }
        },
        {
            "rotation": {
                "origin": [
                    8,
                    7.125,
                    23
                ],
                "angle": -22.5,
                "axis": "z"
            },
            "name": "wing_2",
            "from": [
                -14.45553,
                10.56915,
                15
            ],
            "to": [
                -3.08655,
                10.57415,
                32
            ],
            "faces": {
                "east": {
                    "uv": [
                        0,
                        0,
                        0,
                        0
                    ],
                    "texture": "#4"
                },
                "south": {
                    "uv": [
                        0,
                        0,
                        0,
                        0
                    ],
                    "texture": "#4"
                },
                "north": {
                    "uv": [
                        0,
                        0,
                        0,
                        0
                    ],
                    "texture": "#4"
                },
                "west": {
                    "uv": [
                        0,
                        0,
                        0,
                        0
                    ],
                    "texture": "#4"
                },
                "up": {
                    "uv": [
                        14.25,
                        0.25,
                        0.25,
                        7.75
                    ],
                    "texture": "#4",
                    "rotation": 270
                },
                "down": {
                    "uv": [
                        0.25,
                        0.25,
                        14.25,
                        7.75
                    ],
                    "texture": "#4",
                    "rotation": 270
                }
            }
        },
        {
            "rotation": {
                "origin": [
                    8,
                    7.125,
                    23
                ],
                "angle": 45,
                "axis": "z"
            },
            "name": "wing_7",
            "from": [
                6.43434,
                8.18566,
                14.125
            ],
            "to": [
                7.43934,
                18.68566,
                15.125
            ],
            "faces": {
                "east": {
                    "uv": [
                        15.5,
                        7.75,
                        14.5,
                        14
                    ],
                    "texture": "#4"
                },
                "south": {
                    "uv": [
                        15.5,
                        7.75,
                        14.5,
                        14
                    ],
                    "texture": "#4",
                    "rotation": 180
                },
                "north": {
                    "uv": [
                        15.5,
                        7.75,
                        14.5,
                        14
                    ],
                    "texture": "#4"
                },
                "west": {
                    "uv": [
                        15.5,
                        7.75,
                        14.5,
                        14
                    ],
                    "texture": "#4"
                },
                "up": {
                    "uv": [
                        14.5,
                        14,
                        15.5,
                        13
                    ],
                    "texture": "#4"
                },
                "down": {
                    "uv": [
                        14.5,
                        14,
                        15.5,
                        13
                    ],
                    "texture": "#4"
                }
            }
        },
        {
            "rotation": {
                "origin": [
                    8,
                    7.125,
                    23
                ],
                "angle": -22.5,
                "axis": "z"
            },
            "name": "wing_8",
            "from": [
                -14.82337,
                10.15109,
                14.25
            ],
            "to": [
                -2.89521,
                10.90609,
                15
            ],
            "faces": {
                "east": {
                    "uv": [
                        14.5,
                        14,
                        15.5,
                        13
                    ],
                    "texture": "#4",
                    "rotation": 270
                },
                "south": {
                    "uv": [
                        14.75,
                        7.75,
                        15.25,
                        0.5
                    ],
                    "texture": "#4",
                    "rotation": 270
                },
                "north": {
                    "uv": [
                        14.75,
                        7.75,
                        15.25,
                        0.5
                    ],
                    "texture": "#4",
                    "rotation": 270
                },
                "west": {
                    "uv": [
                        14.75,
                        1,
                        15.25,
                        0.5
                    ],
                    "texture": "#4",
                    "rotation": 270
                },
                "up": {
                    "uv": [
                        15.25,
                        0.5,
                        14.75,
                        7.75
                    ],
                    "texture": "#4",
                    "rotation": 270
                },
                "down": {
                    "uv": [
                        15.25,
                        0.5,
                        14.75,
                        7.75
                    ],
                    "texture": "#4",
                    "rotation": 270
                }
            }
        },
        {
            "rotation": {
                "origin": [
                    8,
                    7.125,
                    23
                ],
                "angle": 22.5,
                "axis": "z"
            },
            "name": "wing_3",
            "from": [
                6.60918,
                18.19903,
                15
            ],
            "to": [
                6.61418,
                29.5673,
                32
            ],
            "faces": {
                "east": {
                    "uv": [
                        14.25,
                        0.25,
                        0.25,
                        7.75
                    ],
                    "texture": "#5"
                },
                "south": {
                    "uv": [
                        0,
                        0,
                        0,
                        0
                    ],
                    "texture": "#5"
                },
                "north": {
                    "uv": [
                        0,
                        0,
                        0,
                        0
                    ],
                    "texture": "#5"
                },
                "west": {
                    "uv": [
                        0.25,
                        0.25,
                        14.25,
                        7.75
                    ],
                    "texture": "#5"
                },
                "up": {
                    "uv": [
                        0,
                        0,
                        0,
                        0
                    ],
                    "texture": "#5"
                },
                "down": {
                    "uv": [
                        0,
                        0,
                        0,
                        0
                    ],
                    "texture": "#5"
                }
            }
        },
        {
            "rotation": {
                "origin": [
                    8,
                    7.125,
                    23
                ],
                "angle": 22.5,
                "axis": "z"
            },
            "name": "wing_3",
            "from": [
                6.60918,
                7.69903,
                15
            ],
            "to": [
                6.61418,
                18.19903,
                32
            ],
            "faces": {
                "east": {
                    "uv": [
                        14.25,
                        7.75,
                        0.25,
                        14
                    ],
                    "texture": "#5"
                },
                "south": {
                    "uv": [
                        0,
                        0,
                        0,
                        0
                    ],
                    "texture": "#5"
                },
                "north": {
                    "uv": [
                        0,
                        0,
                        0,
                        0
                    ],
                    "texture": "#5"
                },
                "west": {
                    "uv": [
                        0.25,
                        7.75,
                        14.25,
                        14
                    ],
                    "texture": "#5"
                },
                "up": {
                    "uv": [
                        0,
                        0,
                        0,
                        0
                    ],
                    "texture": "#5"
                },
                "down": {
                    "uv": [
                        0,
                        0,
                        0,
                        0
                    ],
                    "texture": "#5"
                }
            }
        },
        {
            "rotation": {
                "origin": [
                    8,
                    7.125,
                    23
                ],
                "angle": 22.5,
                "axis": "z"
            },
            "name": "wing_6",
            "from": [
                6.10918,
                7.69903,
                14.125
            ],
            "to": [
                7.11418,
                18.19903,
                15.125
            ],
            "faces": {
                "east": {
                    "uv": [
                        15.5,
                        7.75,
                        14.5,
                        14
                    ],
                    "texture": "#5"
                },
                "south": {
                    "uv": [
                        15.5,
                        7.75,
                        14.5,
                        14
                    ],
                    "texture": "#5",
                    "rotation": 180
                },
                "north": {
                    "uv": [
                        15.5,
                        7.75,
                        14.5,
                        14
                    ],
                    "texture": "#5"
                },
                "west": {
                    "uv": [
                        15.5,
                        7.75,
                        14.5,
                        14
                    ],
                    "texture": "#5"
                },
                "up": {
                    "uv": [
                        14.5,
                        14,
                        15.5,
                        13
                    ],
                    "texture": "#5"
                },
                "down": {
                    "uv": [
                        14.5,
                        14,
                        15.5,
                        13
                    ],
                    "texture": "#5"
                }
            }
        },
        {
            "rotation": {
                "origin": [
                    8,
                    7.125,
                    23
                ],
                "angle": 22.5,
                "axis": "z"
            },
            "name": "wing_7",
            "from": [
                6.23418,
                18.19903,
                14.25
            ],
            "to": [
                6.98918,
                30.12718,
                15
            ],
            "faces": {
                "east": {
                    "uv": [
                        15.25,
                        0.5,
                        14.75,
                        7.75
                    ],
                    "texture": "#5"
                },
                "south": {
                    "uv": [
                        15.25,
                        0.5,
                        14.75,
                        7.75
                    ],
                    "texture": "#5",
                    "rotation": 180
                },
                "north": {
                    "uv": [
                        15.25,
                        0.5,
                        14.75,
                        7.75
                    ],
                    "texture": "#5"
                },
                "west": {
                    "uv": [
                        15.25,
                        0.5,
                        14.75,
                        7.75
                    ],
                    "texture": "#5"
                },
                "up": {
                    "uv": [
                        14.75,
                        1,
                        15.25,
                        0.5
                    ],
                    "texture": "#5"
                },
                "down": {
                    "uv": [
                        14.5,
                        14,
                        15.5,
                        13
                    ],
                    "texture": "#5"
                }
            }
        },
        {
            "rotation": {
                "origin": [
                    8,
                    7.125,
                    23
                ],
                "angle": -45,
                "axis": "z"
            },
            "name": "wing_4",
            "from": [
                -11.85426,
                -1.36528,
                15
            ],
            "to": [
                -0.48528,
                -1.36028,
                32
            ],
            "faces": {
                "east": {
                    "uv": [
                        0,
                        0,
                        0,
                        0
                    ],
                    "texture": "#6"
                },
                "south": {
                    "uv": [
                        0,
                        0,
                        0,
                        0
                    ],
                    "texture": "#6"
                },
                "north": {
                    "uv": [
                        0,
                        0,
                        0,
                        0
                    ],
                    "texture": "#6"
                },
                "west": {
                    "uv": [
                        0,
                        0,
                        0,
                        0
                    ],
                    "texture": "#6"
                },
                "up": {
                    "uv": [
                        14.25,
                        0.25,
                        0.25,
                        7.75
                    ],
                    "texture": "#6",
                    "rotation": 270
                },
                "down": {
                    "uv": [
                        0.25,
                        0.25,
                        14.25,
                        7.75
                    ],
                    "texture": "#6",
                    "rotation": 270
                }
            }
        },
        {
            "rotation": {
                "origin": [
                    8,
                    7.125,
                    23
                ],
                "angle": 0,
                "axis": "y"
            },
            "name": "wing_4",
            "from": [
                -4,
                7.12,
                15
            ],
            "to": [
                6.5,
                7.125,
                32
            ],
            "faces": {
                "east": {
                    "uv": [
                        0,
                        0,
                        0,
                        0
                    ],
                    "texture": "#6"
                },
                "south": {
                    "uv": [
                        0,
                        0,
                        0,
                        0
                    ],
                    "texture": "#6"
                },
                "north": {
                    "uv": [
                        0,
                        0,
                        0,
                        0
                    ],
                    "texture": "#6"
                },
                "west": {
                    "uv": [
                        0,
                        0,
                        0,
                        0
                    ],
                    "texture": "#6"
                },
                "up": {
                    "uv": [
                        14.25,
                        7.75,
                        0.25,
                        14
                    ],
                    "texture": "#6",
                    "rotation": 270
                },
                "down": {
                    "uv": [
                        0.25,
                        7.75,
                        14.25,
                        14
                    ],
                    "texture": "#6",
                    "rotation": 270
                }
            }
        },
        {
            "rotation": {
                "origin": [
                    8,
                    7.125,
                    23
                ],
                "angle": 0,
                "axis": "y"
            },
            "name": "wing_5",
            "from": [
                -4,
                6.62,
                14.125
            ],
            "to": [
                6.5,
                7.625,
                15.125
            ],
            "faces": {
                "east": {
                    "uv": [
                        14.5,
                        14,
                        15.5,
                        13
                    ],
                    "texture": "#6",
                    "rotation": 270
                },
                "south": {
                    "uv": [
                        14.5,
                        14,
                        15.5,
                        7.75
                    ],
                    "texture": "#6",
                    "rotation": 270
                },
                "north": {
                    "uv": [
                        14.5,
                        14,
                        15.5,
                        7.75
                    ],
                    "texture": "#6",
                    "rotation": 270
                },
                "west": {
                    "uv": [
                        14.5,
                        14,
                        15.5,
                        13
                    ],
                    "texture": "#6",
                    "rotation": 270
                },
                "up": {
                    "uv": [
                        15.5,
                        7.75,
                        14.5,
                        14
                    ],
                    "texture": "#6",
                    "rotation": 270
                },
                "down": {
                    "uv": [
                        15.5,
                        7.75,
                        14.5,
                        14
                    ],
                    "texture": "#6",
                    "rotation": 270
                }
            }
        },
        {
            "rotation": {
                "origin": [
                    8,
                    7.125,
                    23
                ],
                "angle": -45,
                "axis": "z"
            },
            "name": "wing_6",
            "from": [
                -12.05635,
                -1.59237,
                14.25
            ],
            "to": [
                -0.12819,
                -0.83737,
                15
            ],
            "faces": {
                "east": {
                    "uv": [
                        14.5,
                        14,
                        15.5,
                        13
                    ],
                    "texture": "#6",
                    "rotation": 270
                },
                "south": {
                    "uv": [
                        14.75,
                        7.75,
                        15.25,
                        0.5
                    ],
                    "texture": "#6",
                    "rotation": 270
                },
                "north": {
                    "uv": [
                        14.75,
                        7.75,
                        15.25,
                        0.5
                    ],
                    "texture": "#6",
                    "rotation": 270
                },
                "west": {
                    "uv": [
                        14.75,
                        1,
                        15.25,
                        0.5
                    ],
                    "texture": "#6",
                    "rotation": 270
                },
                "up": {
                    "uv": [
                        15.25,
                        0.5,
                        14.75,
                        7.75
                    ],
                    "texture": "#6",
                    "rotation": 270
                },
                "down": {
                    "uv": [
                        15.25,
                        0.5,
                        14.75,
                        7.75
                    ],
                    "texture": "#6",
                    "rotation": 270
                }
            }
        },
        {
            "rotation": {
                "origin": [
                    8,
                    7.125,
                    23
                ],
                "angle": 0,
                "axis": "z"
            },
            "name": "wing_2",
            "from": [
                9.5,
                7.12,
                15
            ],
            "to": [
                20,
                7.125,
                32
            ],
            "faces": {
                "east": {
                    "uv": [
                        0,
                        0,
                        0,
                        0
                    ],
                    "texture": "#3"
                },
                "south": {
                    "uv": [
                        0,
                        0,
                        0,
                        0
                    ],
                    "texture": "#3"
                },
                "north": {
                    "uv": [
                        0,
                        0,
                        0,
                        0
                    ],
                    "texture": "#3"
                },
                "west": {
                    "uv": [
                        0,
                        0,
                        0,
                        0
                    ],
                    "texture": "#3"
                },
                "up": {
                    "uv": [
                        14.25,
                        14,
                        0.25,
                        7.75
                    ],
                    "texture": "#3",
                    "rotation": 270
                },
                "down": {
                    "uv": [
                        0.25,
                        14,
                        14.25,
                        7.75
                    ],
                    "texture": "#3",
                    "rotation": 270
                }
            }
        },
        {
            "rotation": {
                "origin": [
                    8,
                    7.125,
                    23
                ],
                "angle": -22.5,
                "axis": "z"
            },
            "name": "wing_2",
            "from": [
                19.08655,
                11.71721,
                15
            ],
            "to": [
                30.45482,
                11.72221,
                32
            ],
            "faces": {
                "east": {
                    "uv": [
                        0,
                        0,
                        0,
                        0
                    ],
                    "texture": "#3"
                },
                "south": {
                    "uv": [
                        0,
                        0,
                        0,
                        0
                    ],
                    "texture": "#3"
                },
                "north": {
                    "uv": [
                        0,
                        0,
                        0,
                        0
                    ],
                    "texture": "#3"
                },
                "west": {
                    "uv": [
                        0,
                        0,
                        0,
                        0
                    ],
                    "texture": "#3"
                },
                "up": {
                    "uv": [
                        14.25,
                        7.75,
                        0.25,
                        0.25
                    ],
                    "texture": "#3",
                    "rotation": 270
                },
                "down": {
                    "uv": [
                        0.25,
                        7.75,
                        14.25,
                        0.25
                    ],
                    "texture": "#3",
                    "rotation": 270
                }
            }
        },
        {
            "rotation": {
                "origin": [
                    8,
                    7.125,
                    23
                ],
                "angle": 0,
                "axis": "z"
            },
            "name": "wing_9",
            "from": [
                9.5,
                6.62,
                14.125
            ],
            "to": [
                20,
                7.625,
                15.125
            ],
            "faces": {
                "east": {
                    "uv": [
                        14.5,
                        13,
                        15.5,
                        14
                    ],
                    "texture": "#3",
                    "rotation": 270
                },
                "south": {
                    "uv": [
                        14.5,
                        7.75,
                        15.5,
                        14
                    ],
                    "texture": "#3",
                    "rotation": 270
                },
                "north": {
                    "uv": [
                        14.5,
                        7.75,
                        15.5,
                        14
                    ],
                    "texture": "#3",
                    "rotation": 270
                },
                "west": {
                    "uv": [
                        14.5,
                        13,
                        15.5,
                        14
                    ],
                    "texture": "#3",
                    "rotation": 270
                },
                "up": {
                    "uv": [
                        15.5,
                        14,
                        14.5,
                        7.75
                    ],
                    "texture": "#3",
                    "rotation": 270
                },
                "down": {
                    "uv": [
                        15.5,
                        14,
                        14.5,
                        7.75
                    ],
                    "texture": "#3",
                    "rotation": 270
                }
            }
        },
        {
            "rotation": {
                "origin": [
                    8,
                    7.125,
                    23
                ],
                "angle": -22.5,
                "axis": "z"
            },
            "name": "wing_10",
            "from": [
                18.89521,
                11.29914,
                14.25
            ],
            "to": [
                30.82337,
                12.05414,
                15
            ],
            "faces": {
                "east": {
                    "uv": [
                        14.75,
                        0.5,
                        15.25,
                        1
                    ],
                    "texture": "#3",
                    "rotation": 270
                },
                "south": {
                    "uv": [
                        14.75,
                        0.5,
                        15.25,
                        7.75
                    ],
                    "texture": "#3",
                    "rotation": 270
                },
                "north": {
                    "uv": [
                        14.75,
                        0.5,
                        15.25,
                        7.75
                    ],
                    "texture": "#3",
                    "rotation": 270
                },
                "west": {
                    "uv": [
                        14.5,
                        13,
                        15.5,
                        14
                    ],
                    "texture": "#3",
                    "rotation": 270
                },
                "up": {
                    "uv": [
                        15.25,
                        7.75,
                        14.75,
                        0.5
                    ],
                    "texture": "#3",
                    "rotation": 270
                },
                "down": {
                    "uv": [
                        15.25,
                        7.75,
                        14.75,
                        0.5
                    ],
                    "texture": "#3",
                    "rotation": 270
                }
            }
        },
        {
            "rotation": {
                "origin": [
                    8,
                    7.125,
                    23
                ],
                "angle": 45,
                "axis": "z"
            },
            "name": "wing_3",
            "from": [
                9.06066,
                6.05934,
                15
            ],
            "to": [
                19.56066,
                6.06434,
                32
            ],
            "faces": {
                "east": {
                    "uv": [
                        0,
                        0,
                        0,
                        0
                    ],
                    "texture": "#4"
                },
                "south": {
                    "uv": [
                        0,
                        0,
                        0,
                        0
                    ],
                    "texture": "#4"
                },
                "north": {
                    "uv": [
                        0,
                        0,
                        0,
                        0
                    ],
                    "texture": "#4"
                },
                "west": {
                    "uv": [
                        0,
                        0,
                        0,
                        0
                    ],
                    "texture": "#4"
                },
                "up": {
                    "uv": [
                        14.25,
                        14,
                        0.25,
                        7.75
                    ],
                    "texture": "#4",
                    "rotation": 270
                },
                "down": {
                    "uv": [
                        0.25,
                        14,
                        14.25,
                        7.75
                    ],
                    "texture": "#4",
                    "rotation": 270
                }
            }
        },
        {
            "rotation": {
                "origin": [
                    8,
                    7.125,
                    23
                ],
                "angle": 22.5,
                "axis": "z"
            },
            "name": "wing_3",
            "from": [
                19.08655,
                10.56915,
                15
            ],
            "to": [
                30.45553,
                10.57415,
                32
            ],
            "faces": {
                "east": {
                    "uv": [
                        0,
                        0,
                        0,
                        0
                    ],
                    "texture": "#4"
                },
                "south": {
                    "uv": [
                        0,
                        0,
                        0,
                        0
                    ],
                    "texture": "#4"
                },
                "north": {
                    "uv": [
                        0,
                        0,
                        0,
                        0
                    ],
                    "texture": "#4"
                },
                "west": {
                    "uv": [
                        0,
                        0,
                        0,
                        0
                    ],
                    "texture": "#4"
                },
                "up": {
                    "uv": [
                        14.25,
                        7.75,
                        0.25,
                        0.25
                    ],
                    "texture": "#4",
                    "rotation": 270
                },
                "down": {
                    "uv": [
                        0.25,
                        7.75,
                        14.25,
                        0.25
                    ],
                    "texture": "#4",
                    "rotation": 270
                }
            }
        },
        {
            "rotation": {
                "origin": [
                    8,
                    7.125,
                    23
                ],
                "angle": -45,
                "axis": "z"
            },
            "name": "wing_8",
            "from": [
                8.56066,
                8.18566,
                14.125
            ],
            "to": [
                9.56566,
                18.68566,
                15.125
            ],
            "faces": {
                "east": {
                    "uv": [
                        14.5,
                        7.75,
                        15.5,
                        14
                    ],
                    "texture": "#4"
                },
                "south": {
                    "uv": [
                        14.5,
                        7.75,
                        15.5,
                        14
                    ],
                    "texture": "#4",
                    "rotation": 180
                },
                "north": {
                    "uv": [
                        14.5,
                        7.75,
                        15.5,
                        14
                    ],
                    "texture": "#4"
                },
                "west": {
                    "uv": [
                        14.5,
                        7.75,
                        15.5,
                        14
                    ],
                    "texture": "#4"
                },
                "up": {
                    "uv": [
                        15.5,
                        14,
                        14.5,
                        13
                    ],
                    "texture": "#4"
                },
                "down": {
                    "uv": [
                        15.5,
                        14,
                        14.5,
                        13
                    ],
                    "texture": "#4"
                }
            }
        },
        {
            "rotation": {
                "origin": [
                    8,
                    7.125,
                    23
                ],
                "angle": 22.5,
                "axis": "z"
            },
            "name": "wing_9",
            "from": [
                18.89521,
                10.15109,
                14.25
            ],
            "to": [
                30.82337,
                10.90609,
                15
            ],
            "faces": {
                "east": {
                    "uv": [
                        14.75,
                        0.5,
                        15.25,
                        1
                    ],
                    "texture": "#4",
                    "rotation": 270
                },
                "south": {
                    "uv": [
                        14.75,
                        0.5,
                        15.25,
                        7.75
                    ],
                    "texture": "#4",
                    "rotation": 270
                },
                "north": {
                    "uv": [
                        14.75,
                        0.5,
                        15.25,
                        7.75
                    ],
                    "texture": "#4",
                    "rotation": 270
                },
                "west": {
                    "uv": [
                        14.5,
                        13,
                        15.5,
                        14
                    ],
                    "texture": "#4",
                    "rotation": 270
                },
                "up": {
                    "uv": [
                        15.25,
                        7.75,
                        14.75,
                        0.5
                    ],
                    "texture": "#4",
                    "rotation": 270
                },
                "down": {
                    "uv": [
                        15.25,
                        7.75,
                        14.75,
                        0.5
                    ],
                    "texture": "#4",
                    "rotation": 270
                }
            }
        },
        {
            "rotation": {
                "origin": [
                    8,
                    7.125,
                    23
                ],
                "angle": -22.5,
                "axis": "z"
            },
            "name": "wing_4",
            "from": [
                9.38582,
                18.19903,
                15
            ],
            "to": [
                9.39082,
                29.5673,
                32
            ],
            "faces": {
                "east": {
                    "uv": [
                        14.25,
                        0.25,
                        0.25,
                        7.75
                    ],
                    "texture": "#5"
                },
                "south": {
                    "uv": [
                        0,
                        0,
                        0,
                        0
                    ],
                    "texture": "#5"
                },
                "north": {
                    "uv": [
                        0,
                        0,
                        0,
                        0
                    ],
                    "texture": "#5"
                },
                "west": {
                    "uv": [
                        0.25,
                        0.25,
                        14.25,
                        7.75
                    ],
                    "texture": "#5"
                },
                "up": {
                    "uv": [
                        0,
                        0,
                        0,
                        0
                    ],
                    "texture": "#5"
                },
                "down": {
                    "uv": [
                        0,
                        0,
                        0,
                        0
                    ],
                    "texture": "#5"
                }
            }
        },
        {
            "rotation": {
                "origin": [
                    8,
                    7.125,
                    23
                ],
                "angle": -22.5,
                "axis": "z"
            },
            "name": "wing_4",
            "from": [
                9.38582,
                7.69903,
                15
            ],
            "to": [
                9.39082,
                18.19903,
                32
            ],
            "faces": {
                "east": {
                    "uv": [
                        14.25,
                        7.75,
                        0.25,
                        14
                    ],
                    "texture": "#5"
                },
                "south": {
                    "uv": [
                        0,
                        0,
                        0,
                        0
                    ],
                    "texture": "#5"
                },
                "north": {
                    "uv": [
                        0,
                        0,
                        0,
                        0
                    ],
                    "texture": "#5"
                },
                "west": {
                    "uv": [
                        0.25,
                        7.75,
                        14.25,
                        14
                    ],
                    "texture": "#5"
                },
                "up": {
                    "uv": [
                        0,
                        0,
                        0,
                        0
                    ],
                    "texture": "#5"
                },
                "down": {
                    "uv": [
                        0,
                        0,
                        0,
                        0
                    ],
                    "texture": "#5"
                }
            }
        },
        {
            "rotation": {
                "origin": [
                    8,
                    7.125,
                    23
                ],
                "angle": -22.5,
                "axis": "z"
            },
            "name": "wing_7",
            "from": [
                8.88582,
                7.69903,
                14.125
            ],
            "to": [
                9.89082,
                18.19903,
                15.125
            ],
            "faces": {
                "east": {
                    "uv": [
                        14.5,
                        7.75,
                        15.5,
                        14
                    ],
                    "texture": "#5"
                },
                "south": {
                    "uv": [
                        14.5,
                        7.75,
                        15.5,
                        14
                    ],
                    "texture": "#5",
                    "rotation": 180
                },
                "north": {
                    "uv": [
                        14.5,
                        7.75,
                        15.5,
                        14
                    ],
                    "texture": "#5"
                },
                "west": {
                    "uv": [
                        14.5,
                        7.75,
                        15.5,
                        14
                    ],
                    "texture": "#5"
                },
                "up": {
                    "uv": [
                        15.5,
                        14,
                        14.5,
                        13
                    ],
                    "texture": "#5"
                },
                "down": {
                    "uv": [
                        15.5,
                        14,
                        14.5,
                        13
                    ],
                    "texture": "#5"
                }
            }
        },
        {
            "rotation": {
                "origin": [
                    8,
                    7.125,
                    23
                ],
                "angle": -22.5,
                "axis": "z"
            },
            "name": "wing_8",
            "from": [
                9.01082,
                18.19903,
                14.25
            ],
            "to": [
                9.76582,
                30.12718,
                15
            ],
            "faces": {
                "east": {
                    "uv": [
                        14.75,
                        0.5,
                        15.25,
                        7.75
                    ],
                    "texture": "#5"
                },
                "south": {
                    "uv": [
                        14.75,
                        0.5,
                        15.25,
                        7.75
                    ],
                    "texture": "#5",
                    "rotation": 180
                },
                "north": {
                    "uv": [
                        14.75,
                        0.5,
                        15.25,
                        7.75
                    ],
                    "texture": "#5"
                },
                "west": {
                    "uv": [
                        14.75,
                        0.5,
                        15.25,
                        7.75
                    ],
                    "texture": "#5"
                },
                "up": {
                    "uv": [
                        15.25,
                        1,
                        14.75,
                        0.5
                    ],
                    "texture": "#5"
                },
                "down": {
                    "uv": [
                        15.5,
                        14,
                        14.5,
                        13
                    ],
                    "texture": "#5"
                }
            }
        },
        {
            "rotation": {
                "origin": [
                    8,
                    7.125,
                    23
                ],
                "angle": 45,
                "axis": "z"
            },
            "name": "wing_5",
            "from": [
                16.48528,
                -1.36528,
                15
            ],
            "to": [
                27.85426,
                -1.36028,
                32
            ],
            "faces": {
                "east": {
                    "uv": [
                        0,
                        0,
                        0,
                        0
                    ],
                    "texture": "#6"
                },
                "south": {
                    "uv": [
                        0,
                        0,
                        0,
                        0
                    ],
                    "texture": "#6"
                },
                "north": {
                    "uv": [
                        0,
                        0,
                        0,
                        0
                    ],
                    "texture": "#6"
                },
                "west": {
                    "uv": [
                        0,
                        0,
                        0,
                        0
                    ],
                    "texture": "#6"
                },
                "up": {
                    "uv": [
                        14.25,
                        7.75,
                        0.25,
                        0.25
                    ],
                    "texture": "#6",
                    "rotation": 270
                },
                "down": {
                    "uv": [
                        0.25,
                        7.75,
                        14.25,
                        0.25
                    ],
                    "texture": "#6",
                    "rotation": 270
                }
            }
        },
        {
            "rotation": {
                "origin": [
                    8,
                    7.125,
                    23
                ],
                "angle": 0,
                "axis": "y"
            },
            "name": "wing_5",
            "from": [
                9.5,
                7.12,
                15
            ],
            "to": [
                20,
                7.125,
                32
            ],
            "faces": {
                "east": {
                    "uv": [
                        0,
                        0,
                        0,
                        0
                    ],
                    "texture": "#6"
                },
                "south": {
                    "uv": [
                        0,
                        0,
                        0,
                        0
                    ],
                    "texture": "#6"
                },
                "north": {
                    "uv": [
                        0,
                        0,
                        0,
                        0
                    ],
                    "texture": "#6"
                },
                "west": {
                    "uv": [
                        0,
                        0,
                        0,
                        0
                    ],
                    "texture": "#6"
                },
                "up": {
                    "uv": [
                        14.25,
                        14,
                        0.25,
                        7.75
                    ],
                    "texture": "#6",
                    "rotation": 270
                },
                "down": {
                    "uv": [
                        0.25,
                        14,
                        14.25,
                        7.75
                    ],
                    "texture": "#6",
                    "rotation": 270
                }
            }
        },
        {
            "rotation": {
                "origin": [
                    8,
                    7.125,
                    23
                ],
                "angle": 0,
                "axis": "y"
            },
            "name": "wing_6",
            "from": [
                9.5,
                6.62,
                14.125
            ],
            "to": [
                20,
                7.625,
                15.125
            ],
            "faces": {
                "east": {
                    "uv": [
                        14.5,
                        13,
                        15.5,
                        14
                    ],
                    "texture": "#6",
                    "rotation": 270
                },
                "south": {
                    "uv": [
                        14.5,
                        7.75,
                        15.5,
                        14
                    ],
                    "texture": "#6",
                    "rotation": 270
                },
                "north": {
                    "uv": [
                        14.5,
                        7.75,
                        15.5,
                        14
                    ],
                    "texture": "#6",
                    "rotation": 270
                },
                "west": {
                    "uv": [
                        14.5,
                        13,
                        15.5,
                        14
                    ],
                    "texture": "#6",
                    "rotation": 270
                },
                "up": {
                    "uv": [
                        15.5,
                        14,
                        14.5,
                        7.75
                    ],
                    "texture": "#6",
                    "rotation": 270
                },
                "down": {
                    "uv": [
                        15.5,
                        14,
                        14.5,
                        7.75
                    ],
                    "texture": "#6",
                    "rotation": 270
                }
            }
        },
        {
            "rotation": {
                "origin": [
                    8,
                    7.125,
                    23
                ],
                "angle": 45,
                "axis": "z"
            },
            "name": "wing_7",
            "from": [
                16.12819,
                -1.59237,
                14.25
            ],
            "to": [
                28.05635,
                -0.83737,
                15
            ],
            "faces": {
                "east": {
                    "uv": [
                        14.75,
                        0.5,
                        15.25,
                        1
                    ],
                    "texture": "#6",
                    "rotation": 270
                },
                "south": {
                    "uv": [
                        14.75,
                        0.5,
                        15.25,
                        7.75
                    ],
                    "texture": "#6",
                    "rotation": 270
                },
                "north": {
                    "uv": [
                        14.75,
                        0.5,
                        15.25,
                        7.75
                    ],
                    "texture": "#6",
                    "rotation": 270
                },
                "west": {
                    "uv": [
                        14.5,
                        13,
                        15.5,
                        14
                    ],
                    "texture": "#6",
                    "rotation": 270
                },
                "up": {
                    "uv": [
                        15.25,
                        7.75,
                        14.75,
                        0.5
                    ],
                    "texture": "#6",
                    "rotation": 270
                },
                "down": {
                    "uv": [
                        15.25,
                        7.75,
                        14.75,
                        0.5
                    ],
                    "texture": "#6",
                    "rotation": 270
                }
            }
        }
    ],
    "display": {
        "head": {
            "rotation": [
                90,
                0,
                0
            ],
            "translation": [
                0,
                -18,
                5.25
            ],
            "scale": [
                1.5,
                1.5,
                1.5
            ]
        },
        "gui": {
            "rotation": [
                30,
                135,
                0
            ],
            "translation": [
                -2.5,
                -2.5,
                -15
            ],
            "scale": [
                0.4,
                0.45,
                0.45
            ]
        }
    },
    "groups": [
        {
            "color": 0,
            "children": [
                {
                    "color": 0,
                    "children": [
                        0,
                        1,
                        2,
                        3
                    ],
                    "origin": [
                        10,
                        8.875,
                        10
                    ],
                    "name": "Wing 1"
                },
                {
                    "color": 0,
                    "children": [
                        4,
                        5,
                        6,
                        7
                    ],
                    "origin": [
                        10,
                        8.875,
                        10
                    ],
                    "name": "Wing 2"
                },
                {
                    "color": 0,
                    "children": [
                        8,
                        9,
                        10,
                        11
                    ],
                    "origin": [
                        10,
                        8.875,
                        10
                    ],
                    "name": "Wing 3"
                },
                {
                    "color": 0,
                    "children": [
                        12,
                        13,
                        14,
                        15
                    ],
                    "origin": [
                        10,
                        8.875,
                        10
                    ],
                    "name": "Wing 4"
                }
            ],
            "origin": [
                5,
                8.75,
                -0.5
            ],
            "name": "wing_left"
        },
        {
            "color": 0,
            "children": [
                {
                    "color": 0,
                    "children": [
                        16,
                        17,
                        18,
                        19
                    ],
                    "origin": [
                        10,
                        8.875,
                        10
                    ],
                    "name": "Wing 1"
                },
                {
                    "color": 0,
                    "children": [
                        20,
                        21,
                        22,
                        23
                    ],
                    "origin": [
                        10,
                        8.875,
                        10
                    ],
                    "name": "Wing 2"
                },
                {
                    "color": 0,
                    "children": [
                        24,
                        25,
                        26,
                        27
                    ],
                    "origin": [
                        10,
                        8.875,
                        10
                    ],
                    "name": "Wing 3"
                },
                {
                    "color": 0,
                    "children": [
                        28,
                        29,
                        30,
                        31
                    ],
                    "origin": [
                        10,
                        8.875,
                        10
                    ],
                    "name": "Wing 4"
                }
            ],
            "origin": [
                5,
                8.75,
                -0.5
            ],
            "name": "wing_right"
        }
    ],
    "credit": "© 2015-2022 MadstonMagic. All rights reserved. https://madstonmagic.github.io/shop/. Made using BlockBench"
}