{
    "textures": {
        "2": "blockmodels/mhp2/textures/kettle",
        "particle": "blockmodels/mhp2/textures/kettle"
    },
    "texture_size": [
        32,
        32
    ],
    "elements": [
        {
            "from": [
                5,
                0,
                5
            ],
            "to": [
                11,
                6,
                11
            ],
            "faces": {
                "east": {
                    "uv": [
                        0,
                        3,
                        3,
                        6
                    ],
                    "texture": "#2",
                    "tintindex": 0
                },
                "south": {
                    "uv": [
                        3,
                        0,
                        6,
                        3
                    ],
                    "texture": "#2",
                    "tintindex": 0
                },
                "north": {
                    "uv": [
                        0,
                        0,
                        3,
                        3
                    ],
                    "texture": "#2",
                    "tintindex": 0
                },
                "west": {
                    "uv": [
                        3,
                        3,
                        6,
                        6
                    ],
                    "texture": "#2",
                    "tintindex": 0
                },
                "up": {
                    "uv": [
                        3,
                        9,
                        0,
                        6
                    ],
                    "texture": "#2",
                    "tintindex": 0
                },
                "down": {
                    "uv": [
                        9,
                        0,
                        6,
                        3
                    ],
                    "texture": "#2",
                    "tintindex": 0
                }
            }
        },
        {
            "from": [
                7,
                1,
                3
            ],
            "to": [
                9,
                8,
                5
            ],
            "faces": {
                "east": {
                    "uv": [
                        1,
                        9,
                        2,
                        12.5
                    ],
                    "texture": "#2",
                    "tintindex": 0
                },
                "south": {
                    "uv": [
                        2,
                        9,
                        3,
                        12.5
                    ],
                    "texture": "#2",
                    "tintindex": 0
                },
                "north": {
                    "uv": [
                        0,
                        9,
                        1,
                        12.5
                    ],
                    "texture": "#2",
                    "tintindex": 0
                },
                "west": {
                    "uv": [
                        9.5,
                        5,
                        10.5,
                        8.5
                    ],
                    "texture": "#2",
                    "tintindex": 0
                },
                "up": {
                    "uv": [
                        10,
                        1,
                        9,
                        0
                    ],
                    "texture": "#2",
                    "tintindex": 0
                },
                "down": {
                    "uv": [
                        10,
                        1,
                        9,
                        2
                    ],
                    "texture": "#2",
                    "tintindex": 0
                }
            }
        },
        {
            "from": [
                7,
                6,
                2
            ],
            "to": [
                9,
                8,
                3
            ],
            "faces": {
                "east": {
                    "uv": [
                        7,
                        8.5,
                        7.5,
                        9.5
                    ],
                    "texture": "#2",
                    "tintindex": 0
                },
                "south": {
                    "uv": [
                        4,
                        11,
                        5,
                        12
                    ],
                    "texture": "#2",
                    "tintindex": 0
                },
                "north": {
                    "uv": [
                        3,
                        11,
                        4,
                        12
                    ],
                    "texture": "#2",
                    "tintindex": 0
                },
                "west": {
                    "uv": [
                        7,
                        9.5,
                        7.5,
                        10.5
                    ],
                    "texture": "#2",
                    "tintindex": 0
                },
                "up": {
                    "uv": [
                        7,
                        6,
                        6,
                        5.5
                    ],
                    "texture": "#2",
                    "tintindex": 0
                },
                "down": {
                    "uv": [
                        9.5,
                        5,
                        8.5,
                        5.5
                    ],
                    "texture": "#2",
                    "tintindex": 0
                }
            }
        },
        {
            "from": [
                7,
                1,
                12
            ],
            "to": [
                9,
                8,
                14
            ],
            "faces": {
                "east": {
                    "uv": [
                        10.5,
                        0,
                        11.5,
                        3.5
                    ],
                    "texture": "#2"
                },
                "south": {
                    "uv": [
                        10.5,
                        3.5,
                        11.5,
                        7
                    ],
                    "texture": "#2"
                },
                "north": {
                    "uv": [
                        9.5,
                        8.5,
                        10.5,
                        12
                    ],
                    "texture": "#2"
                },
                "west": {
                    "uv": [
                        5,
                        10.5,
                        6,
                        14
                    ],
                    "texture": "#2"
                },
                "up": {
                    "uv": [
                        10,
                        3,
                        9,
                        2
                    ],
                    "texture": "#2"
                },
                "down": {
                    "uv": [
                        9,
                        10.5,
                        8,
                        11.5
                    ],
                    "texture": "#2"
                }
            }
        },
        {
            "from": [
                7,
                10.4,
                7
            ],
            "to": [
                9,
                11.4,
                9
            ],
            "faces": {
                "east": {
                    "uv": [
                        11.5,
                        1.5,
                        12.5,
                        2
                    ],
                    "texture": "#2"
                },
                "south": {
                    "uv": [
                        11.5,
                        2,
                        12.5,
                        2.5
                    ],
                    "texture": "#2"
                },
                "north": {
                    "uv": [
                        11.5,
                        1,
                        12.5,
                        1.5
                    ],
                    "texture": "#2"
                },
                "west": {
                    "uv": [
                        11.5,
                        2.5,
                        12.5,
                        3
                    ],
                    "texture": "#2"
                },
                "up": {
                    "uv": [
                        11.5,
                        12,
                        10.5,
                        11
                    ],
                    "texture": "#2"
                },
                "down": {
                    "uv": [
                        12.5,
                        0,
                        11.5,
                        1
                    ],
                    "texture": "#2"
                }
            }
        },
        {
            "from": [
                8,
                1,
                10
            ],
            "to": [
                8,
                8,
                12
            ],
            "faces": {
                "east": {
                    "uv": [
                        6,
                        10.5,
                        7,
                        14
                    ],
                    "texture": "#2",
                    "tintindex": 0
                },
                "south": {
                    "uv": [
                        0,
                        0,
                        0,
                        3.5
                    ],
                    "texture": "#2",
                    "tintindex": 0
                },
                "north": {
                    "uv": [
                        0,
                        0,
                        0,
                        3.5
                    ],
                    "texture": "#2",
                    "tintindex": 0
                },
                "west": {
                    "uv": [
                        7,
                        10.5,
                        8,
                        14
                    ],
                    "texture": "#2",
                    "tintindex": 0
                },
                "up": {
                    "uv": [
                        0,
                        1,
                        0,
                        0
                    ],
                    "texture": "#2",
                    "tintindex": 0
                },
                "down": {
                    "uv": [
                        0,
                        0,
                        0,
                        1
                    ],
                    "texture": "#2",
                    "tintindex": 0
                }
            }
        },
        {
            "from": [
                6,
                6,
                6
            ],
            "to": [
                10,
                11,
                10
            ],
            "faces": {
                "east": {
                    "uv": [
                        7.5,
                        5.5,
                        9.5,
                        8
                    ],
                    "texture": "#2",
                    "tintindex": 0
                },
                "south": {
                    "uv": [
                        7.5,
                        8,
                        9.5,
                        10.5
                    ],
                    "texture": "#2",
                    "tintindex": 0
                },
                "north": {
                    "uv": [
                        5.5,
                        6,
                        7.5,
                        8.5
                    ],
                    "texture": "#2",
                    "tintindex": 0
                },
                "west": {
                    "uv": [
                        3,
                        8.5,
                        5,
                        11
                    ],
                    "texture": "#2",
                    "tintindex": 0
                },
                "up": {
                    "uv": [
                        10.5,
                        5,
                        8.5,
                        3
                    ],
                    "texture": "#2",
                    "tintindex": 0
                },
                "down": {
                    "uv": [
                        7,
                        8.5,
                        5,
                        10.5
                    ],
                    "texture": "#2",
                    "tintindex": 0
                }
            }
        },
        {
            "from": [
                5.5,
                8,
                5.5
            ],
            "to": [
                10.5,
                10,
                10.5
            ],
            "faces": {
                "east": {
                    "uv": [
                        10.5,
                        8,
                        13,
                        9
                    ],
                    "texture": "#2",
                    "tintindex": 0
                },
                "south": {
                    "uv": [
                        10.5,
                        9,
                        13,
                        10
                    ],
                    "texture": "#2",
                    "tintindex": 0
                },
                "north": {
                    "uv": [
                        10.5,
                        7,
                        13,
                        8
                    ],
                    "texture": "#2",
                    "tintindex": 0
                },
                "west": {
                    "uv": [
                        10.5,
                        10,
                        13,
                        11
                    ],
                    "texture": "#2",
                    "tintindex": 0
                },
                "up": {
                    "uv": [
                        5.5,
                        8.5,
                        3,
                        6
                    ],
                    "texture": "#2",
                    "tintindex": 0
                },
                "down": {
                    "uv": [
                        8.5,
                        3,
                        6,
                        5.5
                    ],
                    "texture": "#2",
                    "tintindex": 0
                }
            }
        }
    ],
    "display": {
        "firstperson_righthand": {
            "rotation": [
                0,
                45,
                0
            ],
            "scale": [
                0.4,
                0.4,
                0.4
            ]
        },
        "thirdperson_lefthand": {
            "rotation": [
                75,
                45,
                0
            ],
            "translation": [
                0,
                2.5,
                0
            ],
            "scale": [
                0.375,
                0.375,
                0.375
            ]
        },
        "firstperson_lefthand": {
            "rotation": [
                0,
                225,
                0
            ],
            "scale": [
                0.4,
                0.4,
                0.4
            ]
        },
        "thirdperson_righthand": {
            "translation": [
                -8.2,
                -5,
                -2.7
            ],
            "scale": [
                1,
                1,
                1
            ],
            "rotation": [
                75,
                0,
                -10
            ]
        },
        "ground": {
            "translation": [
                0,
                3,
                0
            ],
            "scale": [
                0.25,
                0.25,
                0.25
            ]
        },
        "gui": {
            "rotation": [
                30,
                225,
                0
            ],
            "translation": [
                0,
                1,
                0
            ],
            "scale": [
                0.625,
                0.625,
                0.625
            ]
        },
        "fixed": {
            "rotation": [
                -90,
                0,
                0
            ],
            "translation": [
                0,
                0,
                -16
            ],
            "scale": [
                2,
                2,
                2
            ]
        }
    },
    "credit": "Made with Blockbench"
}