{
    "textures": {
        "0": "blockmodels/kitchen/textures/kitchen_winerack",
        "particle": "blockmodels/kitchen/textures/kitchen_winerack"
    },
    "texture_size": [
        64,
        64
    ],
    "elements": [
        {
            "from": [
                12,
                0,
                1
            ],
            "to": [
                13,
                16,
                6
            ],
            "faces": {
                "east": {
                    "uv": [
                        3.25,
                        5.75,
                        4.5,
                        9.75
                    ],
                    "texture": "#0"
                },
                "south": {
                    "uv": [
                        6,
                        5.75,
                        6.25,
                        9.75
                    ],
                    "texture": "#0"
                },
                "north": {
                    "uv": [
                        4.5,
                        5.75,
                        4.75,
                        9.75
                    ],
                    "texture": "#0"
                },
                "west": {
                    "uv": [
                        4.75,
                        5.75,
                        6,
                        9.75
                    ],
                    "texture": "#0"
                },
                "up": {
                    "uv": [
                        4.75,
                        5.75,
                        4.5,
                        4.5
                    ],
                    "texture": "#0"
                },
                "down": {
                    "uv": [
                        5,
                        4.5,
                        4.75,
                        5.75
                    ],
                    "texture": "#0"
                }
            }
        },
        {
            "from": [
                3,
                0,
                1
            ],
            "to": [
                4,
                16,
                6
            ],
            "faces": {
                "east": {
                    "uv": [
                        0,
                        5.75,
                        1.25,
                        9.75
                    ],
                    "texture": "#0"
                },
                "south": {
                    "uv": [
                        2.75,
                        5.75,
                        3,
                        9.75
                    ],
                    "texture": "#0"
                },
                "north": {
                    "uv": [
                        1.25,
                        5.75,
                        1.5,
                        9.75
                    ],
                    "texture": "#0"
                },
                "west": {
                    "uv": [
                        1.5,
                        5.75,
                        2.75,
                        9.75
                    ],
                    "texture": "#0"
                },
                "up": {
                    "uv": [
                        1.5,
                        5.75,
                        1.25,
                        4.5
                    ],
                    "texture": "#0"
                },
                "down": {
                    "uv": [
                        1.75,
                        4.5,
                        1.5,
                        5.75
                    ],
                    "texture": "#0"
                }
            }
        },
        {
            "from": [
                3,
                0,
                0
            ],
            "to": [
                13,
                16,
                1
            ],
            "faces": {
                "east": {
                    "uv": [
                        0,
                        0.25,
                        0.25,
                        4.25
                    ],
                    "texture": "#0"
                },
                "south": {
                    "uv": [
                        3,
                        0.25,
                        5.5,
                        4.25
                    ],
                    "texture": "#0"
                },
                "north": {
                    "uv": [
                        0.25,
                        0.25,
                        2.75,
                        4.25
                    ],
                    "texture": "#0"
                },
                "west": {
                    "uv": [
                        2.75,
                        0.25,
                        3,
                        4.25
                    ],
                    "texture": "#0"
                },
                "up": {
                    "uv": [
                        2.75,
                        0.25,
                        0.25,
                        0
                    ],
                    "texture": "#0"
                },
                "down": {
                    "uv": [
                        5.25,
                        0,
                        2.75,
                        0.25
                    ],
                    "texture": "#0"
                }
            }
        },
        {
            "from": [
                2,
                11,
                1
            ],
            "to": [
                10,
                15,
                5
            ],
            "faces": {
                "east": {
                    "uv": [
                        5.25,
                        4.5,
                        6.25,
                        5.5
                    ],
                    "texture": "#0"
                },
                "south": {
                    "uv": [
                        9.25,
                        4.5,
                        11.25,
                        5.5
                    ],
                    "texture": "#0"
                },
                "north": {
                    "uv": [
                        6.25,
                        4.5,
                        8.25,
                        5.5
                    ],
                    "texture": "#0"
                },
                "west": {
                    "uv": [
                        8.25,
                        4.5,
                        9.25,
                        5.5
                    ],
                    "texture": "#0"
                },
                "up": {
                    "uv": [
                        8.25,
                        4.5,
                        6.25,
                        3.5
                    ],
                    "texture": "#0"
                },
                "down": {
                    "uv": [
                        10.25,
                        3.5,
                        8.25,
                        4.5
                    ],
                    "texture": "#0"
                }
            }
        },
        {
            "from": [
                10,
                12,
                2
            ],
            "to": [
                15,
                14,
                4
            ],
            "faces": {
                "east": {
                    "uv": [
                        5.75,
                        0.5,
                        6.25,
                        1
                    ],
                    "texture": "#0"
                },
                "south": {
                    "uv": [
                        8,
                        0.5,
                        9.25,
                        1
                    ],
                    "texture": "#0"
                },
                "north": {
                    "uv": [
                        6.25,
                        0.5,
                        7.5,
                        1
                    ],
                    "texture": "#0"
                },
                "west": {
                    "uv": [
                        7.5,
                        0.5,
                        8,
                        1
                    ],
                    "texture": "#0"
                },
                "up": {
                    "uv": [
                        7.5,
                        0.5,
                        6.25,
                        0
                    ],
                    "texture": "#0"
                },
                "down": {
                    "uv": [
                        8.75,
                        0,
                        7.5,
                        0.5
                    ],
                    "texture": "#0"
                }
            }
        },
        {
            "from": [
                2,
                6,
                1
            ],
            "to": [
                10,
                10,
                5
            ],
            "faces": {
                "east": {
                    "uv": [
                        5.25,
                        4.5,
                        6.25,
                        5.5
                    ],
                    "texture": "#0"
                },
                "south": {
                    "uv": [
                        9.25,
                        4.5,
                        11.25,
                        5.5
                    ],
                    "texture": "#0"
                },
                "north": {
                    "uv": [
                        6.25,
                        4.5,
                        8.25,
                        5.5
                    ],
                    "texture": "#0"
                },
                "west": {
                    "uv": [
                        8.25,
                        4.5,
                        9.25,
                        5.5
                    ],
                    "texture": "#0"
                },
                "up": {
                    "uv": [
                        8.25,
                        4.5,
                        6.25,
                        3.5
                    ],
                    "texture": "#0"
                },
                "down": {
                    "uv": [
                        10.25,
                        3.5,
                        8.25,
                        4.5
                    ],
                    "texture": "#0"
                }
            }
        },
        {
            "from": [
                10,
                7,
                2
            ],
            "to": [
                15,
                9,
                4
            ],
            "faces": {
                "east": {
                    "uv": [
                        5.75,
                        0.5,
                        6.25,
                        1
                    ],
                    "texture": "#0"
                },
                "south": {
                    "uv": [
                        8,
                        0.5,
                        9.25,
                        1
                    ],
                    "texture": "#0"
                },
                "north": {
                    "uv": [
                        6.25,
                        0.5,
                        7.5,
                        1
                    ],
                    "texture": "#0"
                },
                "west": {
                    "uv": [
                        7.5,
                        0.5,
                        8,
                        1
                    ],
                    "texture": "#0"
                },
                "up": {
                    "uv": [
                        7.5,
                        0.5,
                        6.25,
                        0
                    ],
                    "texture": "#0"
                },
                "down": {
                    "uv": [
                        8.75,
                        0,
                        7.5,
                        0.5
                    ],
                    "texture": "#0"
                }
            }
        },
        {
            "from": [
                2,
                1,
                1
            ],
            "to": [
                10,
                5,
                5
            ],
            "faces": {
                "east": {
                    "uv": [
                        5.25,
                        4.5,
                        6.25,
                        5.5
                    ],
                    "texture": "#0"
                },
                "south": {
                    "uv": [
                        9.25,
                        4.5,
                        11.25,
                        5.5
                    ],
                    "texture": "#0"
                },
                "north": {
                    "uv": [
                        6.25,
                        4.5,
                        8.25,
                        5.5
                    ],
                    "texture": "#0"
                },
                "west": {
                    "uv": [
                        8.25,
                        4.5,
                        9.25,
                        5.5
                    ],
                    "texture": "#0"
                },
                "up": {
                    "uv": [
                        8.25,
                        4.5,
                        6.25,
                        3.5
                    ],
                    "texture": "#0"
                },
                "down": {
                    "uv": [
                        10.25,
                        3.5,
                        8.25,
                        4.5
                    ],
                    "texture": "#0"
                }
            }
        },
        {
            "from": [
                10,
                2,
                2
            ],
            "to": [
                15,
                4,
                4
            ],
            "faces": {
                "east": {
                    "uv": [
                        5.75,
                        0.5,
                        6.25,
                        1
                    ],
                    "texture": "#0"
                },
                "south": {
                    "uv": [
                        8,
                        0.5,
                        9.25,
                        1
                    ],
                    "texture": "#0"
                },
                "north": {
                    "uv": [
                        6.25,
                        0.5,
                        7.5,
                        1
                    ],
                    "texture": "#0"
                },
                "west": {
                    "uv": [
                        7.5,
                        0.5,
                        8,
                        1
                    ],
                    "texture": "#0"
                },
                "up": {
                    "uv": [
                        7.5,
                        0.5,
                        6.25,
                        0
                    ],
                    "texture": "#0"
                },
                "down": {
                    "uv": [
                        8.75,
                        0,
                        7.5,
                        0.5
                    ],
                    "texture": "#0"
                }
            }
        }
    ],
    "display": {
        "head": {
            "translation": [
                0,
                -30.4,
                0
            ],
            "scale": [
                1.6,
                1.6,
                1.6
            ]
        },
        "firstperson_righthand": {
            "rotation": [
                0,
                -73,
                6
            ],
            "translation": [
                -1,
                1.5,
                0
            ],
            "scale": [
                0.6,
                0.6,
                0.6
            ]
        },
        "thirdperson_lefthand": {
            "rotation": [
                60,
                -160,
                0
            ],
            "translation": [
                -1.25,
                4.25,
                0
            ],
            "scale": [
                0.6,
                0.6,
                0.6
            ]
        },
        "firstperson_lefthand": {
            "rotation": [
                0,
                -73,
                6
            ],
            "translation": [
                -1,
                1.5,
                0
            ],
            "scale": [
                0.6,
                0.6,
                0.6
            ]
        },
        "thirdperson_righthand": {
            "translation": [
                -8.2,
                -5,
                -2.7
            ],
            "scale": [
                1,
                1,
                1
            ],
            "rotation": [
                75,
                0,
                -10
            ]
        },
        "ground": {
            "translation": [
                0,
                1.5,
                1.75
            ],
            "scale": [
                0.4,
                0.4,
                0.4
            ]
        },
        "gui": {
            "rotation": [
                30,
                -40,
                0
            ],
            "translation": [
                -2.25,
                -1.5,
                0
            ],
            "scale": [
                0.7,
                0.7,
                0.7
            ]
        },
        "fixed": {
            "rotation": [
                -180,
                0,
                -180
            ],
            "translation": [
                0,
                0,
                -15
            ],
            "scale": [
                2,
                2,
                2
            ]
        }
    },
    "credit": "Made by LZLeon with Blockbench, Contact - Discord: LZBlocks#0261 - E-Mail: lzblocks@outlook.com"
}