{
    "gui_light": "front",
    "textures": {
        "1": "blockmodels/bakery/textures/kitchentmitt2",
        "particle": "blockmodels/bakery/textures/kitchenmitt"
    },
    "texture_size": [
        32,
        32
    ],
    "elements": [
        {
            "rotation": {
                "origin": [
                    8.5,
                    0.5,
                    9.5
                ],
                "angle": -45,
                "axis": "y"
            },
            "from": [
                2.5,
                0.6,
                7.75
            ],
            "to": [
                5.5,
                4.65,
                13.25
            ],
            "faces": {
                "east": {
                    "uv": [
                        0,
                        8.5,
                        2.5,
                        11
                    ],
                    "texture": "#1"
                },
                "south": {
                    "uv": [
                        6.5,
                        8.5,
                        8,
                        11
                    ],
                    "texture": "#1"
                },
                "north": {
                    "uv": [
                        5,
                        8.5,
                        6.5,
                        11
                    ],
                    "texture": "#1"
                },
                "west": {
                    "uv": [
                        2.5,
                        8.5,
                        5,
                        11
                    ],
                    "texture": "#1"
                },
                "up": {
                    "uv": [
                        9.5,
                        11,
                        8,
                        8.5
                    ],
                    "texture": "#1"
                },
                "down": {
                    "uv": [
                        9.5,
                        11,
                        8,
                        8.5
                    ],
                    "texture": "#1",
                    "rotation": 180
                }
            }
        },
        {
            "from": [
                5,
                0,
                3
            ],
            "to": [
                12,
                5,
                15
            ],
            "faces": {
                "east": {
                    "uv": [
                        0,
                        6,
                        6,
                        8.5
                    ],
                    "texture": "#1"
                },
                "south": {
                    "uv": [
                        7,
                        2.5,
                        10.5,
                        5
                    ],
                    "texture": "#1"
                },
                "north": {
                    "uv": [
                        7,
                        0,
                        10.5,
                        2.5
                    ],
                    "texture": "#1"
                },
                "west": {
                    "uv": [
                        6,
                        6,
                        12,
                        8.5
                    ],
                    "texture": "#1"
                },
                "up": {
                    "uv": [
                        3.5,
                        6,
                        0,
                        0
                    ],
                    "texture": "#1"
                },
                "down": {
                    "uv": [
                        3.5,
                        6,
                        0,
                        0
                    ],
                    "texture": "#1",
                    "rotation": 180
                }
            }
        }
    ],
    "display": {
        "head": {
            "translation": [
                0,
                -16,
                0
            ],
            "scale": [
                2.05273,
                2.05273,
                2.05273
            ]
        },
        "firstperson_righthand": {
            "rotation": [
                -108,
                -7,
                -3
            ],
            "translation": [
                -0.25,
                3.75,
                -0.25
            ],
            "scale": [
                0.48633,
                0.48633,
                0.48633
            ]
        },
        "thirdperson_lefthand": {
            "rotation": [
                3,
                -180,
                90
            ],
            "translation": [
                5.25,
                -1.5,
                1.5
            ],
            "scale": [
                0.72461,
                0.93945,
                0.75781
            ]
        },
        "firstperson_lefthand": {
            "rotation": [
                -98,
                -10,
                -180
            ],
            "translation": [
                0.5,
                4,
                4
            ],
            "scale": [
                0.48633,
                0.48633,
                0.48633
            ]
        },
        "thirdperson_righthand": {
            "translation": [
                -8.2,
                -5,
                -2.7
            ],
            "scale": [
                1,
                1,
                1
            ],
            "rotation": [
                75,
                0,
                -10
            ]
        },
        "ground": {
            "rotation": [
                -34,
                44,
                0
            ],
            "translation": [
                0,
                0.25,
                0
            ],
            "scale": [
                0.41602,
                0.41602,
                0.41602
            ]
        },
        "gui": {
            "rotation": [
                83,
                158,
                13
            ],
            "translation": [
                1,
                -1.25,
                0
            ],
            "scale": [
                1.0332,
                1.0332,
                1.0332
            ]
        },
        "fixed": {
            "rotation": [
                -90,
                -180,
                0
            ],
            "translation": [
                0,
                1.75,
                -13
            ],
            "scale": [
                1.78711,
                1.78711,
                1.78711
            ]
        }
    },
    "credit": "Made with Blockbench"
}