{
    "textures": {"2": "blockmodels/mhp2/textures/kitchen_pot"},
    "texture_size": [
        32,
        32
    ],
    "elements": [
        {
            "rotation": {
                "origin": [
                    -16,
                    -16,
                    1
                ],
                "angle": 0,
                "axis": "y"
            },
            "from": [
                3.5,
                0.1,
                4
            ],
            "to": [
                11.5,
                8.1,
                12
            ],
            "faces": {
                "east": {
                    "uv": [
                        0,
                        4,
                        4,
                        8
                    ],
                    "texture": "#2"
                },
                "south": {
                    "uv": [
                        4,
                        0,
                        8,
                        4
                    ],
                    "texture": "#2"
                },
                "north": {
                    "uv": [
                        0,
                        0,
                        4,
                        4
                    ],
                    "texture": "#2"
                },
                "west": {
                    "uv": [
                        4,
                        4,
                        8,
                        8
                    ],
                    "texture": "#2"
                },
                "up": {
                    "uv": [
                        4,
                        12,
                        0,
                        8
                    ],
                    "texture": "#2"
                },
                "down": {
                    "uv": [
                        12,
                        0,
                        8,
                        4
                    ],
                    "texture": "#2"
                }
            }
        },
        {
            "rotation": {
                "origin": [
                    3.5,
                    7.1,
                    8
                ],
                "angle": 22.5,
                "axis": "z"
            },
            "from": [
                1.5,
                7.1,
                6
            ],
            "to": [
                3.5,
                7.1,
                10
            ],
            "faces": {
                "east": {
                    "uv": [
                        0,
                        0,
                        2,
                        0
                    ],
                    "texture": "#2"
                },
                "south": {
                    "uv": [
                        0,
                        0,
                        1,
                        0
                    ],
                    "texture": "#2"
                },
                "north": {
                    "uv": [
                        0,
                        0,
                        1,
                        0
                    ],
                    "texture": "#2"
                },
                "west": {
                    "uv": [
                        0,
                        0,
                        2,
                        0
                    ],
                    "texture": "#2"
                },
                "up": {
                    "uv": [
                        5,
                        10,
                        4,
                        8
                    ],
                    "texture": "#2"
                },
                "down": {
                    "uv": [
                        9,
                        4,
                        8,
                        6
                    ],
                    "texture": "#2"
                }
            }
        },
        {
            "rotation": {
                "origin": [
                    11.49962,
                    7.09908,
                    6
                ],
                "angle": -22.5,
                "axis": "z"
            },
            "from": [
                11.49962,
                7.09908,
                6
            ],
            "to": [
                13.49962,
                7.09908,
                10
            ],
            "faces": {
                "east": {
                    "uv": [
                        0,
                        0,
                        2,
                        0
                    ],
                    "texture": "#2"
                },
                "south": {
                    "uv": [
                        0,
                        0,
                        1,
                        0
                    ],
                    "texture": "#2"
                },
                "north": {
                    "uv": [
                        0,
                        0,
                        1,
                        0
                    ],
                    "texture": "#2"
                },
                "west": {
                    "uv": [
                        0,
                        0,
                        2,
                        0
                    ],
                    "texture": "#2"
                },
                "up": {
                    "uv": [
                        6,
                        10,
                        5,
                        8
                    ],
                    "texture": "#2"
                },
                "down": {
                    "uv": [
                        7,
                        8,
                        6,
                        10
                    ],
                    "texture": "#2"
                }
            }
        }
    ],
    "display": {
        "firstperson_righthand": {
            "rotation": [
                0,
                45,
                0
            ],
            "scale": [
                0.4,
                0.4,
                0.4
            ]
        },
        "thirdperson_lefthand": {
            "rotation": [
                75,
                45,
                0
            ],
            "translation": [
                0,
                2.5,
                0
            ],
            "scale": [
                0.375,
                0.375,
                0.375
            ]
        },
        "firstperson_lefthand": {
            "rotation": [
                0,
                225,
                0
            ],
            "scale": [
                0.4,
                0.4,
                0.4
            ]
        },
        "thirdperson_righthand": {
            "translation": [
                -8.2,
                -5,
                -2.7
            ],
            "scale": [
                1,
                1,
                1
            ],
            "rotation": [
                75,
                0,
                -10
            ]
        },
        "ground": {
            "translation": [
                0,
                3,
                0
            ],
            "scale": [
                0.25,
                0.25,
                0.25
            ]
        },
        "gui": {
            "rotation": [
                30,
                225,
                0
            ],
            "scale": [
                0.625,
                0.625,
                0.625
            ]
        },
        "fixed": {
            "rotation": [
                -90,
                0,
                0
            ],
            "translation": [
                0,
                0,
                -16
            ],
            "scale": [
                2,
                2,
                2
            ]
        }
    },
    "groups": [{
        "nbt": "{}",
        "color": 0,
        "children": [
            0,
            1,
            2
        ],
        "origin": [
            5.69971,
            19.5,
            6.28701
        ],
        "name": "group",
        "armAnimationEnabled": false
    }],
    "credit": "Made with Blockbench"
}