{
    "textures": {
        "0": "blockmodels/kitchen/textures/kitchen_stove",
        "particle": "blockmodels/kitchen/textures/kitchen_stove"
    },
    "texture_size": [
        64,
        64
    ],
    "elements": [{
        "from": [
            0,
            0,
            0
        ],
        "to": [
            16,
            16,
            16
        ],
        "faces": {
            "east": {
                "uv": [
                    0,
                    4,
                    4,
                    8
                ],
                "texture": "#0"
            },
            "south": {
                "uv": [
                    12,
                    4,
                    16,
                    8
                ],
                "texture": "#0"
            },
            "north": {
                "uv": [
                    4,
                    4,
                    8,
                    8
                ],
                "texture": "#0"
            },
            "west": {
                "uv": [
                    8,
                    4,
                    12,
                    8
                ],
                "texture": "#0"
            },
            "up": {
                "uv": [
                    8,
                    4,
                    4,
                    0
                ],
                "texture": "#0"
            },
            "down": {
                "uv": [
                    12,
                    0,
                    8,
                    4
                ],
                "texture": "#0"
            }
        }
    }],
    "display": {
        "head": {
            "rotation": [
                0,
                -180,
                0
            ],
            "translation": [
                0,
                -30.4,
                0
            ],
            "scale": [
                1.6,
                1.6,
                1.6
            ]
        },
        "firstperson_righthand": {
            "rotation": [
                0,
                -73,
                6
            ],
            "translation": [
                0,
                1.5,
                0
            ],
            "scale": [
                -0.4,
                0.4,
                -0.4
            ]
        },
        "thirdperson_lefthand": {
            "rotation": [
                60,
                -160,
                0
            ],
            "translation": [
                0,
                3.25,
                0
            ],
            "scale": [
                -0.6,
                0.6,
                -0.6
            ]
        },
        "firstperson_lefthand": {
            "rotation": [
                0,
                -73,
                6
            ],
            "translation": [
                0,
                1.5,
                0
            ],
            "scale": [
                -0.4,
                0.4,
                -0.4
            ]
        },
        "thirdperson_righthand": {
            "translation": [
                -8.2,
                -5,
                -2.7
            ],
            "scale": [
                1,
                1,
                1
            ],
            "rotation": [
                75,
                0,
                -10
            ]
        },
        "ground": {
            "translation": [
                0,
                1.5,
                0
            ],
            "scale": [
                0.35,
                0.35,
                0.35
            ]
        },
        "gui": {
            "rotation": [
                30,
                -40,
                0
            ],
            "scale": [
                -0.55,
                0.55,
                -0.55
            ]
        },
        "fixed": {
            "rotation": [
                90,
                -180,
                -180
            ],
            "translation": [
                0,
                0,
                -15
            ],
            "scale": [
                2,
                2,
                2
            ]
        }
    },
    "credit": "Made by LZLeon with Blockbench, Contact - Discord: LZBlocks#0261 - E-Mail: lzblocks@outlook.com"
}