{
    "textures": {
        "0": "blockmodels/kitchen/textures/kitchen_microwave",
        "particle": "blockmodels/kitchen/textures/kitchen_microwave"
    },
    "texture_size": [
        64,
        64
    ],
    "elements": [{
        "from": [
            1,
            0,
            5
        ],
        "to": [
            15,
            9,
            14
        ],
        "faces": {
            "east": {
                "uv": [
                    0,
                    2.25,
                    2.25,
                    4.5
                ],
                "texture": "#0"
            },
            "south": {
                "uv": [
                    8,
                    2.25,
                    11.5,
                    4.5
                ],
                "texture": "#0"
            },
            "north": {
                "uv": [
                    2.25,
                    2.25,
                    5.75,
                    4.5
                ],
                "texture": "#0"
            },
            "west": {
                "uv": [
                    5.75,
                    2.25,
                    8,
                    4.5
                ],
                "texture": "#0"
            },
            "up": {
                "uv": [
                    5.75,
                    2.25,
                    2.25,
                    0
                ],
                "texture": "#0"
            },
            "down": {
                "uv": [
                    9.25,
                    0,
                    5.75,
                    2.25
                ],
                "texture": "#0"
            }
        }
    }],
    "display": {
        "head": {
            "rotation": [
                0,
                -180,
                0
            ],
            "translation": [
                0,
                -30.4,
                0
            ],
            "scale": [
                1.6,
                1.6,
                1.6
            ]
        },
        "firstperson_righthand": {
            "rotation": [
                0,
                -73,
                6
            ],
            "translation": [
                -1,
                2.5,
                0
            ],
            "scale": [
                -0.5,
                0.5,
                -0.5
            ]
        },
        "thirdperson_lefthand": {
            "rotation": [
                60,
                -160,
                0
            ],
            "translation": [
                -1,
                3.75,
                0.75
            ],
            "scale": [
                -0.6,
                0.6,
                -0.6
            ]
        },
        "firstperson_lefthand": {
            "rotation": [
                0,
                -73,
                6
            ],
            "translation": [
                -1,
                2.5,
                0
            ],
            "scale": [
                -0.5,
                0.5,
                -0.5
            ]
        },
        "thirdperson_righthand": {
            "translation": [
                -8.2,
                -5,
                -2.7
            ],
            "scale": [
                1,
                1,
                1
            ],
            "rotation": [
                75,
                0,
                -10
            ]
        },
        "ground": {
            "translation": [
                0,
                1.5,
                0
            ],
            "scale": [
                0.35,
                0.35,
                0.35
            ]
        },
        "gui": {
            "rotation": [
                30,
                -40,
                0
            ],
            "translation": [
                -0.5,
                1.5,
                0
            ],
            "scale": [
                -0.7,
                0.7,
                -0.7
            ]
        },
        "fixed": {
            "rotation": [
                90,
                -180,
                -180
            ],
            "translation": [
                0,
                0,
                -15
            ],
            "scale": [
                2,
                2,
                2
            ]
        }
    },
    "credit": "Made by LZLeon with Blockbench, Contact - Discord: LZBlocks#0261 - E-Mail: lzblocks@outlook.com"
}