{
    "textures": {"2": "blockmodels/mhp2/textures/kitchen_utensils"},
    "texture_size": [
        32,
        32
    ],
    "elements": [
        {
            "from": [
                3,
                5,
                1.4
            ],
            "to": [
                15,
                9,
                2.4
            ],
            "faces": {
                "east": {
                    "uv": [
                        7,
                        5,
                        7.5,
                        7
                    ],
                    "texture": "#2"
                },
                "south": {
                    "uv": [
                        0,
                        2,
                        6,
                        4
                    ],
                    "texture": "#2"
                },
                "north": {
                    "uv": [
                        0,
                        0,
                        6,
                        2
                    ],
                    "texture": "#2"
                },
                "west": {
                    "uv": [
                        6,
                        7,
                        6.5,
                        9
                    ],
                    "texture": "#2"
                },
                "up": {
                    "uv": [
                        13,
                        0.5,
                        7,
                        0
                    ],
                    "texture": "#2"
                },
                "down": {
                    "uv": [
                        13,
                        0.5,
                        7,
                        1
                    ],
                    "texture": "#2"
                }
            }
        },
        {
            "from": [
                4,
                4,
                1.3
            ],
            "to": [
                6,
                11,
                1.3
            ],
            "faces": {
                "east": {
                    "uv": [
                        0,
                        0,
                        0,
                        3.5
                    ],
                    "texture": "#2"
                },
                "south": {
                    "uv": [
                        6,
                        3.5,
                        7,
                        7
                    ],
                    "texture": "#2"
                },
                "north": {
                    "uv": [
                        6,
                        0,
                        7,
                        3.5
                    ],
                    "texture": "#2"
                },
                "west": {
                    "uv": [
                        0,
                        0,
                        0,
                        3.5
                    ],
                    "texture": "#2"
                },
                "up": {
                    "uv": [
                        1,
                        0,
                        0,
                        0
                    ],
                    "texture": "#2"
                },
                "down": {
                    "uv": [
                        1,
                        0,
                        0,
                        0
                    ],
                    "texture": "#2"
                }
            }
        },
        {
            "from": [
                4,
                0,
                0.8
            ],
            "to": [
                6,
                4,
                1.8
            ],
            "faces": {
                "east": {
                    "uv": [
                        6.5,
                        7,
                        7,
                        9
                    ],
                    "texture": "#2"
                },
                "south": {
                    "uv": [
                        7,
                        3,
                        8,
                        5
                    ],
                    "texture": "#2"
                },
                "north": {
                    "uv": [
                        7,
                        1,
                        8,
                        3
                    ],
                    "texture": "#2"
                },
                "west": {
                    "uv": [
                        7,
                        7,
                        7.5,
                        9
                    ],
                    "texture": "#2"
                },
                "up": {
                    "uv": [
                        5,
                        8,
                        4,
                        7.5
                    ],
                    "texture": "#2"
                },
                "down": {
                    "uv": [
                        6,
                        7.5,
                        5,
                        8
                    ],
                    "texture": "#2"
                }
            }
        },
        {
            "from": [
                8,
                0,
                0.8
            ],
            "to": [
                9,
                4,
                1.8
            ],
            "faces": {
                "east": {
                    "uv": [
                        0.5,
                        7.5,
                        1,
                        9.5
                    ],
                    "texture": "#2"
                },
                "south": {
                    "uv": [
                        1,
                        7.5,
                        1.5,
                        9.5
                    ],
                    "texture": "#2"
                },
                "north": {
                    "uv": [
                        0,
                        7.5,
                        0.5,
                        9.5
                    ],
                    "texture": "#2"
                },
                "west": {
                    "uv": [
                        1.5,
                        7.5,
                        2,
                        9.5
                    ],
                    "texture": "#2"
                },
                "up": {
                    "uv": [
                        8,
                        5.5,
                        7.5,
                        5
                    ],
                    "texture": "#2"
                },
                "down": {
                    "uv": [
                        8,
                        5.5,
                        7.5,
                        6
                    ],
                    "texture": "#2"
                }
            }
        },
        {
            "from": [
                7,
                4,
                1.3
            ],
            "to": [
                10,
                11,
                1.3
            ],
            "faces": {
                "east": {
                    "uv": [
                        0,
                        0,
                        0,
                        3.5
                    ],
                    "texture": "#2"
                },
                "south": {
                    "uv": [
                        1.5,
                        4,
                        3,
                        7.5
                    ],
                    "texture": "#2"
                },
                "north": {
                    "uv": [
                        0,
                        4,
                        1.5,
                        7.5
                    ],
                    "texture": "#2"
                },
                "west": {
                    "uv": [
                        0,
                        0,
                        0,
                        3.5
                    ],
                    "texture": "#2"
                },
                "up": {
                    "uv": [
                        1.5,
                        0,
                        0,
                        0
                    ],
                    "texture": "#2"
                },
                "down": {
                    "uv": [
                        1.5,
                        0,
                        0,
                        0
                    ],
                    "texture": "#2"
                }
            }
        },
        {
            "from": [
                12,
                0,
                0.8
            ],
            "to": [
                13,
                4,
                1.8
            ],
            "faces": {
                "east": {
                    "uv": [
                        2.5,
                        7.5,
                        3,
                        9.5
                    ],
                    "texture": "#2"
                },
                "south": {
                    "uv": [
                        3,
                        7.5,
                        3.5,
                        9.5
                    ],
                    "texture": "#2"
                },
                "north": {
                    "uv": [
                        2,
                        7.5,
                        2.5,
                        9.5
                    ],
                    "texture": "#2"
                },
                "west": {
                    "uv": [
                        3.5,
                        7.5,
                        4,
                        9.5
                    ],
                    "texture": "#2"
                },
                "up": {
                    "uv": [
                        8,
                        6.5,
                        7.5,
                        6
                    ],
                    "texture": "#2"
                },
                "down": {
                    "uv": [
                        8,
                        6.5,
                        7.5,
                        7
                    ],
                    "texture": "#2"
                }
            }
        },
        {
            "from": [
                11,
                4,
                1.3
            ],
            "to": [
                14,
                11,
                1.3
            ],
            "faces": {
                "east": {
                    "uv": [
                        0,
                        0,
                        0,
                        3.5
                    ],
                    "texture": "#2"
                },
                "south": {
                    "uv": [
                        4.5,
                        4,
                        6,
                        7.5
                    ],
                    "texture": "#2"
                },
                "north": {
                    "uv": [
                        3,
                        4,
                        4.5,
                        7.5
                    ],
                    "texture": "#2"
                },
                "west": {
                    "uv": [
                        0,
                        0,
                        0,
                        3.5
                    ],
                    "texture": "#2"
                },
                "up": {
                    "uv": [
                        1.5,
                        0,
                        0,
                        0
                    ],
                    "texture": "#2"
                },
                "down": {
                    "uv": [
                        1.5,
                        0,
                        0,
                        0
                    ],
                    "texture": "#2"
                }
            }
        }
    ],
    "display": {
        "firstperson_righthand": {
            "rotation": [
                0,
                45,
                0
            ],
            "scale": [
                0.4,
                0.4,
                0.4
            ]
        },
        "thirdperson_lefthand": {
            "rotation": [
                75,
                45,
                0
            ],
            "translation": [
                0,
                2.5,
                0
            ],
            "scale": [
                0.375,
                0.375,
                0.375
            ]
        },
        "firstperson_lefthand": {
            "rotation": [
                0,
                225,
                0
            ],
            "scale": [
                0.4,
                0.4,
                0.4
            ]
        },
        "thirdperson_righthand": {
            "translation": [
                -8.2,
                -5,
                -2.7
            ],
            "scale": [
                1,
                1,
                1
            ],
            "rotation": [
                75,
                0,
                -10
            ]
        },
        "ground": {
            "translation": [
                0,
                3,
                0
            ],
            "scale": [
                0.25,
                0.25,
                0.25
            ]
        },
        "gui": {
            "rotation": [
                30,
                225,
                0
            ],
            "translation": [
                -2,
                2.5,
                0
            ],
            "scale": [
                0.625,
                0.625,
                0.625
            ]
        },
        "fixed": {
            "translation": [
                -2,
                1.75,
                11.25
            ],
            "scale": [
                2,
                2,
                2
            ]
        }
    },
    "groups": [{
        "nbt": "{}",
        "color": 0,
        "children": [
            0,
            1,
            2,
            3,
            4,
            5,
            6
        ],
        "origin": [
            5.69971,
            19.5,
            6.28701
        ],
        "name": "group",
        "armAnimationEnabled": false
    }],
    "credit": "Made with Blockbench"
}