{
    "textures": {"1": "blockmodels/mhp2/textures/ladder_ground"},
    "texture_size": [
        64,
        64
    ],
    "elements": [
        {
            "rotation": {
                "origin": [
                    1,
                    8,
                    1
                ],
                "angle": 22.5,
                "axis": "x"
            },
            "from": [
                1,
                -16,
                5.3
            ],
            "to": [
                3,
                32,
                7.3
            ],
            "faces": {
                "east": {
                    "uv": [
                        0.5,
                        0,
                        1,
                        12
                    ],
                    "texture": "#1"
                },
                "south": {
                    "uv": [
                        1,
                        0,
                        1.5,
                        12
                    ],
                    "texture": "#1"
                },
                "north": {
                    "uv": [
                        0,
                        0,
                        0.5,
                        12
                    ],
                    "texture": "#1"
                },
                "west": {
                    "uv": [
                        1.5,
                        0,
                        2,
                        12
                    ],
                    "texture": "#1"
                },
                "up": {
                    "uv": [
                        7.5,
                        1.5,
                        7,
                        1
                    ],
                    "texture": "#1"
                },
                "down": {
                    "uv": [
                        7.5,
                        1.5,
                        7,
                        2
                    ],
                    "texture": "#1"
                }
            }
        },
        {
            "rotation": {
                "origin": [
                    15,
                    8,
                    1
                ],
                "angle": 22.5,
                "axis": "x"
            },
            "from": [
                13,
                -16,
                5.3
            ],
            "to": [
                15,
                32,
                7.3
            ],
            "faces": {
                "east": {
                    "uv": [
                        2.5,
                        0,
                        3,
                        12
                    ],
                    "texture": "#1"
                },
                "south": {
                    "uv": [
                        3,
                        0,
                        3.5,
                        12
                    ],
                    "texture": "#1"
                },
                "north": {
                    "uv": [
                        2,
                        0,
                        2.5,
                        12
                    ],
                    "texture": "#1"
                },
                "west": {
                    "uv": [
                        3.5,
                        0,
                        4,
                        12
                    ],
                    "texture": "#1"
                },
                "up": {
                    "uv": [
                        7.5,
                        3.5,
                        7,
                        3
                    ],
                    "texture": "#1"
                },
                "down": {
                    "uv": [
                        7.5,
                        3.5,
                        7,
                        4
                    ],
                    "texture": "#1"
                }
            }
        },
        {
            "rotation": {
                "origin": [
                    1,
                    8,
                    1
                ],
                "angle": 22.5,
                "axis": "x"
            },
            "from": [
                2,
                25,
                6.3
            ],
            "to": [
                14,
                27,
                8.3
            ],
            "faces": {
                "east": {
                    "uv": [
                        7,
                        2,
                        7.5,
                        2.5
                    ],
                    "texture": "#1"
                },
                "south": {
                    "uv": [
                        4,
                        0.5,
                        7,
                        1
                    ],
                    "texture": "#1"
                },
                "north": {
                    "uv": [
                        4,
                        0,
                        7,
                        0.5
                    ],
                    "texture": "#1"
                },
                "west": {
                    "uv": [
                        7,
                        2.5,
                        7.5,
                        3
                    ],
                    "texture": "#1"
                },
                "up": {
                    "uv": [
                        7,
                        1.5,
                        4,
                        1
                    ],
                    "texture": "#1"
                },
                "down": {
                    "uv": [
                        7,
                        1.5,
                        4,
                        2
                    ],
                    "texture": "#1"
                }
            }
        },
        {
            "rotation": {
                "origin": [
                    1,
                    8,
                    1
                ],
                "angle": 22.5,
                "axis": "x"
            },
            "from": [
                2,
                13,
                6.3
            ],
            "to": [
                14,
                15,
                8.3
            ],
            "faces": {
                "east": {
                    "uv": [
                        4,
                        7,
                        4.5,
                        7.5
                    ],
                    "texture": "#1"
                },
                "south": {
                    "uv": [
                        4,
                        2.5,
                        7,
                        3
                    ],
                    "texture": "#1"
                },
                "north": {
                    "uv": [
                        4,
                        2,
                        7,
                        2.5
                    ],
                    "texture": "#1"
                },
                "west": {
                    "uv": [
                        7,
                        4,
                        7.5,
                        4.5
                    ],
                    "texture": "#1"
                },
                "up": {
                    "uv": [
                        7,
                        3.5,
                        4,
                        3
                    ],
                    "texture": "#1"
                },
                "down": {
                    "uv": [
                        7,
                        3.5,
                        4,
                        4
                    ],
                    "texture": "#1"
                }
            }
        },
        {
            "rotation": {
                "origin": [
                    1,
                    8,
                    1
                ],
                "angle": 22.5,
                "axis": "x"
            },
            "from": [
                2,
                1,
                6.3
            ],
            "to": [
                14,
                3,
                8.3
            ],
            "faces": {
                "east": {
                    "uv": [
                        4.5,
                        7,
                        5,
                        7.5
                    ],
                    "texture": "#1"
                },
                "south": {
                    "uv": [
                        4,
                        4.5,
                        7,
                        5
                    ],
                    "texture": "#1"
                },
                "north": {
                    "uv": [
                        4,
                        4,
                        7,
                        4.5
                    ],
                    "texture": "#1"
                },
                "west": {
                    "uv": [
                        7,
                        4.5,
                        7.5,
                        5
                    ],
                    "texture": "#1"
                },
                "up": {
                    "uv": [
                        7,
                        5.5,
                        4,
                        5
                    ],
                    "texture": "#1"
                },
                "down": {
                    "uv": [
                        7,
                        5.5,
                        4,
                        6
                    ],
                    "texture": "#1"
                }
            }
        },
        {
            "rotation": {
                "origin": [
                    1,
                    8,
                    1
                ],
                "angle": 22.5,
                "axis": "x"
            },
            "from": [
                2,
                -10,
                6.3
            ],
            "to": [
                14,
                -8,
                8.3
            ],
            "faces": {
                "east": {
                    "uv": [
                        5,
                        7,
                        5.5,
                        7.5
                    ],
                    "texture": "#1"
                },
                "south": {
                    "uv": [
                        4,
                        6.5,
                        7,
                        7
                    ],
                    "texture": "#1"
                },
                "north": {
                    "uv": [
                        4,
                        6,
                        7,
                        6.5
                    ],
                    "texture": "#1"
                },
                "west": {
                    "uv": [
                        7,
                        5,
                        7.5,
                        5.5
                    ],
                    "texture": "#1"
                },
                "up": {
                    "uv": [
                        10,
                        0.5,
                        7,
                        0
                    ],
                    "texture": "#1"
                },
                "down": {
                    "uv": [
                        10,
                        0.5,
                        7,
                        1
                    ],
                    "texture": "#1"
                }
            }
        }
    ],
    "display": {
        "firstperson_righthand": {
            "rotation": [
                0,
                45,
                0
            ],
            "scale": [
                0.4,
                0.4,
                0.4
            ]
        },
        "thirdperson_lefthand": {
            "rotation": [
                75,
                45,
                0
            ],
            "translation": [
                0,
                2.5,
                0
            ],
            "scale": [
                0.375,
                0.375,
                0.375
            ]
        },
        "firstperson_lefthand": {
            "rotation": [
                0,
                225,
                0
            ],
            "scale": [
                0.4,
                0.4,
                0.4
            ]
        },
        "thirdperson_righthand": {
            "translation": [
                -8.2,
                -5,
                -2.7
            ],
            "scale": [
                1,
                1,
                1
            ],
            "rotation": [
                75,
                0,
                -10
            ]
        },
        "ground": {
            "translation": [
                0,
                3,
                0
            ],
            "scale": [
                0.25,
                0.25,
                0.25
            ]
        },
        "gui": {
            "rotation": [
                110.38,
                -27.04,
                77.43
            ],
            "translation": [
                -0.75,
                -1.75,
                0
            ],
            "scale": [
                0.3,
                0.3,
                0.3
            ]
        },
        "fixed": {
            "rotation": [
                -22.5,
                0,
                0
            ],
            "translation": [
                0,
                5.25,
                -1.5
            ],
            "scale": [
                2,
                2,
                2
            ]
        }
    },
    "credit": "Made with Blockbench"
}