{
    "gui_light": "front",
    "textures": {
        "1": "blockmodels/bakery/textures/macaroons3",
        "particle": "blockmodels/bakery/textures/macaroons1"
    },
    "texture_size": [
        64,
        64
    ],
    "elements": [
        {
            "rotation": {
                "origin": [
                    0,
                    2,
                    0
                ],
                "angle": 0,
                "axis": "y"
            },
            "from": [
                3,
                2,
                3
            ],
            "to": [
                13,
                3,
                13
            ],
            "faces": {
                "east": {
                    "uv": [
                        5,
                        3.25,
                        7.5,
                        3.5
                    ],
                    "texture": "#1"
                },
                "south": {
                    "uv": [
                        5,
                        3.5,
                        7.5,
                        3.75
                    ],
                    "texture": "#1"
                },
                "north": {
                    "uv": [
                        2.5,
                        5,
                        5,
                        5.25
                    ],
                    "texture": "#1"
                },
                "west": {
                    "uv": [
                        5,
                        3.75,
                        7.5,
                        4
                    ],
                    "texture": "#1"
                },
                "up": {
                    "uv": [
                        2.5,
                        2.5,
                        0,
                        0
                    ],
                    "texture": "#1"
                },
                "down": {
                    "uv": [
                        2.5,
                        2.5,
                        0,
                        5
                    ],
                    "texture": "#1"
                }
            }
        },
        {
            "rotation": {
                "origin": [
                    0,
                    2,
                    0
                ],
                "angle": 0,
                "axis": "y"
            },
            "from": [
                4.5,
                3,
                4.5
            ],
            "to": [
                7.5,
                5,
                7.5
            ],
            "faces": {
                "east": {
                    "uv": [
                        6.75,
                        5.5,
                        7.5,
                        6
                    ],
                    "texture": "#1"
                },
                "south": {
                    "uv": [
                        6.25,
                        6.75,
                        7,
                        7.25
                    ],
                    "texture": "#1"
                },
                "north": {
                    "uv": [
                        5.5,
                        6.75,
                        6.25,
                        7.25
                    ],
                    "texture": "#1"
                },
                "west": {
                    "uv": [
                        7,
                        0,
                        7.75,
                        0.5
                    ],
                    "texture": "#1"
                },
                "up": {
                    "uv": [
                        4.5,
                        6,
                        3.75,
                        5.25
                    ],
                    "texture": "#1"
                },
                "down": {
                    "uv": [
                        6.25,
                        0,
                        5.5,
                        0.75
                    ],
                    "texture": "#1"
                }
            }
        },
        {
            "rotation": {
                "origin": [
                    10.5,
                    4,
                    9.5
                ],
                "angle": 22.5,
                "axis": "y"
            },
            "from": [
                8.75,
                3,
                8
            ],
            "to": [
                11.75,
                5,
                11
            ],
            "faces": {
                "east": {
                    "uv": [
                        7,
                        1,
                        7.75,
                        1.5
                    ],
                    "texture": "#1"
                },
                "south": {
                    "uv": [
                        7,
                        1.5,
                        7.75,
                        2
                    ],
                    "texture": "#1"
                },
                "north": {
                    "uv": [
                        7,
                        0.5,
                        7.75,
                        1
                    ],
                    "texture": "#1"
                },
                "west": {
                    "uv": [
                        7,
                        2,
                        7.75,
                        2.5
                    ],
                    "texture": "#1"
                },
                "up": {
                    "uv": [
                        6.25,
                        1.5,
                        5.5,
                        0.75
                    ],
                    "texture": "#1"
                },
                "down": {
                    "uv": [
                        6.25,
                        1.5,
                        5.5,
                        2.25
                    ],
                    "texture": "#1"
                }
            }
        },
        {
            "rotation": {
                "origin": [
                    10.5,
                    4,
                    9.5
                ],
                "angle": -22.5,
                "axis": "y"
            },
            "from": [
                5,
                3,
                10
            ],
            "to": [
                8,
                5,
                13
            ],
            "faces": {
                "east": {
                    "uv": [
                        7.25,
                        7.25,
                        8,
                        7.75
                    ],
                    "texture": "#1"
                },
                "south": {
                    "uv": [
                        7.5,
                        3,
                        8.25,
                        3.5
                    ],
                    "texture": "#1"
                },
                "north": {
                    "uv": [
                        6.5,
                        7.25,
                        7.25,
                        7.75
                    ],
                    "texture": "#1"
                },
                "west": {
                    "uv": [
                        3.25,
                        7.5,
                        4,
                        8
                    ],
                    "texture": "#1"
                },
                "up": {
                    "uv": [
                        4,
                        6.75,
                        3.25,
                        6
                    ],
                    "texture": "#1"
                },
                "down": {
                    "uv": [
                        5.25,
                        5.5,
                        4.5,
                        6.25
                    ],
                    "texture": "#1"
                }
            }
        },
        {
            "rotation": {
                "origin": [
                    9.5,
                    4,
                    5.5
                ],
                "angle": -45,
                "axis": "y"
            },
            "from": [
                8.5,
                3,
                3.75
            ],
            "to": [
                11.5,
                5,
                6.75
            ],
            "faces": {
                "east": {
                    "uv": [
                        5,
                        7.25,
                        5.75,
                        7.75
                    ],
                    "texture": "#1"
                },
                "south": {
                    "uv": [
                        7.25,
                        5,
                        8,
                        5.5
                    ],
                    "texture": "#1"
                },
                "north": {
                    "uv": [
                        2.5,
                        7.25,
                        3.25,
                        7.75
                    ],
                    "texture": "#1"
                },
                "west": {
                    "uv": [
                        5.75,
                        7.25,
                        6.5,
                        7.75
                    ],
                    "texture": "#1"
                },
                "up": {
                    "uv": [
                        6,
                        6.25,
                        5.25,
                        5.5
                    ],
                    "texture": "#1"
                },
                "down": {
                    "uv": [
                        3.25,
                        5.75,
                        2.5,
                        6.5
                    ],
                    "texture": "#1"
                }
            }
        },
        {
            "from": [
                13,
                1,
                7
            ],
            "to": [
                14,
                14,
                9
            ],
            "faces": {
                "east": {
                    "uv": [
                        0,
                        5,
                        0.5,
                        8.25
                    ],
                    "texture": "#1"
                },
                "south": {
                    "uv": [
                        1.75,
                        5,
                        2,
                        8.25
                    ],
                    "texture": "#1"
                },
                "north": {
                    "uv": [
                        1.5,
                        5,
                        1.75,
                        8.25
                    ],
                    "texture": "#1"
                },
                "west": {
                    "uv": [
                        0,
                        5,
                        0.5,
                        8.25
                    ],
                    "texture": "#1"
                },
                "up": {
                    "uv": [
                        8.5,
                        5,
                        8.25,
                        4.5
                    ],
                    "texture": "#1"
                },
                "down": {
                    "uv": [
                        7,
                        8.25,
                        6.75,
                        8.75
                    ],
                    "texture": "#1"
                }
            }
        },
        {
            "from": [
                14,
                0,
                7
            ],
            "to": [
                15,
                2,
                9
            ],
            "faces": {
                "east": {
                    "uv": [
                        7.75,
                        2.5,
                        8.25,
                        3
                    ],
                    "texture": "#1"
                },
                "south": {
                    "uv": [
                        7,
                        8.25,
                        7.25,
                        8.75
                    ],
                    "texture": "#1"
                },
                "north": {
                    "uv": [
                        8.25,
                        6.75,
                        8.5,
                        7.25
                    ],
                    "texture": "#1"
                },
                "west": {
                    "uv": [
                        7.25,
                        7.75,
                        7.75,
                        8.25
                    ],
                    "texture": "#1"
                },
                "up": {
                    "uv": [
                        7.5,
                        8.75,
                        7.25,
                        8.25
                    ],
                    "texture": "#1"
                },
                "down": {
                    "uv": [
                        7.75,
                        8.25,
                        7.5,
                        8.75
                    ],
                    "texture": "#1"
                }
            }
        },
        {
            "from": [
                2,
                1,
                7
            ],
            "to": [
                3,
                14,
                9
            ],
            "faces": {
                "east": {
                    "uv": [
                        0,
                        5,
                        0.5,
                        8.25
                    ],
                    "texture": "#1"
                },
                "south": {
                    "uv": [
                        2.25,
                        5,
                        2.5,
                        8.25
                    ],
                    "texture": "#1"
                },
                "north": {
                    "uv": [
                        2,
                        5,
                        2.25,
                        8.25
                    ],
                    "texture": "#1"
                },
                "west": {
                    "uv": [
                        1,
                        5,
                        1.5,
                        8.25
                    ],
                    "texture": "#1"
                },
                "up": {
                    "uv": [
                        8,
                        8.75,
                        7.75,
                        8.25
                    ],
                    "texture": "#1"
                },
                "down": {
                    "uv": [
                        8.5,
                        7.75,
                        8.25,
                        8.25
                    ],
                    "texture": "#1"
                }
            }
        },
        {
            "from": [
                1,
                0,
                7
            ],
            "to": [
                2,
                2,
                9
            ],
            "faces": {
                "east": {
                    "uv": [
                        7.25,
                        7.75,
                        7.75,
                        8.25
                    ],
                    "texture": "#1"
                },
                "south": {
                    "uv": [
                        8.25,
                        8.25,
                        8.5,
                        8.75
                    ],
                    "texture": "#1"
                },
                "north": {
                    "uv": [
                        8,
                        8.25,
                        8.25,
                        8.75
                    ],
                    "texture": "#1"
                },
                "west": {
                    "uv": [
                        7.25,
                        7.75,
                        7.75,
                        8.25
                    ],
                    "texture": "#1"
                },
                "up": {
                    "uv": [
                        8.75,
                        0.5,
                        8.5,
                        0
                    ],
                    "texture": "#1"
                },
                "down": {
                    "uv": [
                        8.75,
                        0.5,
                        8.5,
                        1
                    ],
                    "texture": "#1"
                }
            }
        },
        {
            "rotation": {
                "origin": [
                    8.0677,
                    10.7,
                    7.81789
                ],
                "angle": -45,
                "axis": "y"
            },
            "from": [
                4.5,
                10,
                4.5
            ],
            "to": [
                7.5,
                12,
                7.5
            ],
            "faces": {
                "east": {
                    "uv": [
                        7.25,
                        7.25,
                        8,
                        7.75
                    ],
                    "texture": "#1"
                },
                "south": {
                    "uv": [
                        7.5,
                        3,
                        8.25,
                        3.5
                    ],
                    "texture": "#1"
                },
                "north": {
                    "uv": [
                        6.5,
                        7.25,
                        7.25,
                        7.75
                    ],
                    "texture": "#1"
                },
                "west": {
                    "uv": [
                        3.25,
                        7.5,
                        4,
                        8
                    ],
                    "texture": "#1"
                },
                "up": {
                    "uv": [
                        4,
                        6.75,
                        3.25,
                        6
                    ],
                    "texture": "#1"
                },
                "down": {
                    "uv": [
                        6.75,
                        5.5,
                        6,
                        6.25
                    ],
                    "texture": "#1"
                }
            }
        },
        {
            "rotation": {
                "origin": [
                    8.0677,
                    10.7,
                    7.81789
                ],
                "angle": 22.5,
                "axis": "y"
            },
            "from": [
                3.94444,
                10,
                5.20877
            ],
            "to": [
                6.94444,
                12,
                8.20877
            ],
            "faces": {
                "east": {
                    "uv": [
                        4,
                        7.5,
                        4.75,
                        8
                    ],
                    "texture": "#1"
                },
                "south": {
                    "uv": [
                        7.5,
                        4,
                        8.25,
                        4.5
                    ],
                    "texture": "#1"
                },
                "north": {
                    "uv": [
                        7.5,
                        3.5,
                        8.25,
                        4
                    ],
                    "texture": "#1"
                },
                "west": {
                    "uv": [
                        7.5,
                        4.5,
                        8.25,
                        5
                    ],
                    "texture": "#1"
                },
                "up": {
                    "uv": [
                        7,
                        0.75,
                        6.25,
                        0
                    ],
                    "texture": "#1"
                },
                "down": {
                    "uv": [
                        7,
                        0.75,
                        6.25,
                        1.5
                    ],
                    "texture": "#1"
                }
            }
        },
        {
            "rotation": {
                "origin": [
                    8.0677,
                    10.7,
                    7.81789
                ],
                "angle": 0,
                "axis": "y"
            },
            "from": [
                9.46949,
                10,
                6.19169
            ],
            "to": [
                12.46949,
                12,
                9.19169
            ],
            "faces": {
                "east": {
                    "uv": [
                        7.5,
                        6,
                        8.25,
                        6.5
                    ],
                    "texture": "#1"
                },
                "south": {
                    "uv": [
                        7.75,
                        0,
                        8.5,
                        0.5
                    ],
                    "texture": "#1"
                },
                "north": {
                    "uv": [
                        7.5,
                        5.5,
                        8.25,
                        6
                    ],
                    "texture": "#1"
                },
                "west": {
                    "uv": [
                        7.75,
                        0.5,
                        8.5,
                        1
                    ],
                    "texture": "#1"
                },
                "up": {
                    "uv": [
                        7,
                        2.25,
                        6.25,
                        1.5
                    ],
                    "texture": "#1"
                },
                "down": {
                    "uv": [
                        7,
                        2.25,
                        6.25,
                        3
                    ],
                    "texture": "#1"
                }
            }
        },
        {
            "rotation": {
                "origin": [
                    8.0677,
                    10.7,
                    7.81789
                ],
                "angle": -22.5,
                "axis": "y"
            },
            "from": [
                7.92114,
                10,
                8.80276
            ],
            "to": [
                10.92114,
                12,
                11.80276
            ],
            "faces": {
                "east": {
                    "uv": [
                        7.75,
                        1.5,
                        8.5,
                        2
                    ],
                    "texture": "#1"
                },
                "south": {
                    "uv": [
                        7.75,
                        2,
                        8.5,
                        2.5
                    ],
                    "texture": "#1"
                },
                "north": {
                    "uv": [
                        7.75,
                        1,
                        8.5,
                        1.5
                    ],
                    "texture": "#1"
                },
                "west": {
                    "uv": [
                        2.5,
                        7.75,
                        3.25,
                        8.25
                    ],
                    "texture": "#1"
                },
                "up": {
                    "uv": [
                        4.75,
                        7,
                        4,
                        6.25
                    ],
                    "texture": "#1"
                },
                "down": {
                    "uv": [
                        5.5,
                        6.25,
                        4.75,
                        7
                    ],
                    "texture": "#1"
                }
            }
        },
        {
            "rotation": {
                "origin": [
                    8.0677,
                    10.7,
                    7.81789
                ],
                "angle": -45,
                "axis": "y"
            },
            "from": [
                3,
                9,
                3
            ],
            "to": [
                13,
                10,
                13
            ],
            "faces": {
                "east": {
                    "uv": [
                        5,
                        4.25,
                        7.5,
                        4.5
                    ],
                    "texture": "#1"
                },
                "south": {
                    "uv": [
                        5,
                        4.5,
                        7.5,
                        4.75
                    ],
                    "texture": "#1"
                },
                "north": {
                    "uv": [
                        5,
                        4,
                        7.5,
                        4.25
                    ],
                    "texture": "#1"
                },
                "west": {
                    "uv": [
                        5,
                        4.75,
                        7.5,
                        5
                    ],
                    "texture": "#1"
                },
                "up": {
                    "uv": [
                        5,
                        2.5,
                        2.5,
                        0
                    ],
                    "texture": "#1"
                },
                "down": {
                    "uv": [
                        5,
                        2.5,
                        2.5,
                        5
                    ],
                    "texture": "#1"
                }
            }
        },
        {
            "rotation": {
                "origin": [
                    12.5,
                    16,
                    8
                ],
                "angle": 22.5,
                "axis": "z"
            },
            "from": [
                12.1,
                13.5,
                7
            ],
            "to": [
                13.1,
                16.5,
                9
            ],
            "faces": {
                "east": {
                    "uv": [
                        4.75,
                        7.75,
                        5.25,
                        8.5
                    ],
                    "texture": "#1"
                },
                "south": {
                    "uv": [
                        8.25,
                        3,
                        8.5,
                        3.75
                    ],
                    "texture": "#1"
                },
                "north": {
                    "uv": [
                        3,
                        8.25,
                        3.25,
                        9
                    ],
                    "texture": "#1"
                },
                "west": {
                    "uv": [
                        4.75,
                        7.75,
                        5.25,
                        8.5
                    ],
                    "texture": "#1"
                },
                "up": {
                    "uv": [
                        1.25,
                        9,
                        1,
                        8.5
                    ],
                    "texture": "#1"
                },
                "down": {
                    "uv": [
                        8.75,
                        1,
                        8.5,
                        1.5
                    ],
                    "texture": "#1"
                }
            }
        },
        {
            "rotation": {
                "origin": [
                    3.72994,
                    16.3855,
                    8
                ],
                "angle": -22.5,
                "axis": "z"
            },
            "from": [
                3.12994,
                13.3855,
                7
            ],
            "to": [
                4.12994,
                16.3855,
                9
            ],
            "faces": {
                "east": {
                    "uv": [
                        4.75,
                        7.75,
                        5.25,
                        8.5
                    ],
                    "texture": "#1"
                },
                "south": {
                    "uv": [
                        8.25,
                        5.5,
                        8.5,
                        6.25
                    ],
                    "texture": "#1"
                },
                "north": {
                    "uv": [
                        8.25,
                        3.75,
                        8.5,
                        4.5
                    ],
                    "texture": "#1"
                },
                "west": {
                    "uv": [
                        4.75,
                        7.75,
                        5.25,
                        8.5
                    ],
                    "texture": "#1",
                    "rotation": 180
                },
                "up": {
                    "uv": [
                        1.5,
                        9,
                        1.25,
                        8.5
                    ],
                    "texture": "#1"
                },
                "down": {
                    "uv": [
                        1.75,
                        8.5,
                        1.5,
                        9
                    ],
                    "texture": "#1"
                }
            }
        },
        {
            "rotation": {
                "origin": [
                    12.5,
                    16,
                    8
                ],
                "angle": 0,
                "axis": "y"
            },
            "from": [
                5.5,
                17.25,
                7
            ],
            "to": [
                10.5,
                18.25,
                9
            ],
            "faces": {
                "east": {
                    "uv": [
                        4.5,
                        5.25,
                        5,
                        5.5
                    ],
                    "texture": "#1"
                },
                "south": {
                    "uv": [
                        7.5,
                        6.5,
                        8.75,
                        6.75
                    ],
                    "texture": "#1"
                },
                "north": {
                    "uv": [
                        5.5,
                        3,
                        6.75,
                        3.25
                    ],
                    "texture": "#1"
                },
                "west": {
                    "uv": [
                        3.25,
                        5.75,
                        3.75,
                        6
                    ],
                    "texture": "#1"
                },
                "up": {
                    "uv": [
                        6.25,
                        5.5,
                        5,
                        5
                    ],
                    "texture": "#1"
                },
                "down": {
                    "uv": [
                        7.125,
                        5.5,
                        6.25,
                        5
                    ],
                    "texture": "#1"
                }
            }
        },
        {
            "rotation": {
                "origin": [
                    12.11732,
                    16.92388,
                    8
                ],
                "angle": -22.5,
                "axis": "z"
            },
            "from": [
                9.36732,
                16.02388,
                7
            ],
            "to": [
                12.86732,
                17.02388,
                9
            ],
            "faces": {
                "east": {
                    "uv": [
                        4.75,
                        7.75,
                        5.25,
                        8.5
                    ],
                    "texture": "#1"
                },
                "south": {
                    "uv": [
                        2,
                        8.25,
                        2.875,
                        8.5
                    ],
                    "texture": "#1"
                },
                "north": {
                    "uv": [
                        1,
                        8.25,
                        1.875,
                        8.5
                    ],
                    "texture": "#1"
                },
                "west": {
                    "uv": [
                        2.5,
                        6.5,
                        3,
                        6.75
                    ],
                    "texture": "#1"
                },
                "up": {
                    "uv": [
                        7.125,
                        5.5,
                        6.25,
                        5
                    ],
                    "texture": "#1"
                },
                "down": {
                    "uv": [
                        7.125,
                        5.5,
                        6.25,
                        5
                    ],
                    "texture": "#1"
                }
            }
        },
        {
            "rotation": {
                "origin": [
                    3.72994,
                    16.3855,
                    8
                ],
                "angle": 22.5,
                "axis": "z"
            },
            "from": [
                3.37994,
                15.8855,
                7
            ],
            "to": [
                6.87994,
                16.8855,
                9
            ],
            "faces": {
                "east": {
                    "uv": [
                        6.75,
                        3,
                        7.25,
                        3.25
                    ],
                    "texture": "#1"
                },
                "south": {
                    "uv": [
                        8.25,
                        2.75,
                        9.125,
                        3
                    ],
                    "texture": "#1"
                },
                "north": {
                    "uv": [
                        8.25,
                        2.5,
                        9.125,
                        2.75
                    ],
                    "texture": "#1"
                },
                "west": {
                    "uv": [
                        3.5,
                        6.75,
                        4,
                        7
                    ],
                    "texture": "#1"
                },
                "up": {
                    "uv": [
                        7.125,
                        5.5,
                        6.25,
                        5
                    ],
                    "texture": "#1",
                    "rotation": 180
                },
                "down": {
                    "uv": [
                        7.125,
                        5.5,
                        6.25,
                        5
                    ],
                    "texture": "#1"
                }
            }
        },
        {
            "from": [
                7,
                1,
                13
            ],
            "to": [
                9,
                3,
                14
            ],
            "faces": {
                "east": {
                    "uv": [
                        8.25,
                        8.25,
                        8.5,
                        8.75
                    ],
                    "texture": "#1"
                },
                "south": {
                    "uv": [
                        7.25,
                        7.75,
                        7.75,
                        8.25
                    ],
                    "texture": "#1"
                },
                "north": {
                    "uv": [
                        7.75,
                        7.75,
                        8.25,
                        8.25
                    ],
                    "texture": "#1"
                },
                "west": {
                    "uv": [
                        8.25,
                        8.25,
                        8.5,
                        8.75
                    ],
                    "texture": "#1"
                },
                "up": {
                    "uv": [
                        8.75,
                        0.5,
                        8.5,
                        0
                    ],
                    "texture": "#1",
                    "rotation": 90
                },
                "down": {
                    "uv": [
                        5.5,
                        7,
                        5,
                        7.25
                    ],
                    "texture": "#1"
                }
            }
        },
        {
            "from": [
                7,
                0,
                14
            ],
            "to": [
                9,
                2,
                15
            ],
            "faces": {
                "east": {
                    "uv": [
                        8.25,
                        8.25,
                        8.5,
                        8.75
                    ],
                    "texture": "#1"
                },
                "south": {
                    "uv": [
                        7.25,
                        7.75,
                        7.75,
                        8.25
                    ],
                    "texture": "#1"
                },
                "north": {
                    "uv": [
                        7.25,
                        7.75,
                        7.75,
                        8.25
                    ],
                    "texture": "#1"
                },
                "west": {
                    "uv": [
                        8.25,
                        8.25,
                        8.5,
                        8.75
                    ],
                    "texture": "#1"
                },
                "up": {
                    "uv": [
                        8.75,
                        0.5,
                        8.5,
                        0
                    ],
                    "texture": "#1",
                    "rotation": 90
                },
                "down": {
                    "uv": [
                        2.75,
                        8.5,
                        2.25,
                        8.75
                    ],
                    "texture": "#1"
                }
            }
        },
        {
            "from": [
                7,
                1,
                2
            ],
            "to": [
                9,
                3,
                3
            ],
            "faces": {
                "east": {
                    "uv": [
                        8.25,
                        8.25,
                        8.5,
                        8.75
                    ],
                    "texture": "#1"
                },
                "south": {
                    "uv": [
                        8,
                        7.25,
                        8.5,
                        7.75
                    ],
                    "texture": "#1"
                },
                "north": {
                    "uv": [
                        7.25,
                        7.75,
                        7.75,
                        8.25
                    ],
                    "texture": "#1"
                },
                "west": {
                    "uv": [
                        8.25,
                        8.25,
                        8.5,
                        8.75
                    ],
                    "texture": "#1"
                },
                "up": {
                    "uv": [
                        8.75,
                        0.5,
                        8.5,
                        0
                    ],
                    "texture": "#1",
                    "rotation": 90
                },
                "down": {
                    "uv": [
                        9,
                        3.5,
                        8.5,
                        3.75
                    ],
                    "texture": "#1"
                }
            }
        },
        {
            "from": [
                7,
                0,
                1
            ],
            "to": [
                9,
                2,
                2
            ],
            "faces": {
                "east": {
                    "uv": [
                        8.25,
                        8.25,
                        8.5,
                        8.75
                    ],
                    "texture": "#1"
                },
                "south": {
                    "uv": [
                        7.25,
                        7.75,
                        7.75,
                        8.25
                    ],
                    "texture": "#1"
                },
                "north": {
                    "uv": [
                        7.25,
                        7.75,
                        7.75,
                        8.25
                    ],
                    "texture": "#1"
                },
                "west": {
                    "uv": [
                        8.25,
                        8.25,
                        8.5,
                        8.75
                    ],
                    "texture": "#1"
                },
                "up": {
                    "uv": [
                        8.75,
                        0.5,
                        8.5,
                        0
                    ],
                    "texture": "#1",
                    "rotation": 90
                },
                "down": {
                    "uv": [
                        9,
                        4.25,
                        8.5,
                        4.5
                    ],
                    "texture": "#1"
                }
            }
        }
    ],
    "display": {
        "head": {
            "translation": [
                0,
                -14.25,
                0
            ],
            "scale": [
                2.26781,
                2.26781,
                2.26781
            ]
        },
        "firstperson_righthand": {
            "rotation": [
                0,
                1,
                0
            ],
            "translation": [
                0.75,
                4.75,
                0
            ],
            "scale": [
                0.59961,
                0.59961,
                0.59961
            ]
        },
        "thirdperson_lefthand": {
            "rotation": [
                61,
                0,
                0
            ],
            "translation": [
                0.25,
                4.5,
                2.25
            ],
            "scale": [
                0.69141,
                0.69141,
                0.69141
            ]
        },
        "firstperson_lefthand": {
            "rotation": [
                0,
                2,
                0
            ],
            "translation": [
                1,
                4.75,
                0
            ],
            "scale": [
                0.59961,
                0.59961,
                0.59961
            ]
        },
        "thirdperson_righthand": {
            "translation": [
                -8.2,
                -5,
                -2.7
            ],
            "scale": [
                1,
                1,
                1
            ],
            "rotation": [
                75,
                0,
                -10
            ]
        },
        "ground": {
            "translation": [
                0,
                1.25,
                0
            ],
            "scale": [
                0.50977,
                0.50977,
                0.50977
            ]
        },
        "gui": {
            "rotation": [
                17,
                -29,
                0
            ],
            "translation": [
                0,
                -0.5,
                0
            ],
            "scale": [
                0.81055,
                0.81055,
                0.81055
            ]
        },
        "fixed": {
            "rotation": [
                -90,
                0,
                0
            ],
            "translation": [
                0,
                0,
                -13.5
            ],
            "scale": [
                1.82422,
                1.82422,
                1.82422
            ]
        }
    },
    "groups": [{
        "color": 0,
        "children": [
            0,
            1,
            2,
            3,
            4,
            5,
            6,
            7,
            8,
            9,
            10,
            11,
            12,
            13,
            14,
            15,
            16,
            17,
            18,
            19,
            20,
            21,
            22
        ],
        "origin": [
            0,
            0,
            0
        ],
        "name": "macaroons"
    }],
    "credit": "Made with Blockbench"
}